ISO-10303-21;
HEADER;
FILE_DESCRIPTION(('Open CASCADE Model'),'2;1');
FILE_NAME('Open CASCADE Shape Model','2026-07-28T14:37:58',('Author'),(
    'Open CASCADE'),'Open CASCADE STEP processor 7.9','build123d',
  'Unknown');
FILE_SCHEMA(('AUTOMOTIVE_DESIGN { 1 0 10303 214 1 1 1 1 }'));
ENDSEC;
DATA;
#1 = APPLICATION_PROTOCOL_DEFINITION('international standard',
  'automotive_design',2000,#2);
#2 = APPLICATION_CONTEXT(
  'core data for automotive mechanical design processes');
#3 = SHAPE_DEFINITION_REPRESENTATION(#4,#10);
#4 = PRODUCT_DEFINITION_SHAPE('','',#5);
#5 = PRODUCT_DEFINITION('design','',#6,#9);
#6 = PRODUCT_DEFINITION_FORMATION('','',#7);
#7 = PRODUCT('COMPOUND','COMPOUND','',(#8));
#8 = PRODUCT_CONTEXT('',#2,'mechanical');
#9 = PRODUCT_DEFINITION_CONTEXT('part definition',#2,'design');
#10 = SHAPE_REPRESENTATION('',(#11,#15,#113,#125,#137,#235,#247,#259,
    #357,#369,#381,#393,#491,#503,#515,#613,#625,#637,#735,#747,#759,
    #771,#869,#881,#893,#991,#1003,#1015,#1113,#1125,#1137,#1149,#1247,
    #1259,#1271,#1369,#1381,#1393,#1491,#1503,#1515,#1527,#1625,#1637,
    #1649,#1747,#1759,#1771,#1869,#1881,#1893,#1991,#2003,#2015,#2113,
    #2125,#2137,#2235,#2247,#2259,#2271,#2283,#2295,#2307,#2405,#2503,
    #2601,#2699,#2797,#2895,#2993,#3091,#3189,#3287,#3385,#3483,#3581,
    #3679,#3777,#3875,#3973,#4071,#4169,#4267,#4365,#4463,#4561,#4659,
    #4757,#4855,#4953,#5051,#5149,#5247,#5345,#5443,#5541,#5639,#5737,
    #5835,#5933,#6031,#6129,#6227,#6325,#6423,#6521,#6619,#6717,#6815,
    #6913,#7011,#7109,#7121,#7133,#7231,#7243,#7255,#7353,#7365,#7377,
    #7475,#7487,#7499,#7597,#7609,#7621,#7719,#7731,#7743,#7841,#7853,
    #7865,#7963,#7975,#7987,#8085,#8097,#8109,#8207,#8219,#8231,#8329,
    #8341,#8353,#8451,#8463,#8475,#8573,#8585,#8597,#8695,#8707,#8719,
    #8817,#8829,#8841,#8939,#8951,#8963,#9061,#9073,#9085,#9183,#9195,
    #9207,#9305,#9317,#9329,#9427,#9439,#9451,#9549,#9561,#9573,#9671,
    #9683,#9695,#9793,#9805,#9817,#9915,#9927,#9939,#10037,#10049,#10061
    ,#10159,#10171,#10183,#10281,#10293,#10305,#10403,#10415,#10427,
    #10525,#10537,#10549,#10647,#10659,#10671,#10769,#10781,#10793,
    #10891,#10903,#10915,#11013,#11025,#11037,#11135,#11147,#11159,
    #11257,#11269,#11281,#11379,#11391,#11403,#11501,#11513,#11525,
    #11623,#11635,#11647,#11745,#11757,#11769,#11867,#11879,#11891,
    #11989,#12001,#12013,#12111,#12123,#12135,#12233,#12245,#12257,
    #12355,#12367,#12379,#12477,#12489,#12501,#12599,#12611,#12623,
    #12721,#12733,#12745,#12843,#12855,#12867,#12965,#13063,#13161,
    #13259,#13357,#13455,#13553,#13651,#13749,#13847,#13945,#14043,
    #14141,#14239,#14569),#14899);
#11 = AXIS2_PLACEMENT_3D('',#12,#13,#14);
#12 = CARTESIAN_POINT('',(0.,0.,0.));
#13 = DIRECTION('',(0.,0.,1.));
#14 = DIRECTION('',(1.,0.,-0.));
#15 = MANIFOLD_SOLID_BREP('',#16);
#16 = CLOSED_SHELL('',(#17,#105,#109));
#17 = ADVANCED_FACE('',(#18),#31,.T.);
#18 = FACE_BOUND('',#19,.T.);
#19 = EDGE_LOOP('',(#20,#54,#77,#104));
#20 = ORIENTED_EDGE('',*,*,#21,.F.);
#21 = EDGE_CURVE('',#22,#22,#24,.T.);
#22 = VERTEX_POINT('',#23);
#23 = CARTESIAN_POINT('',(112.28659853937,48.,112.85361040862));
#24 = SURFACE_CURVE('',#25,(#30,#42),.PCURVE_S1.);
#25 = CIRCLE('',#26,6.);
#26 = AXIS2_PLACEMENT_3D('',#27,#28,#29);
#27 = CARTESIAN_POINT('',(108.14641302723,48.,117.19628975725));
#28 = DIRECTION('',(-0.72377989144,-0.,-0.69003091869));
#29 = DIRECTION('',(0.69003091869,0.,-0.72377989144));
#30 = PCURVE('',#31,#36);
#31 = CYLINDRICAL_SURFACE('',#32,6.);
#32 = AXIS2_PLACEMENT_3D('',#33,#34,#35);
#33 = CARTESIAN_POINT('',(195.,48.,200.));
#34 = DIRECTION('',(-0.72377989144,0.,-0.69003091869));
#35 = DIRECTION('',(0.69003091869,0.,-0.72377989144));
#36 = DEFINITIONAL_REPRESENTATION('',(#37),#41);
#37 = LINE('',#38,#39);
#38 = CARTESIAN_POINT('',(0.,120.));
#39 = VECTOR('',#40,1.);
#40 = DIRECTION('',(1.,0.));
#41 = ( GEOMETRIC_REPRESENTATION_CONTEXT(2) 
PARAMETRIC_REPRESENTATION_CONTEXT() REPRESENTATION_CONTEXT('2D SPACE',''
  ) );
#42 = PCURVE('',#43,#48);
#43 = PLANE('',#44);
#44 = AXIS2_PLACEMENT_3D('',#45,#46,#47);
#45 = CARTESIAN_POINT('',(108.14641302723,48.,117.19628975725));
#46 = DIRECTION('',(-0.72377989144,0.,-0.69003091869));
#47 = DIRECTION('',(0.69003091869,0.,-0.72377989144));
#48 = DEFINITIONAL_REPRESENTATION('',(#49),#53);
#49 = CIRCLE('',#50,6.);
#50 = AXIS2_PLACEMENT_2D('',#51,#52);
#51 = CARTESIAN_POINT('',(0.,0.));
#52 = DIRECTION('',(1.,0.));
#53 = ( GEOMETRIC_REPRESENTATION_CONTEXT(2) 
PARAMETRIC_REPRESENTATION_CONTEXT() REPRESENTATION_CONTEXT('2D SPACE',''
  ) );
#54 = ORIENTED_EDGE('',*,*,#55,.F.);
#55 = EDGE_CURVE('',#56,#22,#58,.T.);
#56 = VERTEX_POINT('',#57);
#57 = CARTESIAN_POINT('',(199.14018551213,48.,195.65732065136));
#58 = SEAM_CURVE('',#59,(#63,#70),.PCURVE_S1.);
#59 = LINE('',#60,#61);
#60 = CARTESIAN_POINT('',(199.14018551213,48.,195.65732065136));
#61 = VECTOR('',#62,1.);
#62 = DIRECTION('',(-0.72377989144,0.,-0.69003091869));
#63 = PCURVE('',#31,#64);
#64 = DEFINITIONAL_REPRESENTATION('',(#65),#69);
#65 = LINE('',#66,#67);
#66 = CARTESIAN_POINT('',(6.28318530718,-0.));
#67 = VECTOR('',#68,1.);
#68 = DIRECTION('',(0.,1.));
#69 = ( GEOMETRIC_REPRESENTATION_CONTEXT(2) 
PARAMETRIC_REPRESENTATION_CONTEXT() REPRESENTATION_CONTEXT('2D SPACE',''
  ) );
#70 = PCURVE('',#31,#71);
#71 = DEFINITIONAL_REPRESENTATION('',(#72),#76);
#72 = LINE('',#73,#74);
#73 = CARTESIAN_POINT('',(0.,-0.));
#74 = VECTOR('',#75,1.);
#75 = DIRECTION('',(0.,1.));
#76 = ( GEOMETRIC_REPRESENTATION_CONTEXT(2) 
PARAMETRIC_REPRESENTATION_CONTEXT() REPRESENTATION_CONTEXT('2D SPACE',''
  ) );
#77 = ORIENTED_EDGE('',*,*,#78,.T.);
#78 = EDGE_CURVE('',#56,#56,#79,.T.);
#79 = SURFACE_CURVE('',#80,(#85,#92),.PCURVE_S1.);
#80 = CIRCLE('',#81,6.);
#81 = AXIS2_PLACEMENT_3D('',#82,#83,#84);
#82 = CARTESIAN_POINT('',(195.,48.,200.));
#83 = DIRECTION('',(-0.72377989144,-0.,-0.69003091869));
#84 = DIRECTION('',(0.69003091869,0.,-0.72377989144));
#85 = PCURVE('',#31,#86);
#86 = DEFINITIONAL_REPRESENTATION('',(#87),#91);
#87 = LINE('',#88,#89);
#88 = CARTESIAN_POINT('',(0.,0.));
#89 = VECTOR('',#90,1.);
#90 = DIRECTION('',(1.,0.));
#91 = ( GEOMETRIC_REPRESENTATION_CONTEXT(2) 
PARAMETRIC_REPRESENTATION_CONTEXT() REPRESENTATION_CONTEXT('2D SPACE',''
  ) );
#92 = PCURVE('',#93,#98);
#93 = PLANE('',#94);
#94 = AXIS2_PLACEMENT_3D('',#95,#96,#97);
#95 = CARTESIAN_POINT('',(195.,48.,200.));
#96 = DIRECTION('',(-0.72377989144,0.,-0.69003091869));
#97 = DIRECTION('',(0.69003091869,0.,-0.72377989144));
#98 = DEFINITIONAL_REPRESENTATION('',(#99),#103);
#99 = CIRCLE('',#100,6.);
#100 = AXIS2_PLACEMENT_2D('',#101,#102);
#101 = CARTESIAN_POINT('',(0.,0.));
#102 = DIRECTION('',(1.,0.));
#103 = ( GEOMETRIC_REPRESENTATION_CONTEXT(2) 
PARAMETRIC_REPRESENTATION_CONTEXT() REPRESENTATION_CONTEXT('2D SPACE',''
  ) );
#104 = ORIENTED_EDGE('',*,*,#55,.T.);
#105 = ADVANCED_FACE('',(#106),#43,.T.);
#106 = FACE_BOUND('',#107,.T.);
#107 = EDGE_LOOP('',(#108));
#108 = ORIENTED_EDGE('',*,*,#21,.T.);
#109 = ADVANCED_FACE('',(#110),#93,.F.);
#110 = FACE_BOUND('',#111,.T.);
#111 = EDGE_LOOP('',(#112));
#112 = ORIENTED_EDGE('',*,*,#78,.F.);
#113 = MANIFOLD_SOLID_BREP('',#114);
#114 = CLOSED_SHELL('',(#115));
#115 = ADVANCED_FACE('',(#116),#120,.T.);
#116 = FACE_BOUND('',#117,.T.);
#117 = VERTEX_LOOP('',#118);
#118 = VERTEX_POINT('',#119);
#119 = CARTESIAN_POINT('',(195.,48.,194.));
#120 = SPHERICAL_SURFACE('',#121,6.);
#121 = AXIS2_PLACEMENT_3D('',#122,#123,#124);
#122 = CARTESIAN_POINT('',(195.,48.,200.));
#123 = DIRECTION('',(0.,0.,1.));
#124 = DIRECTION('',(1.,0.,-0.));
#125 = MANIFOLD_SOLID_BREP('',#126);
#126 = CLOSED_SHELL('',(#127));
#127 = ADVANCED_FACE('',(#128),#132,.T.);
#128 = FACE_BOUND('',#129,.T.);
#129 = VERTEX_LOOP('',#130);
#130 = VERTEX_POINT('',#131);
#131 = CARTESIAN_POINT('',(108.14641302723,48.,111.19628975725));
#132 = SPHERICAL_SURFACE('',#133,6.);
#133 = AXIS2_PLACEMENT_3D('',#134,#135,#136);
#134 = CARTESIAN_POINT('',(108.14641302723,48.,117.19628975725));
#135 = DIRECTION('',(0.,0.,1.));
#136 = DIRECTION('',(1.,0.,-0.));
#137 = MANIFOLD_SOLID_BREP('',#138);
#138 = CLOSED_SHELL('',(#139,#227,#231));
#139 = ADVANCED_FACE('',(#140),#153,.T.);
#140 = FACE_BOUND('',#141,.T.);
#141 = EDGE_LOOP('',(#142,#176,#199,#226));
#142 = ORIENTED_EDGE('',*,*,#143,.F.);
#143 = EDGE_CURVE('',#144,#144,#146,.T.);
#144 = VERTEX_POINT('',#145);
#145 = CARTESIAN_POINT('',(161.31307432474,48.,9.449799668364));
#146 = SURFACE_CURVE('',#147,(#152,#164),.PCURVE_S1.);
#147 = CIRCLE('',#148,6.);
#148 = AXIS2_PLACEMENT_3D('',#149,#150,#151);
#149 = CARTESIAN_POINT('',(166.55437891446,48.,12.370197962726));
#150 = DIRECTION('',(0.48673304906,0.,-0.873550764954));
#151 = DIRECTION('',(-0.873550764954,0.,-0.48673304906));
#152 = PCURVE('',#153,#158);
#153 = CYLINDRICAL_SURFACE('',#154,6.);
#154 = AXIS2_PLACEMENT_3D('',#155,#156,#157);
#155 = CARTESIAN_POINT('',(108.14641302723,48.,117.19628975725));
#156 = DIRECTION('',(0.48673304906,0.,-0.873550764954));
#157 = DIRECTION('',(-0.873550764954,0.,-0.48673304906));
#158 = DEFINITIONAL_REPRESENTATION('',(#159),#163);
#159 = LINE('',#160,#161);
#160 = CARTESIAN_POINT('',(0.,120.));
#161 = VECTOR('',#162,1.);
#162 = DIRECTION('',(1.,0.));
#163 = ( GEOMETRIC_REPRESENTATION_CONTEXT(2) 
PARAMETRIC_REPRESENTATION_CONTEXT() REPRESENTATION_CONTEXT('2D SPACE',''
  ) );
#164 = PCURVE('',#165,#170);
#165 = PLANE('',#166);
#166 = AXIS2_PLACEMENT_3D('',#167,#168,#169);
#167 = CARTESIAN_POINT('',(166.55437891446,48.,12.370197962726));
#168 = DIRECTION('',(0.48673304906,0.,-0.873550764954));
#169 = DIRECTION('',(-0.873550764954,0.,-0.48673304906));
#170 = DEFINITIONAL_REPRESENTATION('',(#171),#175);
#171 = CIRCLE('',#172,6.);
#172 = AXIS2_PLACEMENT_2D('',#173,#174);
#173 = CARTESIAN_POINT('',(0.,0.));
#174 = DIRECTION('',(1.,0.));
#175 = ( GEOMETRIC_REPRESENTATION_CONTEXT(2) 
PARAMETRIC_REPRESENTATION_CONTEXT() REPRESENTATION_CONTEXT('2D SPACE',''
  ) );
#176 = ORIENTED_EDGE('',*,*,#177,.F.);
#177 = EDGE_CURVE('',#178,#144,#180,.T.);
#178 = VERTEX_POINT('',#179);
#179 = CARTESIAN_POINT('',(102.9051084375,48.,114.27589146289));
#180 = SEAM_CURVE('',#181,(#185,#192),.PCURVE_S1.);
#181 = LINE('',#182,#183);
#182 = CARTESIAN_POINT('',(102.9051084375,48.,114.27589146289));
#183 = VECTOR('',#184,1.);
#184 = DIRECTION('',(0.48673304906,0.,-0.873550764954));
#185 = PCURVE('',#153,#186);
#186 = DEFINITIONAL_REPRESENTATION('',(#187),#191);
#187 = LINE('',#188,#189);
#188 = CARTESIAN_POINT('',(6.28318530718,-0.));
#189 = VECTOR('',#190,1.);
#190 = DIRECTION('',(0.,1.));
#191 = ( GEOMETRIC_REPRESENTATION_CONTEXT(2) 
PARAMETRIC_REPRESENTATION_CONTEXT() REPRESENTATION_CONTEXT('2D SPACE',''
  ) );
#192 = PCURVE('',#153,#193);
#193 = DEFINITIONAL_REPRESENTATION('',(#194),#198);
#194 = LINE('',#195,#196);
#195 = CARTESIAN_POINT('',(0.,-0.));
#196 = VECTOR('',#197,1.);
#197 = DIRECTION('',(0.,1.));
#198 = ( GEOMETRIC_REPRESENTATION_CONTEXT(2) 
PARAMETRIC_REPRESENTATION_CONTEXT() REPRESENTATION_CONTEXT('2D SPACE',''
  ) );
#199 = ORIENTED_EDGE('',*,*,#200,.T.);
#200 = EDGE_CURVE('',#178,#178,#201,.T.);
#201 = SURFACE_CURVE('',#202,(#207,#214),.PCURVE_S1.);
#202 = CIRCLE('',#203,6.);
#203 = AXIS2_PLACEMENT_3D('',#204,#205,#206);
#204 = CARTESIAN_POINT('',(108.14641302723,48.,117.19628975725));
#205 = DIRECTION('',(0.48673304906,0.,-0.873550764954));
#206 = DIRECTION('',(-0.873550764954,0.,-0.48673304906));
#207 = PCURVE('',#153,#208);
#208 = DEFINITIONAL_REPRESENTATION('',(#209),#213);
#209 = LINE('',#210,#211);
#210 = CARTESIAN_POINT('',(0.,0.));
#211 = VECTOR('',#212,1.);
#212 = DIRECTION('',(1.,0.));
#213 = ( GEOMETRIC_REPRESENTATION_CONTEXT(2) 
PARAMETRIC_REPRESENTATION_CONTEXT() REPRESENTATION_CONTEXT('2D SPACE',''
  ) );
#214 = PCURVE('',#215,#220);
#215 = PLANE('',#216);
#216 = AXIS2_PLACEMENT_3D('',#217,#218,#219);
#217 = CARTESIAN_POINT('',(108.14641302723,48.,117.19628975725));
#218 = DIRECTION('',(0.48673304906,0.,-0.873550764954));
#219 = DIRECTION('',(-0.873550764954,0.,-0.48673304906));
#220 = DEFINITIONAL_REPRESENTATION('',(#221),#225);
#221 = CIRCLE('',#222,6.);
#222 = AXIS2_PLACEMENT_2D('',#223,#224);
#223 = CARTESIAN_POINT('',(0.,0.));
#224 = DIRECTION('',(1.,0.));
#225 = ( GEOMETRIC_REPRESENTATION_CONTEXT(2) 
PARAMETRIC_REPRESENTATION_CONTEXT() REPRESENTATION_CONTEXT('2D SPACE',''
  ) );
#226 = ORIENTED_EDGE('',*,*,#177,.T.);
#227 = ADVANCED_FACE('',(#228),#165,.T.);
#228 = FACE_BOUND('',#229,.T.);
#229 = EDGE_LOOP('',(#230));
#230 = ORIENTED_EDGE('',*,*,#143,.T.);
#231 = ADVANCED_FACE('',(#232),#215,.F.);
#232 = FACE_BOUND('',#233,.T.);
#233 = EDGE_LOOP('',(#234));
#234 = ORIENTED_EDGE('',*,*,#200,.F.);
#235 = MANIFOLD_SOLID_BREP('',#236);
#236 = CLOSED_SHELL('',(#237));
#237 = ADVANCED_FACE('',(#238),#242,.T.);
#238 = FACE_BOUND('',#239,.T.);
#239 = VERTEX_LOOP('',#240);
#240 = VERTEX_POINT('',#241);
#241 = CARTESIAN_POINT('',(108.14641302723,48.,111.19628975725));
#242 = SPHERICAL_SURFACE('',#243,6.);
#243 = AXIS2_PLACEMENT_3D('',#244,#245,#246);
#244 = CARTESIAN_POINT('',(108.14641302723,48.,117.19628975725));
#245 = DIRECTION('',(0.,0.,1.));
#246 = DIRECTION('',(1.,0.,-0.));
#247 = MANIFOLD_SOLID_BREP('',#248);
#248 = CLOSED_SHELL('',(#249));
#249 = ADVANCED_FACE('',(#250),#254,.T.);
#250 = FACE_BOUND('',#251,.T.);
#251 = VERTEX_LOOP('',#252);
#252 = VERTEX_POINT('',#253);
#253 = CARTESIAN_POINT('',(166.55437891446,48.,6.370197962726));
#254 = SPHERICAL_SURFACE('',#255,6.);
#255 = AXIS2_PLACEMENT_3D('',#256,#257,#258);
#256 = CARTESIAN_POINT('',(166.55437891446,48.,12.370197962726));
#257 = DIRECTION('',(0.,0.,1.));
#258 = DIRECTION('',(1.,0.,-0.));
#259 = MANIFOLD_SOLID_BREP('',#260);
#260 = CLOSED_SHELL('',(#261,#349,#353));
#261 = ADVANCED_FACE('',(#262),#275,.T.);
#262 = FACE_BOUND('',#263,.T.);
#263 = EDGE_LOOP('',(#264,#298,#321,#348));
#264 = ORIENTED_EDGE('',*,*,#265,.F.);
#265 = EDGE_CURVE('',#266,#266,#268,.T.);
#266 = VERTEX_POINT('',#267);
#267 = CARTESIAN_POINT('',(216.48442375552,48.,5.813474530264));
#268 = SURFACE_CURVE('',#269,(#274,#286),.PCURVE_S1.);
#269 = CIRCLE('',#270,6.);
#270 = AXIS2_PLACEMENT_3D('',#271,#272,#273);
#271 = CARTESIAN_POINT('',(215.,48.,-1.7763568394E-15));
#272 = DIRECTION('',(0.968912421711,0.,-0.247403959255));
#273 = DIRECTION('',(0.247403959255,0.,0.968912421711));
#274 = PCURVE('',#275,#280);
#275 = CYLINDRICAL_SURFACE('',#276,6.);
#276 = AXIS2_PLACEMENT_3D('',#277,#278,#279);
#277 = CARTESIAN_POINT('',(166.55437891446,48.,12.370197962726));
#278 = DIRECTION('',(0.968912421711,0.,-0.247403959255));
#279 = DIRECTION('',(0.247403959255,0.,0.968912421711));
#280 = DEFINITIONAL_REPRESENTATION('',(#281),#285);
#281 = LINE('',#282,#283);
#282 = CARTESIAN_POINT('',(0.,50.));
#283 = VECTOR('',#284,1.);
#284 = DIRECTION('',(1.,0.));
#285 = ( GEOMETRIC_REPRESENTATION_CONTEXT(2) 
PARAMETRIC_REPRESENTATION_CONTEXT() REPRESENTATION_CONTEXT('2D SPACE',''
  ) );
#286 = PCURVE('',#287,#292);
#287 = PLANE('',#288);
#288 = AXIS2_PLACEMENT_3D('',#289,#290,#291);
#289 = CARTESIAN_POINT('',(215.,48.,-1.7763568394E-15));
#290 = DIRECTION('',(0.968912421711,0.,-0.247403959255));
#291 = DIRECTION('',(0.247403959255,0.,0.968912421711));
#292 = DEFINITIONAL_REPRESENTATION('',(#293),#297);
#293 = CIRCLE('',#294,6.);
#294 = AXIS2_PLACEMENT_2D('',#295,#296);
#295 = CARTESIAN_POINT('',(0.,0.));
#296 = DIRECTION('',(1.,0.));
#297 = ( GEOMETRIC_REPRESENTATION_CONTEXT(2) 
PARAMETRIC_REPRESENTATION_CONTEXT() REPRESENTATION_CONTEXT('2D SPACE',''
  ) );
#298 = ORIENTED_EDGE('',*,*,#299,.F.);
#299 = EDGE_CURVE('',#300,#266,#302,.T.);
#300 = VERTEX_POINT('',#301);
#301 = CARTESIAN_POINT('',(168.03880266999,48.,18.18367249299));
#302 = SEAM_CURVE('',#303,(#307,#314),.PCURVE_S1.);
#303 = LINE('',#304,#305);
#304 = CARTESIAN_POINT('',(168.03880266999,48.,18.18367249299));
#305 = VECTOR('',#306,1.);
#306 = DIRECTION('',(0.968912421711,0.,-0.247403959255));
#307 = PCURVE('',#275,#308);
#308 = DEFINITIONAL_REPRESENTATION('',(#309),#313);
#309 = LINE('',#310,#311);
#310 = CARTESIAN_POINT('',(6.28318530718,-0.));
#311 = VECTOR('',#312,1.);
#312 = DIRECTION('',(0.,1.));
#313 = ( GEOMETRIC_REPRESENTATION_CONTEXT(2) 
PARAMETRIC_REPRESENTATION_CONTEXT() REPRESENTATION_CONTEXT('2D SPACE',''
  ) );
#314 = PCURVE('',#275,#315);
#315 = DEFINITIONAL_REPRESENTATION('',(#316),#320);
#316 = LINE('',#317,#318);
#317 = CARTESIAN_POINT('',(0.,-0.));
#318 = VECTOR('',#319,1.);
#319 = DIRECTION('',(0.,1.));
#320 = ( GEOMETRIC_REPRESENTATION_CONTEXT(2) 
PARAMETRIC_REPRESENTATION_CONTEXT() REPRESENTATION_CONTEXT('2D SPACE',''
  ) );
#321 = ORIENTED_EDGE('',*,*,#322,.T.);
#322 = EDGE_CURVE('',#300,#300,#323,.T.);
#323 = SURFACE_CURVE('',#324,(#329,#336),.PCURVE_S1.);
#324 = CIRCLE('',#325,6.);
#325 = AXIS2_PLACEMENT_3D('',#326,#327,#328);
#326 = CARTESIAN_POINT('',(166.55437891446,48.,12.370197962726));
#327 = DIRECTION('',(0.968912421711,0.,-0.247403959255));
#328 = DIRECTION('',(0.247403959255,0.,0.968912421711));
#329 = PCURVE('',#275,#330);
#330 = DEFINITIONAL_REPRESENTATION('',(#331),#335);
#331 = LINE('',#332,#333);
#332 = CARTESIAN_POINT('',(0.,0.));
#333 = VECTOR('',#334,1.);
#334 = DIRECTION('',(1.,0.));
#335 = ( GEOMETRIC_REPRESENTATION_CONTEXT(2) 
PARAMETRIC_REPRESENTATION_CONTEXT() REPRESENTATION_CONTEXT('2D SPACE',''
  ) );
#336 = PCURVE('',#337,#342);
#337 = PLANE('',#338);
#338 = AXIS2_PLACEMENT_3D('',#339,#340,#341);
#339 = CARTESIAN_POINT('',(166.55437891446,48.,12.370197962726));
#340 = DIRECTION('',(0.968912421711,0.,-0.247403959255));
#341 = DIRECTION('',(0.247403959255,0.,0.968912421711));
#342 = DEFINITIONAL_REPRESENTATION('',(#343),#347);
#343 = CIRCLE('',#344,6.);
#344 = AXIS2_PLACEMENT_2D('',#345,#346);
#345 = CARTESIAN_POINT('',(0.,0.));
#346 = DIRECTION('',(1.,0.));
#347 = ( GEOMETRIC_REPRESENTATION_CONTEXT(2) 
PARAMETRIC_REPRESENTATION_CONTEXT() REPRESENTATION_CONTEXT('2D SPACE',''
  ) );
#348 = ORIENTED_EDGE('',*,*,#299,.T.);
#349 = ADVANCED_FACE('',(#350),#287,.T.);
#350 = FACE_BOUND('',#351,.T.);
#351 = EDGE_LOOP('',(#352));
#352 = ORIENTED_EDGE('',*,*,#265,.T.);
#353 = ADVANCED_FACE('',(#354),#337,.F.);
#354 = FACE_BOUND('',#355,.T.);
#355 = EDGE_LOOP('',(#356));
#356 = ORIENTED_EDGE('',*,*,#322,.F.);
#357 = MANIFOLD_SOLID_BREP('',#358);
#358 = CLOSED_SHELL('',(#359));
#359 = ADVANCED_FACE('',(#360),#364,.T.);
#360 = FACE_BOUND('',#361,.T.);
#361 = VERTEX_LOOP('',#362);
#362 = VERTEX_POINT('',#363);
#363 = CARTESIAN_POINT('',(166.55437891446,48.,6.370197962726));
#364 = SPHERICAL_SURFACE('',#365,6.);
#365 = AXIS2_PLACEMENT_3D('',#366,#367,#368);
#366 = CARTESIAN_POINT('',(166.55437891446,48.,12.370197962726));
#367 = DIRECTION('',(0.,0.,1.));
#368 = DIRECTION('',(1.,0.,-0.));
#369 = MANIFOLD_SOLID_BREP('',#370);
#370 = CLOSED_SHELL('',(#371));
#371 = ADVANCED_FACE('',(#372),#376,.T.);
#372 = FACE_BOUND('',#373,.T.);
#373 = VERTEX_LOOP('',#374);
#374 = VERTEX_POINT('',#375);
#375 = CARTESIAN_POINT('',(215.,48.,-6.));
#376 = SPHERICAL_SURFACE('',#377,6.);
#377 = AXIS2_PLACEMENT_3D('',#378,#379,#380);
#378 = CARTESIAN_POINT('',(215.,48.,0.));
#379 = DIRECTION('',(0.,0.,1.));
#380 = DIRECTION('',(1.,0.,-0.));
#381 = MANIFOLD_SOLID_BREP('',#382);
#382 = CLOSED_SHELL('',(#383));
#383 = ADVANCED_FACE('',(#384),#388,.T.);
#384 = FACE_BOUND('',#385,.T.);
#385 = VERTEX_LOOP('',#386);
#386 = VERTEX_POINT('',#387);
#387 = CARTESIAN_POINT('',(195.,48.,191.6));
#388 = SPHERICAL_SURFACE('',#389,8.4);
#389 = AXIS2_PLACEMENT_3D('',#390,#391,#392);
#390 = CARTESIAN_POINT('',(195.,48.,200.));
#391 = DIRECTION('',(0.,0.,1.));
#392 = DIRECTION('',(1.,0.,-0.));
#393 = MANIFOLD_SOLID_BREP('',#394);
#394 = CLOSED_SHELL('',(#395,#483,#487));
#395 = ADVANCED_FACE('',(#396),#409,.T.);
#396 = FACE_BOUND('',#397,.T.);
#397 = EDGE_LOOP('',(#398,#432,#455,#482));
#398 = ORIENTED_EDGE('',*,*,#399,.F.);
#399 = EDGE_CURVE('',#400,#400,#402,.T.);
#400 = VERTEX_POINT('',#401);
#401 = CARTESIAN_POINT('',(112.28659853937,-48.,112.85361040862));
#402 = SURFACE_CURVE('',#403,(#408,#420),.PCURVE_S1.);
#403 = CIRCLE('',#404,6.);
#404 = AXIS2_PLACEMENT_3D('',#405,#406,#407);
#405 = CARTESIAN_POINT('',(108.14641302723,-48.,117.19628975725));
#406 = DIRECTION('',(-0.72377989144,-0.,-0.69003091869));
#407 = DIRECTION('',(0.69003091869,0.,-0.72377989144));
#408 = PCURVE('',#409,#414);
#409 = CYLINDRICAL_SURFACE('',#410,6.);
#410 = AXIS2_PLACEMENT_3D('',#411,#412,#413);
#411 = CARTESIAN_POINT('',(195.,-48.,200.));
#412 = DIRECTION('',(-0.72377989144,0.,-0.69003091869));
#413 = DIRECTION('',(0.69003091869,0.,-0.72377989144));
#414 = DEFINITIONAL_REPRESENTATION('',(#415),#419);
#415 = LINE('',#416,#417);
#416 = CARTESIAN_POINT('',(0.,120.));
#417 = VECTOR('',#418,1.);
#418 = DIRECTION('',(1.,0.));
#419 = ( GEOMETRIC_REPRESENTATION_CONTEXT(2) 
PARAMETRIC_REPRESENTATION_CONTEXT() REPRESENTATION_CONTEXT('2D SPACE',''
  ) );
#420 = PCURVE('',#421,#426);
#421 = PLANE('',#422);
#422 = AXIS2_PLACEMENT_3D('',#423,#424,#425);
#423 = CARTESIAN_POINT('',(108.14641302723,-48.,117.19628975725));
#424 = DIRECTION('',(-0.72377989144,0.,-0.69003091869));
#425 = DIRECTION('',(0.69003091869,0.,-0.72377989144));
#426 = DEFINITIONAL_REPRESENTATION('',(#427),#431);
#427 = CIRCLE('',#428,6.);
#428 = AXIS2_PLACEMENT_2D('',#429,#430);
#429 = CARTESIAN_POINT('',(0.,0.));
#430 = DIRECTION('',(1.,0.));
#431 = ( GEOMETRIC_REPRESENTATION_CONTEXT(2) 
PARAMETRIC_REPRESENTATION_CONTEXT() REPRESENTATION_CONTEXT('2D SPACE',''
  ) );
#432 = ORIENTED_EDGE('',*,*,#433,.F.);
#433 = EDGE_CURVE('',#434,#400,#436,.T.);
#434 = VERTEX_POINT('',#435);
#435 = CARTESIAN_POINT('',(199.14018551213,-48.,195.65732065136));
#436 = SEAM_CURVE('',#437,(#441,#448),.PCURVE_S1.);
#437 = LINE('',#438,#439);
#438 = CARTESIAN_POINT('',(199.14018551213,-48.,195.65732065136));
#439 = VECTOR('',#440,1.);
#440 = DIRECTION('',(-0.72377989144,0.,-0.69003091869));
#441 = PCURVE('',#409,#442);
#442 = DEFINITIONAL_REPRESENTATION('',(#443),#447);
#443 = LINE('',#444,#445);
#444 = CARTESIAN_POINT('',(6.28318530718,-0.));
#445 = VECTOR('',#446,1.);
#446 = DIRECTION('',(0.,1.));
#447 = ( GEOMETRIC_REPRESENTATION_CONTEXT(2) 
PARAMETRIC_REPRESENTATION_CONTEXT() REPRESENTATION_CONTEXT('2D SPACE',''
  ) );
#448 = PCURVE('',#409,#449);
#449 = DEFINITIONAL_REPRESENTATION('',(#450),#454);
#450 = LINE('',#451,#452);
#451 = CARTESIAN_POINT('',(0.,-0.));
#452 = VECTOR('',#453,1.);
#453 = DIRECTION('',(0.,1.));
#454 = ( GEOMETRIC_REPRESENTATION_CONTEXT(2) 
PARAMETRIC_REPRESENTATION_CONTEXT() REPRESENTATION_CONTEXT('2D SPACE',''
  ) );
#455 = ORIENTED_EDGE('',*,*,#456,.T.);
#456 = EDGE_CURVE('',#434,#434,#457,.T.);
#457 = SURFACE_CURVE('',#458,(#463,#470),.PCURVE_S1.);
#458 = CIRCLE('',#459,6.);
#459 = AXIS2_PLACEMENT_3D('',#460,#461,#462);
#460 = CARTESIAN_POINT('',(195.,-48.,200.));
#461 = DIRECTION('',(-0.72377989144,-0.,-0.69003091869));
#462 = DIRECTION('',(0.69003091869,0.,-0.72377989144));
#463 = PCURVE('',#409,#464);
#464 = DEFINITIONAL_REPRESENTATION('',(#465),#469);
#465 = LINE('',#466,#467);
#466 = CARTESIAN_POINT('',(0.,0.));
#467 = VECTOR('',#468,1.);
#468 = DIRECTION('',(1.,0.));
#469 = ( GEOMETRIC_REPRESENTATION_CONTEXT(2) 
PARAMETRIC_REPRESENTATION_CONTEXT() REPRESENTATION_CONTEXT('2D SPACE',''
  ) );
#470 = PCURVE('',#471,#476);
#471 = PLANE('',#472);
#472 = AXIS2_PLACEMENT_3D('',#473,#474,#475);
#473 = CARTESIAN_POINT('',(195.,-48.,200.));
#474 = DIRECTION('',(-0.72377989144,0.,-0.69003091869));
#475 = DIRECTION('',(0.69003091869,0.,-0.72377989144));
#476 = DEFINITIONAL_REPRESENTATION('',(#477),#481);
#477 = CIRCLE('',#478,6.);
#478 = AXIS2_PLACEMENT_2D('',#479,#480);
#479 = CARTESIAN_POINT('',(0.,0.));
#480 = DIRECTION('',(1.,0.));
#481 = ( GEOMETRIC_REPRESENTATION_CONTEXT(2) 
PARAMETRIC_REPRESENTATION_CONTEXT() REPRESENTATION_CONTEXT('2D SPACE',''
  ) );
#482 = ORIENTED_EDGE('',*,*,#433,.T.);
#483 = ADVANCED_FACE('',(#484),#421,.T.);
#484 = FACE_BOUND('',#485,.T.);
#485 = EDGE_LOOP('',(#486));
#486 = ORIENTED_EDGE('',*,*,#399,.T.);
#487 = ADVANCED_FACE('',(#488),#471,.F.);
#488 = FACE_BOUND('',#489,.T.);
#489 = EDGE_LOOP('',(#490));
#490 = ORIENTED_EDGE('',*,*,#456,.F.);
#491 = MANIFOLD_SOLID_BREP('',#492);
#492 = CLOSED_SHELL('',(#493));
#493 = ADVANCED_FACE('',(#494),#498,.T.);
#494 = FACE_BOUND('',#495,.T.);
#495 = VERTEX_LOOP('',#496);
#496 = VERTEX_POINT('',#497);
#497 = CARTESIAN_POINT('',(195.,-48.,194.));
#498 = SPHERICAL_SURFACE('',#499,6.);
#499 = AXIS2_PLACEMENT_3D('',#500,#501,#502);
#500 = CARTESIAN_POINT('',(195.,-48.,200.));
#501 = DIRECTION('',(0.,0.,1.));
#502 = DIRECTION('',(1.,0.,-0.));
#503 = MANIFOLD_SOLID_BREP('',#504);
#504 = CLOSED_SHELL('',(#505));
#505 = ADVANCED_FACE('',(#506),#510,.T.);
#506 = FACE_BOUND('',#507,.T.);
#507 = VERTEX_LOOP('',#508);
#508 = VERTEX_POINT('',#509);
#509 = CARTESIAN_POINT('',(108.14641302723,-48.,111.19628975725));
#510 = SPHERICAL_SURFACE('',#511,6.);
#511 = AXIS2_PLACEMENT_3D('',#512,#513,#514);
#512 = CARTESIAN_POINT('',(108.14641302723,-48.,117.19628975725));
#513 = DIRECTION('',(0.,0.,1.));
#514 = DIRECTION('',(1.,0.,-0.));
#515 = MANIFOLD_SOLID_BREP('',#516);
#516 = CLOSED_SHELL('',(#517,#605,#609));
#517 = ADVANCED_FACE('',(#518),#531,.T.);
#518 = FACE_BOUND('',#519,.T.);
#519 = EDGE_LOOP('',(#520,#554,#577,#604));
#520 = ORIENTED_EDGE('',*,*,#521,.F.);
#521 = EDGE_CURVE('',#522,#522,#524,.T.);
#522 = VERTEX_POINT('',#523);
#523 = CARTESIAN_POINT('',(161.31307432474,-48.,9.449799668364));
#524 = SURFACE_CURVE('',#525,(#530,#542),.PCURVE_S1.);
#525 = CIRCLE('',#526,6.);
#526 = AXIS2_PLACEMENT_3D('',#527,#528,#529);
#527 = CARTESIAN_POINT('',(166.55437891446,-48.,12.370197962726));
#528 = DIRECTION('',(0.48673304906,0.,-0.873550764954));
#529 = DIRECTION('',(-0.873550764954,0.,-0.48673304906));
#530 = PCURVE('',#531,#536);
#531 = CYLINDRICAL_SURFACE('',#532,6.);
#532 = AXIS2_PLACEMENT_3D('',#533,#534,#535);
#533 = CARTESIAN_POINT('',(108.14641302723,-48.,117.19628975725));
#534 = DIRECTION('',(0.48673304906,0.,-0.873550764954));
#535 = DIRECTION('',(-0.873550764954,0.,-0.48673304906));
#536 = DEFINITIONAL_REPRESENTATION('',(#537),#541);
#537 = LINE('',#538,#539);
#538 = CARTESIAN_POINT('',(0.,120.));
#539 = VECTOR('',#540,1.);
#540 = DIRECTION('',(1.,0.));
#541 = ( GEOMETRIC_REPRESENTATION_CONTEXT(2) 
PARAMETRIC_REPRESENTATION_CONTEXT() REPRESENTATION_CONTEXT('2D SPACE',''
  ) );
#542 = PCURVE('',#543,#548);
#543 = PLANE('',#544);
#544 = AXIS2_PLACEMENT_3D('',#545,#546,#547);
#545 = CARTESIAN_POINT('',(166.55437891446,-48.,12.370197962726));
#546 = DIRECTION('',(0.48673304906,0.,-0.873550764954));
#547 = DIRECTION('',(-0.873550764954,0.,-0.48673304906));
#548 = DEFINITIONAL_REPRESENTATION('',(#549),#553);
#549 = CIRCLE('',#550,6.);
#550 = AXIS2_PLACEMENT_2D('',#551,#552);
#551 = CARTESIAN_POINT('',(0.,0.));
#552 = DIRECTION('',(1.,0.));
#553 = ( GEOMETRIC_REPRESENTATION_CONTEXT(2) 
PARAMETRIC_REPRESENTATION_CONTEXT() REPRESENTATION_CONTEXT('2D SPACE',''
  ) );
#554 = ORIENTED_EDGE('',*,*,#555,.F.);
#555 = EDGE_CURVE('',#556,#522,#558,.T.);
#556 = VERTEX_POINT('',#557);
#557 = CARTESIAN_POINT('',(102.9051084375,-48.,114.27589146289));
#558 = SEAM_CURVE('',#559,(#563,#570),.PCURVE_S1.);
#559 = LINE('',#560,#561);
#560 = CARTESIAN_POINT('',(102.9051084375,-48.,114.27589146289));
#561 = VECTOR('',#562,1.);
#562 = DIRECTION('',(0.48673304906,0.,-0.873550764954));
#563 = PCURVE('',#531,#564);
#564 = DEFINITIONAL_REPRESENTATION('',(#565),#569);
#565 = LINE('',#566,#567);
#566 = CARTESIAN_POINT('',(6.28318530718,-0.));
#567 = VECTOR('',#568,1.);
#568 = DIRECTION('',(0.,1.));
#569 = ( GEOMETRIC_REPRESENTATION_CONTEXT(2) 
PARAMETRIC_REPRESENTATION_CONTEXT() REPRESENTATION_CONTEXT('2D SPACE',''
  ) );
#570 = PCURVE('',#531,#571);
#571 = DEFINITIONAL_REPRESENTATION('',(#572),#576);
#572 = LINE('',#573,#574);
#573 = CARTESIAN_POINT('',(0.,-0.));
#574 = VECTOR('',#575,1.);
#575 = DIRECTION('',(0.,1.));
#576 = ( GEOMETRIC_REPRESENTATION_CONTEXT(2) 
PARAMETRIC_REPRESENTATION_CONTEXT() REPRESENTATION_CONTEXT('2D SPACE',''
  ) );
#577 = ORIENTED_EDGE('',*,*,#578,.T.);
#578 = EDGE_CURVE('',#556,#556,#579,.T.);
#579 = SURFACE_CURVE('',#580,(#585,#592),.PCURVE_S1.);
#580 = CIRCLE('',#581,6.);
#581 = AXIS2_PLACEMENT_3D('',#582,#583,#584);
#582 = CARTESIAN_POINT('',(108.14641302723,-48.,117.19628975725));
#583 = DIRECTION('',(0.48673304906,0.,-0.873550764954));
#584 = DIRECTION('',(-0.873550764954,0.,-0.48673304906));
#585 = PCURVE('',#531,#586);
#586 = DEFINITIONAL_REPRESENTATION('',(#587),#591);
#587 = LINE('',#588,#589);
#588 = CARTESIAN_POINT('',(0.,0.));
#589 = VECTOR('',#590,1.);
#590 = DIRECTION('',(1.,0.));
#591 = ( GEOMETRIC_REPRESENTATION_CONTEXT(2) 
PARAMETRIC_REPRESENTATION_CONTEXT() REPRESENTATION_CONTEXT('2D SPACE',''
  ) );
#592 = PCURVE('',#593,#598);
#593 = PLANE('',#594);
#594 = AXIS2_PLACEMENT_3D('',#595,#596,#597);
#595 = CARTESIAN_POINT('',(108.14641302723,-48.,117.19628975725));
#596 = DIRECTION('',(0.48673304906,0.,-0.873550764954));
#597 = DIRECTION('',(-0.873550764954,0.,-0.48673304906));
#598 = DEFINITIONAL_REPRESENTATION('',(#599),#603);
#599 = CIRCLE('',#600,6.);
#600 = AXIS2_PLACEMENT_2D('',#601,#602);
#601 = CARTESIAN_POINT('',(0.,0.));
#602 = DIRECTION('',(1.,0.));
#603 = ( GEOMETRIC_REPRESENTATION_CONTEXT(2) 
PARAMETRIC_REPRESENTATION_CONTEXT() REPRESENTATION_CONTEXT('2D SPACE',''
  ) );
#604 = ORIENTED_EDGE('',*,*,#555,.T.);
#605 = ADVANCED_FACE('',(#606),#543,.T.);
#606 = FACE_BOUND('',#607,.T.);
#607 = EDGE_LOOP('',(#608));
#608 = ORIENTED_EDGE('',*,*,#521,.T.);
#609 = ADVANCED_FACE('',(#610),#593,.F.);
#610 = FACE_BOUND('',#611,.T.);
#611 = EDGE_LOOP('',(#612));
#612 = ORIENTED_EDGE('',*,*,#578,.F.);
#613 = MANIFOLD_SOLID_BREP('',#614);
#614 = CLOSED_SHELL('',(#615));
#615 = ADVANCED_FACE('',(#616),#620,.T.);
#616 = FACE_BOUND('',#617,.T.);
#617 = VERTEX_LOOP('',#618);
#618 = VERTEX_POINT('',#619);
#619 = CARTESIAN_POINT('',(108.14641302723,-48.,111.19628975725));
#620 = SPHERICAL_SURFACE('',#621,6.);
#621 = AXIS2_PLACEMENT_3D('',#622,#623,#624);
#622 = CARTESIAN_POINT('',(108.14641302723,-48.,117.19628975725));
#623 = DIRECTION('',(0.,0.,1.));
#624 = DIRECTION('',(1.,0.,-0.));
#625 = MANIFOLD_SOLID_BREP('',#626);
#626 = CLOSED_SHELL('',(#627));
#627 = ADVANCED_FACE('',(#628),#632,.T.);
#628 = FACE_BOUND('',#629,.T.);
#629 = VERTEX_LOOP('',#630);
#630 = VERTEX_POINT('',#631);
#631 = CARTESIAN_POINT('',(166.55437891446,-48.,6.370197962726));
#632 = SPHERICAL_SURFACE('',#633,6.);
#633 = AXIS2_PLACEMENT_3D('',#634,#635,#636);
#634 = CARTESIAN_POINT('',(166.55437891446,-48.,12.370197962726));
#635 = DIRECTION('',(0.,0.,1.));
#636 = DIRECTION('',(1.,0.,-0.));
#637 = MANIFOLD_SOLID_BREP('',#638);
#638 = CLOSED_SHELL('',(#639,#727,#731));
#639 = ADVANCED_FACE('',(#640),#653,.T.);
#640 = FACE_BOUND('',#641,.T.);
#641 = EDGE_LOOP('',(#642,#676,#699,#726));
#642 = ORIENTED_EDGE('',*,*,#643,.F.);
#643 = EDGE_CURVE('',#644,#644,#646,.T.);
#644 = VERTEX_POINT('',#645);
#645 = CARTESIAN_POINT('',(216.48442375552,-48.,5.813474530264));
#646 = SURFACE_CURVE('',#647,(#652,#664),.PCURVE_S1.);
#647 = CIRCLE('',#648,6.);
#648 = AXIS2_PLACEMENT_3D('',#649,#650,#651);
#649 = CARTESIAN_POINT('',(215.,-48.,-1.7763568394E-15));
#650 = DIRECTION('',(0.968912421711,0.,-0.247403959255));
#651 = DIRECTION('',(0.247403959255,0.,0.968912421711));
#652 = PCURVE('',#653,#658);
#653 = CYLINDRICAL_SURFACE('',#654,6.);
#654 = AXIS2_PLACEMENT_3D('',#655,#656,#657);
#655 = CARTESIAN_POINT('',(166.55437891446,-48.,12.370197962726));
#656 = DIRECTION('',(0.968912421711,0.,-0.247403959255));
#657 = DIRECTION('',(0.247403959255,0.,0.968912421711));
#658 = DEFINITIONAL_REPRESENTATION('',(#659),#663);
#659 = LINE('',#660,#661);
#660 = CARTESIAN_POINT('',(0.,50.));
#661 = VECTOR('',#662,1.);
#662 = DIRECTION('',(1.,0.));
#663 = ( GEOMETRIC_REPRESENTATION_CONTEXT(2) 
PARAMETRIC_REPRESENTATION_CONTEXT() REPRESENTATION_CONTEXT('2D SPACE',''
  ) );
#664 = PCURVE('',#665,#670);
#665 = PLANE('',#666);
#666 = AXIS2_PLACEMENT_3D('',#667,#668,#669);
#667 = CARTESIAN_POINT('',(215.,-48.,-1.7763568394E-15));
#668 = DIRECTION('',(0.968912421711,0.,-0.247403959255));
#669 = DIRECTION('',(0.247403959255,0.,0.968912421711));
#670 = DEFINITIONAL_REPRESENTATION('',(#671),#675);
#671 = CIRCLE('',#672,6.);
#672 = AXIS2_PLACEMENT_2D('',#673,#674);
#673 = CARTESIAN_POINT('',(0.,0.));
#674 = DIRECTION('',(1.,0.));
#675 = ( GEOMETRIC_REPRESENTATION_CONTEXT(2) 
PARAMETRIC_REPRESENTATION_CONTEXT() REPRESENTATION_CONTEXT('2D SPACE',''
  ) );
#676 = ORIENTED_EDGE('',*,*,#677,.F.);
#677 = EDGE_CURVE('',#678,#644,#680,.T.);
#678 = VERTEX_POINT('',#679);
#679 = CARTESIAN_POINT('',(168.03880266999,-48.,18.18367249299));
#680 = SEAM_CURVE('',#681,(#685,#692),.PCURVE_S1.);
#681 = LINE('',#682,#683);
#682 = CARTESIAN_POINT('',(168.03880266999,-48.,18.18367249299));
#683 = VECTOR('',#684,1.);
#684 = DIRECTION('',(0.968912421711,0.,-0.247403959255));
#685 = PCURVE('',#653,#686);
#686 = DEFINITIONAL_REPRESENTATION('',(#687),#691);
#687 = LINE('',#688,#689);
#688 = CARTESIAN_POINT('',(6.28318530718,-0.));
#689 = VECTOR('',#690,1.);
#690 = DIRECTION('',(0.,1.));
#691 = ( GEOMETRIC_REPRESENTATION_CONTEXT(2) 
PARAMETRIC_REPRESENTATION_CONTEXT() REPRESENTATION_CONTEXT('2D SPACE',''
  ) );
#692 = PCURVE('',#653,#693);
#693 = DEFINITIONAL_REPRESENTATION('',(#694),#698);
#694 = LINE('',#695,#696);
#695 = CARTESIAN_POINT('',(0.,-0.));
#696 = VECTOR('',#697,1.);
#697 = DIRECTION('',(0.,1.));
#698 = ( GEOMETRIC_REPRESENTATION_CONTEXT(2) 
PARAMETRIC_REPRESENTATION_CONTEXT() REPRESENTATION_CONTEXT('2D SPACE',''
  ) );
#699 = ORIENTED_EDGE('',*,*,#700,.T.);
#700 = EDGE_CURVE('',#678,#678,#701,.T.);
#701 = SURFACE_CURVE('',#702,(#707,#714),.PCURVE_S1.);
#702 = CIRCLE('',#703,6.);
#703 = AXIS2_PLACEMENT_3D('',#704,#705,#706);
#704 = CARTESIAN_POINT('',(166.55437891446,-48.,12.370197962726));
#705 = DIRECTION('',(0.968912421711,0.,-0.247403959255));
#706 = DIRECTION('',(0.247403959255,0.,0.968912421711));
#707 = PCURVE('',#653,#708);
#708 = DEFINITIONAL_REPRESENTATION('',(#709),#713);
#709 = LINE('',#710,#711);
#710 = CARTESIAN_POINT('',(0.,0.));
#711 = VECTOR('',#712,1.);
#712 = DIRECTION('',(1.,0.));
#713 = ( GEOMETRIC_REPRESENTATION_CONTEXT(2) 
PARAMETRIC_REPRESENTATION_CONTEXT() REPRESENTATION_CONTEXT('2D SPACE',''
  ) );
#714 = PCURVE('',#715,#720);
#715 = PLANE('',#716);
#716 = AXIS2_PLACEMENT_3D('',#717,#718,#719);
#717 = CARTESIAN_POINT('',(166.55437891446,-48.,12.370197962726));
#718 = DIRECTION('',(0.968912421711,0.,-0.247403959255));
#719 = DIRECTION('',(0.247403959255,0.,0.968912421711));
#720 = DEFINITIONAL_REPRESENTATION('',(#721),#725);
#721 = CIRCLE('',#722,6.);
#722 = AXIS2_PLACEMENT_2D('',#723,#724);
#723 = CARTESIAN_POINT('',(0.,0.));
#724 = DIRECTION('',(1.,0.));
#725 = ( GEOMETRIC_REPRESENTATION_CONTEXT(2) 
PARAMETRIC_REPRESENTATION_CONTEXT() REPRESENTATION_CONTEXT('2D SPACE',''
  ) );
#726 = ORIENTED_EDGE('',*,*,#677,.T.);
#727 = ADVANCED_FACE('',(#728),#665,.T.);
#728 = FACE_BOUND('',#729,.T.);
#729 = EDGE_LOOP('',(#730));
#730 = ORIENTED_EDGE('',*,*,#643,.T.);
#731 = ADVANCED_FACE('',(#732),#715,.F.);
#732 = FACE_BOUND('',#733,.T.);
#733 = EDGE_LOOP('',(#734));
#734 = ORIENTED_EDGE('',*,*,#700,.F.);
#735 = MANIFOLD_SOLID_BREP('',#736);
#736 = CLOSED_SHELL('',(#737));
#737 = ADVANCED_FACE('',(#738),#742,.T.);
#738 = FACE_BOUND('',#739,.T.);
#739 = VERTEX_LOOP('',#740);
#740 = VERTEX_POINT('',#741);
#741 = CARTESIAN_POINT('',(166.55437891446,-48.,6.370197962726));
#742 = SPHERICAL_SURFACE('',#743,6.);
#743 = AXIS2_PLACEMENT_3D('',#744,#745,#746);
#744 = CARTESIAN_POINT('',(166.55437891446,-48.,12.370197962726));
#745 = DIRECTION('',(0.,0.,1.));
#746 = DIRECTION('',(1.,0.,-0.));
#747 = MANIFOLD_SOLID_BREP('',#748);
#748 = CLOSED_SHELL('',(#749));
#749 = ADVANCED_FACE('',(#750),#754,.T.);
#750 = FACE_BOUND('',#751,.T.);
#751 = VERTEX_LOOP('',#752);
#752 = VERTEX_POINT('',#753);
#753 = CARTESIAN_POINT('',(215.,-48.,-6.));
#754 = SPHERICAL_SURFACE('',#755,6.);
#755 = AXIS2_PLACEMENT_3D('',#756,#757,#758);
#756 = CARTESIAN_POINT('',(215.,-48.,0.));
#757 = DIRECTION('',(0.,0.,1.));
#758 = DIRECTION('',(1.,0.,-0.));
#759 = MANIFOLD_SOLID_BREP('',#760);
#760 = CLOSED_SHELL('',(#761));
#761 = ADVANCED_FACE('',(#762),#766,.T.);
#762 = FACE_BOUND('',#763,.T.);
#763 = VERTEX_LOOP('',#764);
#764 = VERTEX_POINT('',#765);
#765 = CARTESIAN_POINT('',(195.,-48.,191.6));
#766 = SPHERICAL_SURFACE('',#767,8.4);
#767 = AXIS2_PLACEMENT_3D('',#768,#769,#770);
#768 = CARTESIAN_POINT('',(195.,-48.,200.));
#769 = DIRECTION('',(0.,0.,1.));
#770 = DIRECTION('',(1.,0.,-0.));
#771 = MANIFOLD_SOLID_BREP('',#772);
#772 = CLOSED_SHELL('',(#773,#861,#865));
#773 = ADVANCED_FACE('',(#774),#787,.T.);
#774 = FACE_BOUND('',#775,.T.);
#775 = EDGE_LOOP('',(#776,#810,#833,#860));
#776 = ORIENTED_EDGE('',*,*,#777,.F.);
#777 = EDGE_CURVE('',#778,#778,#780,.T.);
#778 = VERTEX_POINT('',#779);
#779 = CARTESIAN_POINT('',(-93.18281868746,48.,124.15171523719));
#780 = SURFACE_CURVE('',#781,(#786,#798),.PCURVE_S1.);
#781 = CIRCLE('',#782,6.);
#782 = AXIS2_PLACEMENT_3D('',#783,#784,#785);
#783 = CARTESIAN_POINT('',(-96.73339942703,48.,128.98838520854));
#784 = DIRECTION('',(-0.806111661892,-0.,-0.591763456595));
#785 = DIRECTION('',(0.591763456595,0.,-0.806111661892));
#786 = PCURVE('',#787,#792);
#787 = CYLINDRICAL_SURFACE('',#788,6.);
#788 = AXIS2_PLACEMENT_3D('',#789,#790,#791);
#789 = CARTESIAN_POINT('',(-7.105427357601E-15,48.,200.));
#790 = DIRECTION('',(-0.806111661892,0.,-0.591763456595));
#791 = DIRECTION('',(0.591763456595,0.,-0.806111661892));
#792 = DEFINITIONAL_REPRESENTATION('',(#793),#797);
#793 = LINE('',#794,#795);
#794 = CARTESIAN_POINT('',(0.,120.));
#795 = VECTOR('',#796,1.);
#796 = DIRECTION('',(1.,0.));
#797 = ( GEOMETRIC_REPRESENTATION_CONTEXT(2) 
PARAMETRIC_REPRESENTATION_CONTEXT() REPRESENTATION_CONTEXT('2D SPACE',''
  ) );
#798 = PCURVE('',#799,#804);
#799 = PLANE('',#800);
#800 = AXIS2_PLACEMENT_3D('',#801,#802,#803);
#801 = CARTESIAN_POINT('',(-96.73339942703,48.,128.98838520854));
#802 = DIRECTION('',(-0.806111661892,0.,-0.591763456595));
#803 = DIRECTION('',(0.591763456595,0.,-0.806111661892));
#804 = DEFINITIONAL_REPRESENTATION('',(#805),#809);
#805 = CIRCLE('',#806,6.);
#806 = AXIS2_PLACEMENT_2D('',#807,#808);
#807 = CARTESIAN_POINT('',(0.,0.));
#808 = DIRECTION('',(1.,0.));
#809 = ( GEOMETRIC_REPRESENTATION_CONTEXT(2) 
PARAMETRIC_REPRESENTATION_CONTEXT() REPRESENTATION_CONTEXT('2D SPACE',''
  ) );
#810 = ORIENTED_EDGE('',*,*,#811,.F.);
#811 = EDGE_CURVE('',#812,#778,#814,.T.);
#812 = VERTEX_POINT('',#813);
#813 = CARTESIAN_POINT('',(3.550580739573,48.,195.16333002864));
#814 = SEAM_CURVE('',#815,(#819,#826),.PCURVE_S1.);
#815 = LINE('',#816,#817);
#816 = CARTESIAN_POINT('',(3.550580739573,48.,195.16333002864));
#817 = VECTOR('',#818,1.);
#818 = DIRECTION('',(-0.806111661892,0.,-0.591763456595));
#819 = PCURVE('',#787,#820);
#820 = DEFINITIONAL_REPRESENTATION('',(#821),#825);
#821 = LINE('',#822,#823);
#822 = CARTESIAN_POINT('',(6.28318530718,-0.));
#823 = VECTOR('',#824,1.);
#824 = DIRECTION('',(0.,1.));
#825 = ( GEOMETRIC_REPRESENTATION_CONTEXT(2) 
PARAMETRIC_REPRESENTATION_CONTEXT() REPRESENTATION_CONTEXT('2D SPACE',''
  ) );
#826 = PCURVE('',#787,#827);
#827 = DEFINITIONAL_REPRESENTATION('',(#828),#832);
#828 = LINE('',#829,#830);
#829 = CARTESIAN_POINT('',(0.,-0.));
#830 = VECTOR('',#831,1.);
#831 = DIRECTION('',(0.,1.));
#832 = ( GEOMETRIC_REPRESENTATION_CONTEXT(2) 
PARAMETRIC_REPRESENTATION_CONTEXT() REPRESENTATION_CONTEXT('2D SPACE',''
  ) );
#833 = ORIENTED_EDGE('',*,*,#834,.T.);
#834 = EDGE_CURVE('',#812,#812,#835,.T.);
#835 = SURFACE_CURVE('',#836,(#841,#848),.PCURVE_S1.);
#836 = CIRCLE('',#837,6.);
#837 = AXIS2_PLACEMENT_3D('',#838,#839,#840);
#838 = CARTESIAN_POINT('',(-7.105427357601E-15,48.,200.));
#839 = DIRECTION('',(-0.806111661892,-0.,-0.591763456595));
#840 = DIRECTION('',(0.591763456595,0.,-0.806111661892));
#841 = PCURVE('',#787,#842);
#842 = DEFINITIONAL_REPRESENTATION('',(#843),#847);
#843 = LINE('',#844,#845);
#844 = CARTESIAN_POINT('',(0.,0.));
#845 = VECTOR('',#846,1.);
#846 = DIRECTION('',(1.,0.));
#847 = ( GEOMETRIC_REPRESENTATION_CONTEXT(2) 
PARAMETRIC_REPRESENTATION_CONTEXT() REPRESENTATION_CONTEXT('2D SPACE',''
  ) );
#848 = PCURVE('',#849,#854);
#849 = PLANE('',#850);
#850 = AXIS2_PLACEMENT_3D('',#851,#852,#853);
#851 = CARTESIAN_POINT('',(-7.105427357601E-15,48.,200.));
#852 = DIRECTION('',(-0.806111661892,0.,-0.591763456595));
#853 = DIRECTION('',(0.591763456595,0.,-0.806111661892));
#854 = DEFINITIONAL_REPRESENTATION('',(#855),#859);
#855 = CIRCLE('',#856,6.);
#856 = AXIS2_PLACEMENT_2D('',#857,#858);
#857 = CARTESIAN_POINT('',(0.,0.));
#858 = DIRECTION('',(1.,0.));
#859 = ( GEOMETRIC_REPRESENTATION_CONTEXT(2) 
PARAMETRIC_REPRESENTATION_CONTEXT() REPRESENTATION_CONTEXT('2D SPACE',''
  ) );
#860 = ORIENTED_EDGE('',*,*,#811,.T.);
#861 = ADVANCED_FACE('',(#862),#799,.T.);
#862 = FACE_BOUND('',#863,.T.);
#863 = EDGE_LOOP('',(#864));
#864 = ORIENTED_EDGE('',*,*,#777,.T.);
#865 = ADVANCED_FACE('',(#866),#849,.F.);
#866 = FACE_BOUND('',#867,.T.);
#867 = EDGE_LOOP('',(#868));
#868 = ORIENTED_EDGE('',*,*,#834,.F.);
#869 = MANIFOLD_SOLID_BREP('',#870);
#870 = CLOSED_SHELL('',(#871));
#871 = ADVANCED_FACE('',(#872),#876,.T.);
#872 = FACE_BOUND('',#873,.T.);
#873 = VERTEX_LOOP('',#874);
#874 = VERTEX_POINT('',#875);
#875 = CARTESIAN_POINT('',(3.673940397442E-16,48.,194.));
#876 = SPHERICAL_SURFACE('',#877,6.);
#877 = AXIS2_PLACEMENT_3D('',#878,#879,#880);
#878 = CARTESIAN_POINT('',(0.,48.,200.));
#879 = DIRECTION('',(0.,0.,1.));
#880 = DIRECTION('',(1.,0.,-0.));
#881 = MANIFOLD_SOLID_BREP('',#882);
#882 = CLOSED_SHELL('',(#883));
#883 = ADVANCED_FACE('',(#884),#888,.T.);
#884 = FACE_BOUND('',#885,.T.);
#885 = VERTEX_LOOP('',#886);
#886 = VERTEX_POINT('',#887);
#887 = CARTESIAN_POINT('',(-96.73339942703,48.,122.98838520854));
#888 = SPHERICAL_SURFACE('',#889,6.);
#889 = AXIS2_PLACEMENT_3D('',#890,#891,#892);
#890 = CARTESIAN_POINT('',(-96.73339942703,48.,128.98838520854));
#891 = DIRECTION('',(0.,0.,1.));
#892 = DIRECTION('',(1.,0.,-0.));
#893 = MANIFOLD_SOLID_BREP('',#894);
#894 = CLOSED_SHELL('',(#895,#983,#987));
#895 = ADVANCED_FACE('',(#896),#909,.T.);
#896 = FACE_BOUND('',#897,.T.);
#897 = EDGE_LOOP('',(#898,#932,#955,#982));
#898 = ORIENTED_EDGE('',*,*,#899,.F.);
#899 = EDGE_CURVE('',#900,#900,#902,.T.);
#900 = VERTEX_POINT('',#901);
#901 = CARTESIAN_POINT('',(-74.27653044782,48.,10.955809045651));
#902 = SURFACE_CURVE('',#903,(#908,#920),.PCURVE_S1.);
#903 = CIRCLE('',#904,6.);
#904 = AXIS2_PLACEMENT_3D('',#905,#906,#907);
#905 = CARTESIAN_POINT('',(-68.44562108553,48.,12.370197962726));
#906 = DIRECTION('',(0.235731486179,0.,-0.971818227049));
#907 = DIRECTION('',(-0.971818227049,0.,-0.235731486179));
#908 = PCURVE('',#909,#914);
#909 = CYLINDRICAL_SURFACE('',#910,6.);
#910 = AXIS2_PLACEMENT_3D('',#911,#912,#913);
#911 = CARTESIAN_POINT('',(-96.73339942703,48.,128.98838520854));
#912 = DIRECTION('',(0.235731486179,0.,-0.971818227049));
#913 = DIRECTION('',(-0.971818227049,0.,-0.235731486179));
#914 = DEFINITIONAL_REPRESENTATION('',(#915),#919);
#915 = LINE('',#916,#917);
#916 = CARTESIAN_POINT('',(0.,120.));
#917 = VECTOR('',#918,1.);
#918 = DIRECTION('',(1.,0.));
#919 = ( GEOMETRIC_REPRESENTATION_CONTEXT(2) 
PARAMETRIC_REPRESENTATION_CONTEXT() REPRESENTATION_CONTEXT('2D SPACE',''
  ) );
#920 = PCURVE('',#921,#926);
#921 = PLANE('',#922);
#922 = AXIS2_PLACEMENT_3D('',#923,#924,#925);
#923 = CARTESIAN_POINT('',(-68.44562108553,48.,12.370197962726));
#924 = DIRECTION('',(0.235731486179,0.,-0.971818227049));
#925 = DIRECTION('',(-0.971818227049,0.,-0.235731486179));
#926 = DEFINITIONAL_REPRESENTATION('',(#927),#931);
#927 = CIRCLE('',#928,6.);
#928 = AXIS2_PLACEMENT_2D('',#929,#930);
#929 = CARTESIAN_POINT('',(0.,0.));
#930 = DIRECTION('',(1.,0.));
#931 = ( GEOMETRIC_REPRESENTATION_CONTEXT(2) 
PARAMETRIC_REPRESENTATION_CONTEXT() REPRESENTATION_CONTEXT('2D SPACE',''
  ) );
#932 = ORIENTED_EDGE('',*,*,#933,.F.);
#933 = EDGE_CURVE('',#934,#900,#936,.T.);
#934 = VERTEX_POINT('',#935);
#935 = CARTESIAN_POINT('',(-102.5643087893,48.,127.57399629147));
#936 = SEAM_CURVE('',#937,(#941,#948),.PCURVE_S1.);
#937 = LINE('',#938,#939);
#938 = CARTESIAN_POINT('',(-102.5643087893,48.,127.57399629147));
#939 = VECTOR('',#940,1.);
#940 = DIRECTION('',(0.235731486179,0.,-0.971818227049));
#941 = PCURVE('',#909,#942);
#942 = DEFINITIONAL_REPRESENTATION('',(#943),#947);
#943 = LINE('',#944,#945);
#944 = CARTESIAN_POINT('',(6.28318530718,-0.));
#945 = VECTOR('',#946,1.);
#946 = DIRECTION('',(0.,1.));
#947 = ( GEOMETRIC_REPRESENTATION_CONTEXT(2) 
PARAMETRIC_REPRESENTATION_CONTEXT() REPRESENTATION_CONTEXT('2D SPACE',''
  ) );
#948 = PCURVE('',#909,#949);
#949 = DEFINITIONAL_REPRESENTATION('',(#950),#954);
#950 = LINE('',#951,#952);
#951 = CARTESIAN_POINT('',(0.,-0.));
#952 = VECTOR('',#953,1.);
#953 = DIRECTION('',(0.,1.));
#954 = ( GEOMETRIC_REPRESENTATION_CONTEXT(2) 
PARAMETRIC_REPRESENTATION_CONTEXT() REPRESENTATION_CONTEXT('2D SPACE',''
  ) );
#955 = ORIENTED_EDGE('',*,*,#956,.T.);
#956 = EDGE_CURVE('',#934,#934,#957,.T.);
#957 = SURFACE_CURVE('',#958,(#963,#970),.PCURVE_S1.);
#958 = CIRCLE('',#959,6.);
#959 = AXIS2_PLACEMENT_3D('',#960,#961,#962);
#960 = CARTESIAN_POINT('',(-96.73339942703,48.,128.98838520854));
#961 = DIRECTION('',(0.235731486179,0.,-0.971818227049));
#962 = DIRECTION('',(-0.971818227049,0.,-0.235731486179));
#963 = PCURVE('',#909,#964);
#964 = DEFINITIONAL_REPRESENTATION('',(#965),#969);
#965 = LINE('',#966,#967);
#966 = CARTESIAN_POINT('',(0.,0.));
#967 = VECTOR('',#968,1.);
#968 = DIRECTION('',(1.,0.));
#969 = ( GEOMETRIC_REPRESENTATION_CONTEXT(2) 
PARAMETRIC_REPRESENTATION_CONTEXT() REPRESENTATION_CONTEXT('2D SPACE',''
  ) );
#970 = PCURVE('',#971,#976);
#971 = PLANE('',#972);
#972 = AXIS2_PLACEMENT_3D('',#973,#974,#975);
#973 = CARTESIAN_POINT('',(-96.73339942703,48.,128.98838520854));
#974 = DIRECTION('',(0.235731486179,0.,-0.971818227049));
#975 = DIRECTION('',(-0.971818227049,0.,-0.235731486179));
#976 = DEFINITIONAL_REPRESENTATION('',(#977),#981);
#977 = CIRCLE('',#978,6.);
#978 = AXIS2_PLACEMENT_2D('',#979,#980);
#979 = CARTESIAN_POINT('',(0.,0.));
#980 = DIRECTION('',(1.,0.));
#981 = ( GEOMETRIC_REPRESENTATION_CONTEXT(2) 
PARAMETRIC_REPRESENTATION_CONTEXT() REPRESENTATION_CONTEXT('2D SPACE',''
  ) );
#982 = ORIENTED_EDGE('',*,*,#933,.T.);
#983 = ADVANCED_FACE('',(#984),#921,.T.);
#984 = FACE_BOUND('',#985,.T.);
#985 = EDGE_LOOP('',(#986));
#986 = ORIENTED_EDGE('',*,*,#899,.T.);
#987 = ADVANCED_FACE('',(#988),#971,.F.);
#988 = FACE_BOUND('',#989,.T.);
#989 = EDGE_LOOP('',(#990));
#990 = ORIENTED_EDGE('',*,*,#956,.F.);
#991 = MANIFOLD_SOLID_BREP('',#992);
#992 = CLOSED_SHELL('',(#993));
#993 = ADVANCED_FACE('',(#994),#998,.T.);
#994 = FACE_BOUND('',#995,.T.);
#995 = VERTEX_LOOP('',#996);
#996 = VERTEX_POINT('',#997);
#997 = CARTESIAN_POINT('',(-96.73339942703,48.,122.98838520854));
#998 = SPHERICAL_SURFACE('',#999,6.);
#999 = AXIS2_PLACEMENT_3D('',#1000,#1001,#1002);
#1000 = CARTESIAN_POINT('',(-96.73339942703,48.,128.98838520854));
#1001 = DIRECTION('',(0.,0.,1.));
#1002 = DIRECTION('',(1.,0.,-0.));
#1003 = MANIFOLD_SOLID_BREP('',#1004);
#1004 = CLOSED_SHELL('',(#1005));
#1005 = ADVANCED_FACE('',(#1006),#1010,.T.);
#1006 = FACE_BOUND('',#1007,.T.);
#1007 = VERTEX_LOOP('',#1008);
#1008 = VERTEX_POINT('',#1009);
#1009 = CARTESIAN_POINT('',(-68.44562108553,48.,6.370197962726));
#1010 = SPHERICAL_SURFACE('',#1011,6.);
#1011 = AXIS2_PLACEMENT_3D('',#1012,#1013,#1014);
#1012 = CARTESIAN_POINT('',(-68.44562108553,48.,12.370197962726));
#1013 = DIRECTION('',(0.,0.,1.));
#1014 = DIRECTION('',(1.,0.,-0.));
#1015 = MANIFOLD_SOLID_BREP('',#1016);
#1016 = CLOSED_SHELL('',(#1017,#1105,#1109));
#1017 = ADVANCED_FACE('',(#1018),#1031,.T.);
#1018 = FACE_BOUND('',#1019,.T.);
#1019 = EDGE_LOOP('',(#1020,#1054,#1077,#1104));
#1020 = ORIENTED_EDGE('',*,*,#1021,.F.);
#1021 = EDGE_CURVE('',#1022,#1022,#1024,.T.);
#1022 = VERTEX_POINT('',#1023);
#1023 = CARTESIAN_POINT('',(-18.51557624447,48.,5.813474530264));
#1024 = SURFACE_CURVE('',#1025,(#1030,#1042),.PCURVE_S1.);
#1025 = CIRCLE('',#1026,6.);
#1026 = AXIS2_PLACEMENT_3D('',#1027,#1028,#1029);
#1027 = CARTESIAN_POINT('',(-20.,48.,2.84217094304E-14));
#1028 = DIRECTION('',(0.968912421711,0.,-0.247403959255));
#1029 = DIRECTION('',(0.247403959255,0.,0.968912421711));
#1030 = PCURVE('',#1031,#1036);
#1031 = CYLINDRICAL_SURFACE('',#1032,6.);
#1032 = AXIS2_PLACEMENT_3D('',#1033,#1034,#1035);
#1033 = CARTESIAN_POINT('',(-68.44562108553,48.,12.370197962726));
#1034 = DIRECTION('',(0.968912421711,0.,-0.247403959255));
#1035 = DIRECTION('',(0.247403959255,0.,0.968912421711));
#1036 = DEFINITIONAL_REPRESENTATION('',(#1037),#1041);
#1037 = LINE('',#1038,#1039);
#1038 = CARTESIAN_POINT('',(0.,50.));
#1039 = VECTOR('',#1040,1.);
#1040 = DIRECTION('',(1.,0.));
#1041 = ( GEOMETRIC_REPRESENTATION_CONTEXT(2) 
PARAMETRIC_REPRESENTATION_CONTEXT() REPRESENTATION_CONTEXT('2D SPACE',''
  ) );
#1042 = PCURVE('',#1043,#1048);
#1043 = PLANE('',#1044);
#1044 = AXIS2_PLACEMENT_3D('',#1045,#1046,#1047);
#1045 = CARTESIAN_POINT('',(-20.,48.,2.84217094304E-14));
#1046 = DIRECTION('',(0.968912421711,0.,-0.247403959255));
#1047 = DIRECTION('',(0.247403959255,0.,0.968912421711));
#1048 = DEFINITIONAL_REPRESENTATION('',(#1049),#1053);
#1049 = CIRCLE('',#1050,6.);
#1050 = AXIS2_PLACEMENT_2D('',#1051,#1052);
#1051 = CARTESIAN_POINT('',(0.,0.));
#1052 = DIRECTION('',(1.,0.));
#1053 = ( GEOMETRIC_REPRESENTATION_CONTEXT(2) 
PARAMETRIC_REPRESENTATION_CONTEXT() REPRESENTATION_CONTEXT('2D SPACE',''
  ) );
#1054 = ORIENTED_EDGE('',*,*,#1055,.F.);
#1055 = EDGE_CURVE('',#1056,#1022,#1058,.T.);
#1056 = VERTEX_POINT('',#1057);
#1057 = CARTESIAN_POINT('',(-66.96119733,48.,18.18367249299));
#1058 = SEAM_CURVE('',#1059,(#1063,#1070),.PCURVE_S1.);
#1059 = LINE('',#1060,#1061);
#1060 = CARTESIAN_POINT('',(-66.96119733,48.,18.18367249299));
#1061 = VECTOR('',#1062,1.);
#1062 = DIRECTION('',(0.968912421711,0.,-0.247403959255));
#1063 = PCURVE('',#1031,#1064);
#1064 = DEFINITIONAL_REPRESENTATION('',(#1065),#1069);
#1065 = LINE('',#1066,#1067);
#1066 = CARTESIAN_POINT('',(6.28318530718,-0.));
#1067 = VECTOR('',#1068,1.);
#1068 = DIRECTION('',(0.,1.));
#1069 = ( GEOMETRIC_REPRESENTATION_CONTEXT(2) 
PARAMETRIC_REPRESENTATION_CONTEXT() REPRESENTATION_CONTEXT('2D SPACE',''
  ) );
#1070 = PCURVE('',#1031,#1071);
#1071 = DEFINITIONAL_REPRESENTATION('',(#1072),#1076);
#1072 = LINE('',#1073,#1074);
#1073 = CARTESIAN_POINT('',(0.,-0.));
#1074 = VECTOR('',#1075,1.);
#1075 = DIRECTION('',(0.,1.));
#1076 = ( GEOMETRIC_REPRESENTATION_CONTEXT(2) 
PARAMETRIC_REPRESENTATION_CONTEXT() REPRESENTATION_CONTEXT('2D SPACE',''
  ) );
#1077 = ORIENTED_EDGE('',*,*,#1078,.T.);
#1078 = EDGE_CURVE('',#1056,#1056,#1079,.T.);
#1079 = SURFACE_CURVE('',#1080,(#1085,#1092),.PCURVE_S1.);
#1080 = CIRCLE('',#1081,6.);
#1081 = AXIS2_PLACEMENT_3D('',#1082,#1083,#1084);
#1082 = CARTESIAN_POINT('',(-68.44562108553,48.,12.370197962726));
#1083 = DIRECTION('',(0.968912421711,0.,-0.247403959255));
#1084 = DIRECTION('',(0.247403959255,0.,0.968912421711));
#1085 = PCURVE('',#1031,#1086);
#1086 = DEFINITIONAL_REPRESENTATION('',(#1087),#1091);
#1087 = LINE('',#1088,#1089);
#1088 = CARTESIAN_POINT('',(0.,0.));
#1089 = VECTOR('',#1090,1.);
#1090 = DIRECTION('',(1.,0.));
#1091 = ( GEOMETRIC_REPRESENTATION_CONTEXT(2) 
PARAMETRIC_REPRESENTATION_CONTEXT() REPRESENTATION_CONTEXT('2D SPACE',''
  ) );
#1092 = PCURVE('',#1093,#1098);
#1093 = PLANE('',#1094);
#1094 = AXIS2_PLACEMENT_3D('',#1095,#1096,#1097);
#1095 = CARTESIAN_POINT('',(-68.44562108553,48.,12.370197962726));
#1096 = DIRECTION('',(0.968912421711,0.,-0.247403959255));
#1097 = DIRECTION('',(0.247403959255,0.,0.968912421711));
#1098 = DEFINITIONAL_REPRESENTATION('',(#1099),#1103);
#1099 = CIRCLE('',#1100,6.);
#1100 = AXIS2_PLACEMENT_2D('',#1101,#1102);
#1101 = CARTESIAN_POINT('',(0.,0.));
#1102 = DIRECTION('',(1.,0.));
#1103 = ( GEOMETRIC_REPRESENTATION_CONTEXT(2) 
PARAMETRIC_REPRESENTATION_CONTEXT() REPRESENTATION_CONTEXT('2D SPACE',''
  ) );
#1104 = ORIENTED_EDGE('',*,*,#1055,.T.);
#1105 = ADVANCED_FACE('',(#1106),#1043,.T.);
#1106 = FACE_BOUND('',#1107,.T.);
#1107 = EDGE_LOOP('',(#1108));
#1108 = ORIENTED_EDGE('',*,*,#1021,.T.);
#1109 = ADVANCED_FACE('',(#1110),#1093,.F.);
#1110 = FACE_BOUND('',#1111,.T.);
#1111 = EDGE_LOOP('',(#1112));
#1112 = ORIENTED_EDGE('',*,*,#1078,.F.);
#1113 = MANIFOLD_SOLID_BREP('',#1114);
#1114 = CLOSED_SHELL('',(#1115));
#1115 = ADVANCED_FACE('',(#1116),#1120,.T.);
#1116 = FACE_BOUND('',#1117,.T.);
#1117 = VERTEX_LOOP('',#1118);
#1118 = VERTEX_POINT('',#1119);
#1119 = CARTESIAN_POINT('',(-68.44562108553,48.,6.370197962726));
#1120 = SPHERICAL_SURFACE('',#1121,6.);
#1121 = AXIS2_PLACEMENT_3D('',#1122,#1123,#1124);
#1122 = CARTESIAN_POINT('',(-68.44562108553,48.,12.370197962726));
#1123 = DIRECTION('',(0.,0.,1.));
#1124 = DIRECTION('',(1.,0.,-0.));
#1125 = MANIFOLD_SOLID_BREP('',#1126);
#1126 = CLOSED_SHELL('',(#1127));
#1127 = ADVANCED_FACE('',(#1128),#1132,.T.);
#1128 = FACE_BOUND('',#1129,.T.);
#1129 = VERTEX_LOOP('',#1130);
#1130 = VERTEX_POINT('',#1131);
#1131 = CARTESIAN_POINT('',(-20.,48.,-6.));
#1132 = SPHERICAL_SURFACE('',#1133,6.);
#1133 = AXIS2_PLACEMENT_3D('',#1134,#1135,#1136);
#1134 = CARTESIAN_POINT('',(-20.,48.,2.84217094304E-14));
#1135 = DIRECTION('',(0.,0.,1.));
#1136 = DIRECTION('',(1.,0.,-0.));
#1137 = MANIFOLD_SOLID_BREP('',#1138);
#1138 = CLOSED_SHELL('',(#1139));
#1139 = ADVANCED_FACE('',(#1140),#1144,.T.);
#1140 = FACE_BOUND('',#1141,.T.);
#1141 = VERTEX_LOOP('',#1142);
#1142 = VERTEX_POINT('',#1143);
#1143 = CARTESIAN_POINT('',(5.143516556419E-16,48.,191.6));
#1144 = SPHERICAL_SURFACE('',#1145,8.4);
#1145 = AXIS2_PLACEMENT_3D('',#1146,#1147,#1148);
#1146 = CARTESIAN_POINT('',(0.,48.,200.));
#1147 = DIRECTION('',(0.,0.,1.));
#1148 = DIRECTION('',(1.,0.,-0.));
#1149 = MANIFOLD_SOLID_BREP('',#1150);
#1150 = CLOSED_SHELL('',(#1151,#1239,#1243));
#1151 = ADVANCED_FACE('',(#1152),#1165,.T.);
#1152 = FACE_BOUND('',#1153,.T.);
#1153 = EDGE_LOOP('',(#1154,#1188,#1211,#1238));
#1154 = ORIENTED_EDGE('',*,*,#1155,.F.);
#1155 = EDGE_CURVE('',#1156,#1156,#1158,.T.);
#1156 = VERTEX_POINT('',#1157);
#1157 = CARTESIAN_POINT('',(-93.18281868746,-48.,124.15171523719));
#1158 = SURFACE_CURVE('',#1159,(#1164,#1176),.PCURVE_S1.);
#1159 = CIRCLE('',#1160,6.);
#1160 = AXIS2_PLACEMENT_3D('',#1161,#1162,#1163);
#1161 = CARTESIAN_POINT('',(-96.73339942703,-48.,128.98838520854));
#1162 = DIRECTION('',(-0.806111661892,-0.,-0.591763456595));
#1163 = DIRECTION('',(0.591763456595,0.,-0.806111661892));
#1164 = PCURVE('',#1165,#1170);
#1165 = CYLINDRICAL_SURFACE('',#1166,6.);
#1166 = AXIS2_PLACEMENT_3D('',#1167,#1168,#1169);
#1167 = CARTESIAN_POINT('',(-7.105427357601E-15,-48.,200.));
#1168 = DIRECTION('',(-0.806111661892,0.,-0.591763456595));
#1169 = DIRECTION('',(0.591763456595,0.,-0.806111661892));
#1170 = DEFINITIONAL_REPRESENTATION('',(#1171),#1175);
#1171 = LINE('',#1172,#1173);
#1172 = CARTESIAN_POINT('',(0.,120.));
#1173 = VECTOR('',#1174,1.);
#1174 = DIRECTION('',(1.,0.));
#1175 = ( GEOMETRIC_REPRESENTATION_CONTEXT(2) 
PARAMETRIC_REPRESENTATION_CONTEXT() REPRESENTATION_CONTEXT('2D SPACE',''
  ) );
#1176 = PCURVE('',#1177,#1182);
#1177 = PLANE('',#1178);
#1178 = AXIS2_PLACEMENT_3D('',#1179,#1180,#1181);
#1179 = CARTESIAN_POINT('',(-96.73339942703,-48.,128.98838520854));
#1180 = DIRECTION('',(-0.806111661892,0.,-0.591763456595));
#1181 = DIRECTION('',(0.591763456595,0.,-0.806111661892));
#1182 = DEFINITIONAL_REPRESENTATION('',(#1183),#1187);
#1183 = CIRCLE('',#1184,6.);
#1184 = AXIS2_PLACEMENT_2D('',#1185,#1186);
#1185 = CARTESIAN_POINT('',(0.,0.));
#1186 = DIRECTION('',(1.,0.));
#1187 = ( GEOMETRIC_REPRESENTATION_CONTEXT(2) 
PARAMETRIC_REPRESENTATION_CONTEXT() REPRESENTATION_CONTEXT('2D SPACE',''
  ) );
#1188 = ORIENTED_EDGE('',*,*,#1189,.F.);
#1189 = EDGE_CURVE('',#1190,#1156,#1192,.T.);
#1190 = VERTEX_POINT('',#1191);
#1191 = CARTESIAN_POINT('',(3.550580739573,-48.,195.16333002864));
#1192 = SEAM_CURVE('',#1193,(#1197,#1204),.PCURVE_S1.);
#1193 = LINE('',#1194,#1195);
#1194 = CARTESIAN_POINT('',(3.550580739573,-48.,195.16333002864));
#1195 = VECTOR('',#1196,1.);
#1196 = DIRECTION('',(-0.806111661892,0.,-0.591763456595));
#1197 = PCURVE('',#1165,#1198);
#1198 = DEFINITIONAL_REPRESENTATION('',(#1199),#1203);
#1199 = LINE('',#1200,#1201);
#1200 = CARTESIAN_POINT('',(6.28318530718,-0.));
#1201 = VECTOR('',#1202,1.);
#1202 = DIRECTION('',(0.,1.));
#1203 = ( GEOMETRIC_REPRESENTATION_CONTEXT(2) 
PARAMETRIC_REPRESENTATION_CONTEXT() REPRESENTATION_CONTEXT('2D SPACE',''
  ) );
#1204 = PCURVE('',#1165,#1205);
#1205 = DEFINITIONAL_REPRESENTATION('',(#1206),#1210);
#1206 = LINE('',#1207,#1208);
#1207 = CARTESIAN_POINT('',(0.,-0.));
#1208 = VECTOR('',#1209,1.);
#1209 = DIRECTION('',(0.,1.));
#1210 = ( GEOMETRIC_REPRESENTATION_CONTEXT(2) 
PARAMETRIC_REPRESENTATION_CONTEXT() REPRESENTATION_CONTEXT('2D SPACE',''
  ) );
#1211 = ORIENTED_EDGE('',*,*,#1212,.T.);
#1212 = EDGE_CURVE('',#1190,#1190,#1213,.T.);
#1213 = SURFACE_CURVE('',#1214,(#1219,#1226),.PCURVE_S1.);
#1214 = CIRCLE('',#1215,6.);
#1215 = AXIS2_PLACEMENT_3D('',#1216,#1217,#1218);
#1216 = CARTESIAN_POINT('',(-7.105427357601E-15,-48.,200.));
#1217 = DIRECTION('',(-0.806111661892,-0.,-0.591763456595));
#1218 = DIRECTION('',(0.591763456595,0.,-0.806111661892));
#1219 = PCURVE('',#1165,#1220);
#1220 = DEFINITIONAL_REPRESENTATION('',(#1221),#1225);
#1221 = LINE('',#1222,#1223);
#1222 = CARTESIAN_POINT('',(0.,0.));
#1223 = VECTOR('',#1224,1.);
#1224 = DIRECTION('',(1.,0.));
#1225 = ( GEOMETRIC_REPRESENTATION_CONTEXT(2) 
PARAMETRIC_REPRESENTATION_CONTEXT() REPRESENTATION_CONTEXT('2D SPACE',''
  ) );
#1226 = PCURVE('',#1227,#1232);
#1227 = PLANE('',#1228);
#1228 = AXIS2_PLACEMENT_3D('',#1229,#1230,#1231);
#1229 = CARTESIAN_POINT('',(-7.105427357601E-15,-48.,200.));
#1230 = DIRECTION('',(-0.806111661892,0.,-0.591763456595));
#1231 = DIRECTION('',(0.591763456595,0.,-0.806111661892));
#1232 = DEFINITIONAL_REPRESENTATION('',(#1233),#1237);
#1233 = CIRCLE('',#1234,6.);
#1234 = AXIS2_PLACEMENT_2D('',#1235,#1236);
#1235 = CARTESIAN_POINT('',(0.,0.));
#1236 = DIRECTION('',(1.,0.));
#1237 = ( GEOMETRIC_REPRESENTATION_CONTEXT(2) 
PARAMETRIC_REPRESENTATION_CONTEXT() REPRESENTATION_CONTEXT('2D SPACE',''
  ) );
#1238 = ORIENTED_EDGE('',*,*,#1189,.T.);
#1239 = ADVANCED_FACE('',(#1240),#1177,.T.);
#1240 = FACE_BOUND('',#1241,.T.);
#1241 = EDGE_LOOP('',(#1242));
#1242 = ORIENTED_EDGE('',*,*,#1155,.T.);
#1243 = ADVANCED_FACE('',(#1244),#1227,.F.);
#1244 = FACE_BOUND('',#1245,.T.);
#1245 = EDGE_LOOP('',(#1246));
#1246 = ORIENTED_EDGE('',*,*,#1212,.F.);
#1247 = MANIFOLD_SOLID_BREP('',#1248);
#1248 = CLOSED_SHELL('',(#1249));
#1249 = ADVANCED_FACE('',(#1250),#1254,.T.);
#1250 = FACE_BOUND('',#1251,.T.);
#1251 = VERTEX_LOOP('',#1252);
#1252 = VERTEX_POINT('',#1253);
#1253 = CARTESIAN_POINT('',(3.673940397442E-16,-48.,194.));
#1254 = SPHERICAL_SURFACE('',#1255,6.);
#1255 = AXIS2_PLACEMENT_3D('',#1256,#1257,#1258);
#1256 = CARTESIAN_POINT('',(0.,-48.,200.));
#1257 = DIRECTION('',(0.,0.,1.));
#1258 = DIRECTION('',(1.,0.,-0.));
#1259 = MANIFOLD_SOLID_BREP('',#1260);
#1260 = CLOSED_SHELL('',(#1261));
#1261 = ADVANCED_FACE('',(#1262),#1266,.T.);
#1262 = FACE_BOUND('',#1263,.T.);
#1263 = VERTEX_LOOP('',#1264);
#1264 = VERTEX_POINT('',#1265);
#1265 = CARTESIAN_POINT('',(-96.73339942703,-48.,122.98838520854));
#1266 = SPHERICAL_SURFACE('',#1267,6.);
#1267 = AXIS2_PLACEMENT_3D('',#1268,#1269,#1270);
#1268 = CARTESIAN_POINT('',(-96.73339942703,-48.,128.98838520854));
#1269 = DIRECTION('',(0.,0.,1.));
#1270 = DIRECTION('',(1.,0.,-0.));
#1271 = MANIFOLD_SOLID_BREP('',#1272);
#1272 = CLOSED_SHELL('',(#1273,#1361,#1365));
#1273 = ADVANCED_FACE('',(#1274),#1287,.T.);
#1274 = FACE_BOUND('',#1275,.T.);
#1275 = EDGE_LOOP('',(#1276,#1310,#1333,#1360));
#1276 = ORIENTED_EDGE('',*,*,#1277,.F.);
#1277 = EDGE_CURVE('',#1278,#1278,#1280,.T.);
#1278 = VERTEX_POINT('',#1279);
#1279 = CARTESIAN_POINT('',(-74.27653044782,-48.,10.955809045651));
#1280 = SURFACE_CURVE('',#1281,(#1286,#1298),.PCURVE_S1.);
#1281 = CIRCLE('',#1282,6.);
#1282 = AXIS2_PLACEMENT_3D('',#1283,#1284,#1285);
#1283 = CARTESIAN_POINT('',(-68.44562108553,-48.,12.370197962726));
#1284 = DIRECTION('',(0.235731486179,0.,-0.971818227049));
#1285 = DIRECTION('',(-0.971818227049,0.,-0.235731486179));
#1286 = PCURVE('',#1287,#1292);
#1287 = CYLINDRICAL_SURFACE('',#1288,6.);
#1288 = AXIS2_PLACEMENT_3D('',#1289,#1290,#1291);
#1289 = CARTESIAN_POINT('',(-96.73339942703,-48.,128.98838520854));
#1290 = DIRECTION('',(0.235731486179,0.,-0.971818227049));
#1291 = DIRECTION('',(-0.971818227049,0.,-0.235731486179));
#1292 = DEFINITIONAL_REPRESENTATION('',(#1293),#1297);
#1293 = LINE('',#1294,#1295);
#1294 = CARTESIAN_POINT('',(0.,120.));
#1295 = VECTOR('',#1296,1.);
#1296 = DIRECTION('',(1.,0.));
#1297 = ( GEOMETRIC_REPRESENTATION_CONTEXT(2) 
PARAMETRIC_REPRESENTATION_CONTEXT() REPRESENTATION_CONTEXT('2D SPACE',''
  ) );
#1298 = PCURVE('',#1299,#1304);
#1299 = PLANE('',#1300);
#1300 = AXIS2_PLACEMENT_3D('',#1301,#1302,#1303);
#1301 = CARTESIAN_POINT('',(-68.44562108553,-48.,12.370197962726));
#1302 = DIRECTION('',(0.235731486179,0.,-0.971818227049));
#1303 = DIRECTION('',(-0.971818227049,0.,-0.235731486179));
#1304 = DEFINITIONAL_REPRESENTATION('',(#1305),#1309);
#1305 = CIRCLE('',#1306,6.);
#1306 = AXIS2_PLACEMENT_2D('',#1307,#1308);
#1307 = CARTESIAN_POINT('',(0.,0.));
#1308 = DIRECTION('',(1.,0.));
#1309 = ( GEOMETRIC_REPRESENTATION_CONTEXT(2) 
PARAMETRIC_REPRESENTATION_CONTEXT() REPRESENTATION_CONTEXT('2D SPACE',''
  ) );
#1310 = ORIENTED_EDGE('',*,*,#1311,.F.);
#1311 = EDGE_CURVE('',#1312,#1278,#1314,.T.);
#1312 = VERTEX_POINT('',#1313);
#1313 = CARTESIAN_POINT('',(-102.5643087893,-48.,127.57399629147));
#1314 = SEAM_CURVE('',#1315,(#1319,#1326),.PCURVE_S1.);
#1315 = LINE('',#1316,#1317);
#1316 = CARTESIAN_POINT('',(-102.5643087893,-48.,127.57399629147));
#1317 = VECTOR('',#1318,1.);
#1318 = DIRECTION('',(0.235731486179,0.,-0.971818227049));
#1319 = PCURVE('',#1287,#1320);
#1320 = DEFINITIONAL_REPRESENTATION('',(#1321),#1325);
#1321 = LINE('',#1322,#1323);
#1322 = CARTESIAN_POINT('',(6.28318530718,-0.));
#1323 = VECTOR('',#1324,1.);
#1324 = DIRECTION('',(0.,1.));
#1325 = ( GEOMETRIC_REPRESENTATION_CONTEXT(2) 
PARAMETRIC_REPRESENTATION_CONTEXT() REPRESENTATION_CONTEXT('2D SPACE',''
  ) );
#1326 = PCURVE('',#1287,#1327);
#1327 = DEFINITIONAL_REPRESENTATION('',(#1328),#1332);
#1328 = LINE('',#1329,#1330);
#1329 = CARTESIAN_POINT('',(0.,-0.));
#1330 = VECTOR('',#1331,1.);
#1331 = DIRECTION('',(0.,1.));
#1332 = ( GEOMETRIC_REPRESENTATION_CONTEXT(2) 
PARAMETRIC_REPRESENTATION_CONTEXT() REPRESENTATION_CONTEXT('2D SPACE',''
  ) );
#1333 = ORIENTED_EDGE('',*,*,#1334,.T.);
#1334 = EDGE_CURVE('',#1312,#1312,#1335,.T.);
#1335 = SURFACE_CURVE('',#1336,(#1341,#1348),.PCURVE_S1.);
#1336 = CIRCLE('',#1337,6.);
#1337 = AXIS2_PLACEMENT_3D('',#1338,#1339,#1340);
#1338 = CARTESIAN_POINT('',(-96.73339942703,-48.,128.98838520854));
#1339 = DIRECTION('',(0.235731486179,0.,-0.971818227049));
#1340 = DIRECTION('',(-0.971818227049,0.,-0.235731486179));
#1341 = PCURVE('',#1287,#1342);
#1342 = DEFINITIONAL_REPRESENTATION('',(#1343),#1347);
#1343 = LINE('',#1344,#1345);
#1344 = CARTESIAN_POINT('',(0.,0.));
#1345 = VECTOR('',#1346,1.);
#1346 = DIRECTION('',(1.,0.));
#1347 = ( GEOMETRIC_REPRESENTATION_CONTEXT(2) 
PARAMETRIC_REPRESENTATION_CONTEXT() REPRESENTATION_CONTEXT('2D SPACE',''
  ) );
#1348 = PCURVE('',#1349,#1354);
#1349 = PLANE('',#1350);
#1350 = AXIS2_PLACEMENT_3D('',#1351,#1352,#1353);
#1351 = CARTESIAN_POINT('',(-96.73339942703,-48.,128.98838520854));
#1352 = DIRECTION('',(0.235731486179,0.,-0.971818227049));
#1353 = DIRECTION('',(-0.971818227049,0.,-0.235731486179));
#1354 = DEFINITIONAL_REPRESENTATION('',(#1355),#1359);
#1355 = CIRCLE('',#1356,6.);
#1356 = AXIS2_PLACEMENT_2D('',#1357,#1358);
#1357 = CARTESIAN_POINT('',(0.,0.));
#1358 = DIRECTION('',(1.,0.));
#1359 = ( GEOMETRIC_REPRESENTATION_CONTEXT(2) 
PARAMETRIC_REPRESENTATION_CONTEXT() REPRESENTATION_CONTEXT('2D SPACE',''
  ) );
#1360 = ORIENTED_EDGE('',*,*,#1311,.T.);
#1361 = ADVANCED_FACE('',(#1362),#1299,.T.);
#1362 = FACE_BOUND('',#1363,.T.);
#1363 = EDGE_LOOP('',(#1364));
#1364 = ORIENTED_EDGE('',*,*,#1277,.T.);
#1365 = ADVANCED_FACE('',(#1366),#1349,.F.);
#1366 = FACE_BOUND('',#1367,.T.);
#1367 = EDGE_LOOP('',(#1368));
#1368 = ORIENTED_EDGE('',*,*,#1334,.F.);
#1369 = MANIFOLD_SOLID_BREP('',#1370);
#1370 = CLOSED_SHELL('',(#1371));
#1371 = ADVANCED_FACE('',(#1372),#1376,.T.);
#1372 = FACE_BOUND('',#1373,.T.);
#1373 = VERTEX_LOOP('',#1374);
#1374 = VERTEX_POINT('',#1375);
#1375 = CARTESIAN_POINT('',(-96.73339942703,-48.,122.98838520854));
#1376 = SPHERICAL_SURFACE('',#1377,6.);
#1377 = AXIS2_PLACEMENT_3D('',#1378,#1379,#1380);
#1378 = CARTESIAN_POINT('',(-96.73339942703,-48.,128.98838520854));
#1379 = DIRECTION('',(0.,0.,1.));
#1380 = DIRECTION('',(1.,0.,-0.));
#1381 = MANIFOLD_SOLID_BREP('',#1382);
#1382 = CLOSED_SHELL('',(#1383));
#1383 = ADVANCED_FACE('',(#1384),#1388,.T.);
#1384 = FACE_BOUND('',#1385,.T.);
#1385 = VERTEX_LOOP('',#1386);
#1386 = VERTEX_POINT('',#1387);
#1387 = CARTESIAN_POINT('',(-68.44562108553,-48.,6.370197962726));
#1388 = SPHERICAL_SURFACE('',#1389,6.);
#1389 = AXIS2_PLACEMENT_3D('',#1390,#1391,#1392);
#1390 = CARTESIAN_POINT('',(-68.44562108553,-48.,12.370197962726));
#1391 = DIRECTION('',(0.,0.,1.));
#1392 = DIRECTION('',(1.,0.,-0.));
#1393 = MANIFOLD_SOLID_BREP('',#1394);
#1394 = CLOSED_SHELL('',(#1395,#1483,#1487));
#1395 = ADVANCED_FACE('',(#1396),#1409,.T.);
#1396 = FACE_BOUND('',#1397,.T.);
#1397 = EDGE_LOOP('',(#1398,#1432,#1455,#1482));
#1398 = ORIENTED_EDGE('',*,*,#1399,.F.);
#1399 = EDGE_CURVE('',#1400,#1400,#1402,.T.);
#1400 = VERTEX_POINT('',#1401);
#1401 = CARTESIAN_POINT('',(-18.51557624447,-48.,5.813474530264));
#1402 = SURFACE_CURVE('',#1403,(#1408,#1420),.PCURVE_S1.);
#1403 = CIRCLE('',#1404,6.);
#1404 = AXIS2_PLACEMENT_3D('',#1405,#1406,#1407);
#1405 = CARTESIAN_POINT('',(-20.,-48.,2.84217094304E-14));
#1406 = DIRECTION('',(0.968912421711,0.,-0.247403959255));
#1407 = DIRECTION('',(0.247403959255,0.,0.968912421711));
#1408 = PCURVE('',#1409,#1414);
#1409 = CYLINDRICAL_SURFACE('',#1410,6.);
#1410 = AXIS2_PLACEMENT_3D('',#1411,#1412,#1413);
#1411 = CARTESIAN_POINT('',(-68.44562108553,-48.,12.370197962726));
#1412 = DIRECTION('',(0.968912421711,0.,-0.247403959255));
#1413 = DIRECTION('',(0.247403959255,0.,0.968912421711));
#1414 = DEFINITIONAL_REPRESENTATION('',(#1415),#1419);
#1415 = LINE('',#1416,#1417);
#1416 = CARTESIAN_POINT('',(0.,50.));
#1417 = VECTOR('',#1418,1.);
#1418 = DIRECTION('',(1.,0.));
#1419 = ( GEOMETRIC_REPRESENTATION_CONTEXT(2) 
PARAMETRIC_REPRESENTATION_CONTEXT() REPRESENTATION_CONTEXT('2D SPACE',''
  ) );
#1420 = PCURVE('',#1421,#1426);
#1421 = PLANE('',#1422);
#1422 = AXIS2_PLACEMENT_3D('',#1423,#1424,#1425);
#1423 = CARTESIAN_POINT('',(-20.,-48.,2.84217094304E-14));
#1424 = DIRECTION('',(0.968912421711,0.,-0.247403959255));
#1425 = DIRECTION('',(0.247403959255,0.,0.968912421711));
#1426 = DEFINITIONAL_REPRESENTATION('',(#1427),#1431);
#1427 = CIRCLE('',#1428,6.);
#1428 = AXIS2_PLACEMENT_2D('',#1429,#1430);
#1429 = CARTESIAN_POINT('',(0.,0.));
#1430 = DIRECTION('',(1.,0.));
#1431 = ( GEOMETRIC_REPRESENTATION_CONTEXT(2) 
PARAMETRIC_REPRESENTATION_CONTEXT() REPRESENTATION_CONTEXT('2D SPACE',''
  ) );
#1432 = ORIENTED_EDGE('',*,*,#1433,.F.);
#1433 = EDGE_CURVE('',#1434,#1400,#1436,.T.);
#1434 = VERTEX_POINT('',#1435);
#1435 = CARTESIAN_POINT('',(-66.96119733,-48.,18.18367249299));
#1436 = SEAM_CURVE('',#1437,(#1441,#1448),.PCURVE_S1.);
#1437 = LINE('',#1438,#1439);
#1438 = CARTESIAN_POINT('',(-66.96119733,-48.,18.18367249299));
#1439 = VECTOR('',#1440,1.);
#1440 = DIRECTION('',(0.968912421711,0.,-0.247403959255));
#1441 = PCURVE('',#1409,#1442);
#1442 = DEFINITIONAL_REPRESENTATION('',(#1443),#1447);
#1443 = LINE('',#1444,#1445);
#1444 = CARTESIAN_POINT('',(6.28318530718,-0.));
#1445 = VECTOR('',#1446,1.);
#1446 = DIRECTION('',(0.,1.));
#1447 = ( GEOMETRIC_REPRESENTATION_CONTEXT(2) 
PARAMETRIC_REPRESENTATION_CONTEXT() REPRESENTATION_CONTEXT('2D SPACE',''
  ) );
#1448 = PCURVE('',#1409,#1449);
#1449 = DEFINITIONAL_REPRESENTATION('',(#1450),#1454);
#1450 = LINE('',#1451,#1452);
#1451 = CARTESIAN_POINT('',(0.,-0.));
#1452 = VECTOR('',#1453,1.);
#1453 = DIRECTION('',(0.,1.));
#1454 = ( GEOMETRIC_REPRESENTATION_CONTEXT(2) 
PARAMETRIC_REPRESENTATION_CONTEXT() REPRESENTATION_CONTEXT('2D SPACE',''
  ) );
#1455 = ORIENTED_EDGE('',*,*,#1456,.T.);
#1456 = EDGE_CURVE('',#1434,#1434,#1457,.T.);
#1457 = SURFACE_CURVE('',#1458,(#1463,#1470),.PCURVE_S1.);
#1458 = CIRCLE('',#1459,6.);
#1459 = AXIS2_PLACEMENT_3D('',#1460,#1461,#1462);
#1460 = CARTESIAN_POINT('',(-68.44562108553,-48.,12.370197962726));
#1461 = DIRECTION('',(0.968912421711,0.,-0.247403959255));
#1462 = DIRECTION('',(0.247403959255,0.,0.968912421711));
#1463 = PCURVE('',#1409,#1464);
#1464 = DEFINITIONAL_REPRESENTATION('',(#1465),#1469);
#1465 = LINE('',#1466,#1467);
#1466 = CARTESIAN_POINT('',(0.,0.));
#1467 = VECTOR('',#1468,1.);
#1468 = DIRECTION('',(1.,0.));
#1469 = ( GEOMETRIC_REPRESENTATION_CONTEXT(2) 
PARAMETRIC_REPRESENTATION_CONTEXT() REPRESENTATION_CONTEXT('2D SPACE',''
  ) );
#1470 = PCURVE('',#1471,#1476);
#1471 = PLANE('',#1472);
#1472 = AXIS2_PLACEMENT_3D('',#1473,#1474,#1475);
#1473 = CARTESIAN_POINT('',(-68.44562108553,-48.,12.370197962726));
#1474 = DIRECTION('',(0.968912421711,0.,-0.247403959255));
#1475 = DIRECTION('',(0.247403959255,0.,0.968912421711));
#1476 = DEFINITIONAL_REPRESENTATION('',(#1477),#1481);
#1477 = CIRCLE('',#1478,6.);
#1478 = AXIS2_PLACEMENT_2D('',#1479,#1480);
#1479 = CARTESIAN_POINT('',(0.,0.));
#1480 = DIRECTION('',(1.,0.));
#1481 = ( GEOMETRIC_REPRESENTATION_CONTEXT(2) 
PARAMETRIC_REPRESENTATION_CONTEXT() REPRESENTATION_CONTEXT('2D SPACE',''
  ) );
#1482 = ORIENTED_EDGE('',*,*,#1433,.T.);
#1483 = ADVANCED_FACE('',(#1484),#1421,.T.);
#1484 = FACE_BOUND('',#1485,.T.);
#1485 = EDGE_LOOP('',(#1486));
#1486 = ORIENTED_EDGE('',*,*,#1399,.T.);
#1487 = ADVANCED_FACE('',(#1488),#1471,.F.);
#1488 = FACE_BOUND('',#1489,.T.);
#1489 = EDGE_LOOP('',(#1490));
#1490 = ORIENTED_EDGE('',*,*,#1456,.F.);
#1491 = MANIFOLD_SOLID_BREP('',#1492);
#1492 = CLOSED_SHELL('',(#1493));
#1493 = ADVANCED_FACE('',(#1494),#1498,.T.);
#1494 = FACE_BOUND('',#1495,.T.);
#1495 = VERTEX_LOOP('',#1496);
#1496 = VERTEX_POINT('',#1497);
#1497 = CARTESIAN_POINT('',(-68.44562108553,-48.,6.370197962726));
#1498 = SPHERICAL_SURFACE('',#1499,6.);
#1499 = AXIS2_PLACEMENT_3D('',#1500,#1501,#1502);
#1500 = CARTESIAN_POINT('',(-68.44562108553,-48.,12.370197962726));
#1501 = DIRECTION('',(0.,0.,1.));
#1502 = DIRECTION('',(1.,0.,-0.));
#1503 = MANIFOLD_SOLID_BREP('',#1504);
#1504 = CLOSED_SHELL('',(#1505));
#1505 = ADVANCED_FACE('',(#1506),#1510,.T.);
#1506 = FACE_BOUND('',#1507,.T.);
#1507 = VERTEX_LOOP('',#1508);
#1508 = VERTEX_POINT('',#1509);
#1509 = CARTESIAN_POINT('',(-20.,-48.,-6.));
#1510 = SPHERICAL_SURFACE('',#1511,6.);
#1511 = AXIS2_PLACEMENT_3D('',#1512,#1513,#1514);
#1512 = CARTESIAN_POINT('',(-20.,-48.,2.84217094304E-14));
#1513 = DIRECTION('',(0.,0.,1.));
#1514 = DIRECTION('',(1.,0.,-0.));
#1515 = MANIFOLD_SOLID_BREP('',#1516);
#1516 = CLOSED_SHELL('',(#1517));
#1517 = ADVANCED_FACE('',(#1518),#1522,.T.);
#1518 = FACE_BOUND('',#1519,.T.);
#1519 = VERTEX_LOOP('',#1520);
#1520 = VERTEX_POINT('',#1521);
#1521 = CARTESIAN_POINT('',(5.143516556419E-16,-48.,191.6));
#1522 = SPHERICAL_SURFACE('',#1523,8.4);
#1523 = AXIS2_PLACEMENT_3D('',#1524,#1525,#1526);
#1524 = CARTESIAN_POINT('',(0.,-48.,200.));
#1525 = DIRECTION('',(0.,0.,1.));
#1526 = DIRECTION('',(1.,0.,-0.));
#1527 = MANIFOLD_SOLID_BREP('',#1528);
#1528 = CLOSED_SHELL('',(#1529,#1617,#1621));
#1529 = ADVANCED_FACE('',(#1530),#1543,.T.);
#1530 = FACE_BOUND('',#1531,.T.);
#1531 = EDGE_LOOP('',(#1532,#1566,#1589,#1616));
#1532 = ORIENTED_EDGE('',*,*,#1533,.F.);
#1533 = EDGE_CURVE('',#1534,#1534,#1536,.T.);
#1534 = VERTEX_POINT('',#1535);
#1535 = CARTESIAN_POINT('',(-72.47249015107,2.204364238465E-15,
    211.34628447123));
#1536 = SURFACE_CURVE('',#1537,(#1542,#1554),.PCURVE_S1.);
#1537 = CIRCLE('',#1538,9.);
#1538 = AXIS2_PLACEMENT_3D('',#1539,#1540,#1541);
#1539 = CARTESIAN_POINT('',(-70.,0.,220.));
#1540 = DIRECTION('',(-0.961523947641,0.,0.274721127897));
#1541 = DIRECTION('',(-0.274721127897,0.,-0.961523947641));
#1542 = PCURVE('',#1543,#1548);
#1543 = CYLINDRICAL_SURFACE('',#1544,9.);
#1544 = AXIS2_PLACEMENT_3D('',#1545,#1546,#1547);
#1545 = CARTESIAN_POINT('',(7.105427357601E-15,0.,200.));
#1546 = DIRECTION('',(-0.961523947641,0.,0.274721127897));
#1547 = DIRECTION('',(-0.274721127897,0.,-0.961523947641));
#1548 = DEFINITIONAL_REPRESENTATION('',(#1549),#1553);
#1549 = LINE('',#1550,#1551);
#1550 = CARTESIAN_POINT('',(0.,72.801098892805));
#1551 = VECTOR('',#1552,1.);
#1552 = DIRECTION('',(1.,0.));
#1553 = ( GEOMETRIC_REPRESENTATION_CONTEXT(2) 
PARAMETRIC_REPRESENTATION_CONTEXT() REPRESENTATION_CONTEXT('2D SPACE',''
  ) );
#1554 = PCURVE('',#1555,#1560);
#1555 = PLANE('',#1556);
#1556 = AXIS2_PLACEMENT_3D('',#1557,#1558,#1559);
#1557 = CARTESIAN_POINT('',(-70.,0.,220.));
#1558 = DIRECTION('',(-0.961523947641,0.,0.274721127897));
#1559 = DIRECTION('',(-0.274721127897,0.,-0.961523947641));
#1560 = DEFINITIONAL_REPRESENTATION('',(#1561),#1565);
#1561 = CIRCLE('',#1562,9.);
#1562 = AXIS2_PLACEMENT_2D('',#1563,#1564);
#1563 = CARTESIAN_POINT('',(0.,0.));
#1564 = DIRECTION('',(1.,0.));
#1565 = ( GEOMETRIC_REPRESENTATION_CONTEXT(2) 
PARAMETRIC_REPRESENTATION_CONTEXT() REPRESENTATION_CONTEXT('2D SPACE',''
  ) );
#1566 = ORIENTED_EDGE('',*,*,#1567,.F.);
#1567 = EDGE_CURVE('',#1568,#1534,#1570,.T.);
#1568 = VERTEX_POINT('',#1569);
#1569 = CARTESIAN_POINT('',(-2.472490151076,2.204364238465E-15,
    191.34628447123));
#1570 = SEAM_CURVE('',#1571,(#1575,#1582),.PCURVE_S1.);
#1571 = LINE('',#1572,#1573);
#1572 = CARTESIAN_POINT('',(-2.472490151076,2.204364238465E-15,
    191.34628447123));
#1573 = VECTOR('',#1574,1.);
#1574 = DIRECTION('',(-0.961523947641,0.,0.274721127897));
#1575 = PCURVE('',#1543,#1576);
#1576 = DEFINITIONAL_REPRESENTATION('',(#1577),#1581);
#1577 = LINE('',#1578,#1579);
#1578 = CARTESIAN_POINT('',(6.28318530718,-0.));
#1579 = VECTOR('',#1580,1.);
#1580 = DIRECTION('',(0.,1.));
#1581 = ( GEOMETRIC_REPRESENTATION_CONTEXT(2) 
PARAMETRIC_REPRESENTATION_CONTEXT() REPRESENTATION_CONTEXT('2D SPACE',''
  ) );
#1582 = PCURVE('',#1543,#1583);
#1583 = DEFINITIONAL_REPRESENTATION('',(#1584),#1588);
#1584 = LINE('',#1585,#1586);
#1585 = CARTESIAN_POINT('',(0.,-0.));
#1586 = VECTOR('',#1587,1.);
#1587 = DIRECTION('',(0.,1.));
#1588 = ( GEOMETRIC_REPRESENTATION_CONTEXT(2) 
PARAMETRIC_REPRESENTATION_CONTEXT() REPRESENTATION_CONTEXT('2D SPACE',''
  ) );
#1589 = ORIENTED_EDGE('',*,*,#1590,.T.);
#1590 = EDGE_CURVE('',#1568,#1568,#1591,.T.);
#1591 = SURFACE_CURVE('',#1592,(#1597,#1604),.PCURVE_S1.);
#1592 = CIRCLE('',#1593,9.);
#1593 = AXIS2_PLACEMENT_3D('',#1594,#1595,#1596);
#1594 = CARTESIAN_POINT('',(7.105427357601E-15,0.,200.));
#1595 = DIRECTION('',(-0.961523947641,0.,0.274721127897));
#1596 = DIRECTION('',(-0.274721127897,0.,-0.961523947641));
#1597 = PCURVE('',#1543,#1598);
#1598 = DEFINITIONAL_REPRESENTATION('',(#1599),#1603);
#1599 = LINE('',#1600,#1601);
#1600 = CARTESIAN_POINT('',(0.,0.));
#1601 = VECTOR('',#1602,1.);
#1602 = DIRECTION('',(1.,0.));
#1603 = ( GEOMETRIC_REPRESENTATION_CONTEXT(2) 
PARAMETRIC_REPRESENTATION_CONTEXT() REPRESENTATION_CONTEXT('2D SPACE',''
  ) );
#1604 = PCURVE('',#1605,#1610);
#1605 = PLANE('',#1606);
#1606 = AXIS2_PLACEMENT_3D('',#1607,#1608,#1609);
#1607 = CARTESIAN_POINT('',(7.105427357601E-15,0.,200.));
#1608 = DIRECTION('',(-0.961523947641,0.,0.274721127897));
#1609 = DIRECTION('',(-0.274721127897,0.,-0.961523947641));
#1610 = DEFINITIONAL_REPRESENTATION('',(#1611),#1615);
#1611 = CIRCLE('',#1612,9.);
#1612 = AXIS2_PLACEMENT_2D('',#1613,#1614);
#1613 = CARTESIAN_POINT('',(0.,0.));
#1614 = DIRECTION('',(1.,0.));
#1615 = ( GEOMETRIC_REPRESENTATION_CONTEXT(2) 
PARAMETRIC_REPRESENTATION_CONTEXT() REPRESENTATION_CONTEXT('2D SPACE',''
  ) );
#1616 = ORIENTED_EDGE('',*,*,#1567,.T.);
#1617 = ADVANCED_FACE('',(#1618),#1555,.T.);
#1618 = FACE_BOUND('',#1619,.T.);
#1619 = EDGE_LOOP('',(#1620));
#1620 = ORIENTED_EDGE('',*,*,#1533,.T.);
#1621 = ADVANCED_FACE('',(#1622),#1605,.F.);
#1622 = FACE_BOUND('',#1623,.T.);
#1623 = EDGE_LOOP('',(#1624));
#1624 = ORIENTED_EDGE('',*,*,#1590,.F.);
#1625 = MANIFOLD_SOLID_BREP('',#1626);
#1626 = CLOSED_SHELL('',(#1627));
#1627 = ADVANCED_FACE('',(#1628),#1632,.T.);
#1628 = FACE_BOUND('',#1629,.T.);
#1629 = VERTEX_LOOP('',#1630);
#1630 = VERTEX_POINT('',#1631);
#1631 = CARTESIAN_POINT('',(5.510910596163E-16,-1.349783804396E-31,191.)
  );
#1632 = SPHERICAL_SURFACE('',#1633,9.);
#1633 = AXIS2_PLACEMENT_3D('',#1634,#1635,#1636);
#1634 = CARTESIAN_POINT('',(0.,0.,200.));
#1635 = DIRECTION('',(0.,0.,1.));
#1636 = DIRECTION('',(1.,0.,-0.));
#1637 = MANIFOLD_SOLID_BREP('',#1638);
#1638 = CLOSED_SHELL('',(#1639));
#1639 = ADVANCED_FACE('',(#1640),#1644,.T.);
#1640 = FACE_BOUND('',#1641,.T.);
#1641 = VERTEX_LOOP('',#1642);
#1642 = VERTEX_POINT('',#1643);
#1643 = CARTESIAN_POINT('',(-70.,-1.349783804396E-31,211.));
#1644 = SPHERICAL_SURFACE('',#1645,9.);
#1645 = AXIS2_PLACEMENT_3D('',#1646,#1647,#1648);
#1646 = CARTESIAN_POINT('',(-70.,0.,220.));
#1647 = DIRECTION('',(0.,0.,1.));
#1648 = DIRECTION('',(1.,0.,-0.));
#1649 = MANIFOLD_SOLID_BREP('',#1650);
#1650 = CLOSED_SHELL('',(#1651,#1739,#1743));
#1651 = ADVANCED_FACE('',(#1652),#1665,.T.);
#1652 = FACE_BOUND('',#1653,.T.);
#1653 = EDGE_LOOP('',(#1654,#1688,#1711,#1738));
#1654 = ORIENTED_EDGE('',*,*,#1655,.F.);
#1655 = EDGE_CURVE('',#1656,#1656,#1658,.T.);
#1656 = VERTEX_POINT('',#1657);
#1657 = CARTESIAN_POINT('',(-128.7581284453,1.714505518806E-15,
    249.09436958587));
#1658 = SURFACE_CURVE('',#1659,(#1664,#1676),.PCURVE_S1.);
#1659 = CIRCLE('',#1660,7.);
#1660 = AXIS2_PLACEMENT_3D('',#1661,#1662,#1663);
#1661 = CARTESIAN_POINT('',(-125.,0.,255.));
#1662 = DIRECTION('',(-0.843661487732,0.,0.536875492193));
#1663 = DIRECTION('',(-0.536875492193,0.,-0.843661487732));
#1664 = PCURVE('',#1665,#1670);
#1665 = CYLINDRICAL_SURFACE('',#1666,7.);
#1666 = AXIS2_PLACEMENT_3D('',#1667,#1668,#1669);
#1667 = CARTESIAN_POINT('',(-70.,0.,220.));
#1668 = DIRECTION('',(-0.843661487732,0.,0.536875492193));
#1669 = DIRECTION('',(-0.536875492193,0.,-0.843661487732));
#1670 = DEFINITIONAL_REPRESENTATION('',(#1671),#1675);
#1671 = LINE('',#1672,#1673);
#1672 = CARTESIAN_POINT('',(0.,65.192024052026));
#1673 = VECTOR('',#1674,1.);
#1674 = DIRECTION('',(1.,0.));
#1675 = ( GEOMETRIC_REPRESENTATION_CONTEXT(2) 
PARAMETRIC_REPRESENTATION_CONTEXT() REPRESENTATION_CONTEXT('2D SPACE',''
  ) );
#1676 = PCURVE('',#1677,#1682);
#1677 = PLANE('',#1678);
#1678 = AXIS2_PLACEMENT_3D('',#1679,#1680,#1681);
#1679 = CARTESIAN_POINT('',(-125.,0.,255.));
#1680 = DIRECTION('',(-0.843661487732,0.,0.536875492193));
#1681 = DIRECTION('',(-0.536875492193,0.,-0.843661487732));
#1682 = DEFINITIONAL_REPRESENTATION('',(#1683),#1687);
#1683 = CIRCLE('',#1684,7.);
#1684 = AXIS2_PLACEMENT_2D('',#1685,#1686);
#1685 = CARTESIAN_POINT('',(0.,0.));
#1686 = DIRECTION('',(1.,0.));
#1687 = ( GEOMETRIC_REPRESENTATION_CONTEXT(2) 
PARAMETRIC_REPRESENTATION_CONTEXT() REPRESENTATION_CONTEXT('2D SPACE',''
  ) );
#1688 = ORIENTED_EDGE('',*,*,#1689,.F.);
#1689 = EDGE_CURVE('',#1690,#1656,#1692,.T.);
#1690 = VERTEX_POINT('',#1691);
#1691 = CARTESIAN_POINT('',(-73.75812844535,1.714505518806E-15,
    214.09436958587));
#1692 = SEAM_CURVE('',#1693,(#1697,#1704),.PCURVE_S1.);
#1693 = LINE('',#1694,#1695);
#1694 = CARTESIAN_POINT('',(-73.75812844535,1.714505518806E-15,
    214.09436958587));
#1695 = VECTOR('',#1696,1.);
#1696 = DIRECTION('',(-0.843661487732,0.,0.536875492193));
#1697 = PCURVE('',#1665,#1698);
#1698 = DEFINITIONAL_REPRESENTATION('',(#1699),#1703);
#1699 = LINE('',#1700,#1701);
#1700 = CARTESIAN_POINT('',(6.28318530718,-0.));
#1701 = VECTOR('',#1702,1.);
#1702 = DIRECTION('',(0.,1.));
#1703 = ( GEOMETRIC_REPRESENTATION_CONTEXT(2) 
PARAMETRIC_REPRESENTATION_CONTEXT() REPRESENTATION_CONTEXT('2D SPACE',''
  ) );
#1704 = PCURVE('',#1665,#1705);
#1705 = DEFINITIONAL_REPRESENTATION('',(#1706),#1710);
#1706 = LINE('',#1707,#1708);
#1707 = CARTESIAN_POINT('',(0.,-0.));
#1708 = VECTOR('',#1709,1.);
#1709 = DIRECTION('',(0.,1.));
#1710 = ( GEOMETRIC_REPRESENTATION_CONTEXT(2) 
PARAMETRIC_REPRESENTATION_CONTEXT() REPRESENTATION_CONTEXT('2D SPACE',''
  ) );
#1711 = ORIENTED_EDGE('',*,*,#1712,.T.);
#1712 = EDGE_CURVE('',#1690,#1690,#1713,.T.);
#1713 = SURFACE_CURVE('',#1714,(#1719,#1726),.PCURVE_S1.);
#1714 = CIRCLE('',#1715,7.);
#1715 = AXIS2_PLACEMENT_3D('',#1716,#1717,#1718);
#1716 = CARTESIAN_POINT('',(-70.,0.,220.));
#1717 = DIRECTION('',(-0.843661487732,0.,0.536875492193));
#1718 = DIRECTION('',(-0.536875492193,0.,-0.843661487732));
#1719 = PCURVE('',#1665,#1720);
#1720 = DEFINITIONAL_REPRESENTATION('',(#1721),#1725);
#1721 = LINE('',#1722,#1723);
#1722 = CARTESIAN_POINT('',(0.,0.));
#1723 = VECTOR('',#1724,1.);
#1724 = DIRECTION('',(1.,0.));
#1725 = ( GEOMETRIC_REPRESENTATION_CONTEXT(2) 
PARAMETRIC_REPRESENTATION_CONTEXT() REPRESENTATION_CONTEXT('2D SPACE',''
  ) );
#1726 = PCURVE('',#1727,#1732);
#1727 = PLANE('',#1728);
#1728 = AXIS2_PLACEMENT_3D('',#1729,#1730,#1731);
#1729 = CARTESIAN_POINT('',(-70.,0.,220.));
#1730 = DIRECTION('',(-0.843661487732,0.,0.536875492193));
#1731 = DIRECTION('',(-0.536875492193,0.,-0.843661487732));
#1732 = DEFINITIONAL_REPRESENTATION('',(#1733),#1737);
#1733 = CIRCLE('',#1734,7.);
#1734 = AXIS2_PLACEMENT_2D('',#1735,#1736);
#1735 = CARTESIAN_POINT('',(0.,0.));
#1736 = DIRECTION('',(1.,0.));
#1737 = ( GEOMETRIC_REPRESENTATION_CONTEXT(2) 
PARAMETRIC_REPRESENTATION_CONTEXT() REPRESENTATION_CONTEXT('2D SPACE',''
  ) );
#1738 = ORIENTED_EDGE('',*,*,#1689,.T.);
#1739 = ADVANCED_FACE('',(#1740),#1677,.T.);
#1740 = FACE_BOUND('',#1741,.T.);
#1741 = EDGE_LOOP('',(#1742));
#1742 = ORIENTED_EDGE('',*,*,#1655,.T.);
#1743 = ADVANCED_FACE('',(#1744),#1727,.F.);
#1744 = FACE_BOUND('',#1745,.T.);
#1745 = EDGE_LOOP('',(#1746));
#1746 = ORIENTED_EDGE('',*,*,#1712,.F.);
#1747 = MANIFOLD_SOLID_BREP('',#1748);
#1748 = CLOSED_SHELL('',(#1749));
#1749 = ADVANCED_FACE('',(#1750),#1754,.T.);
#1750 = FACE_BOUND('',#1751,.T.);
#1751 = VERTEX_LOOP('',#1752);
#1752 = VERTEX_POINT('',#1753);
#1753 = CARTESIAN_POINT('',(-70.,-1.049831847863E-31,213.));
#1754 = SPHERICAL_SURFACE('',#1755,7.);
#1755 = AXIS2_PLACEMENT_3D('',#1756,#1757,#1758);
#1756 = CARTESIAN_POINT('',(-70.,0.,220.));
#1757 = DIRECTION('',(0.,0.,1.));
#1758 = DIRECTION('',(1.,0.,-0.));
#1759 = MANIFOLD_SOLID_BREP('',#1760);
#1760 = CLOSED_SHELL('',(#1761));
#1761 = ADVANCED_FACE('',(#1762),#1766,.T.);
#1762 = FACE_BOUND('',#1763,.T.);
#1763 = VERTEX_LOOP('',#1764);
#1764 = VERTEX_POINT('',#1765);
#1765 = CARTESIAN_POINT('',(-125.,-1.049831847863E-31,248.));
#1766 = SPHERICAL_SURFACE('',#1767,7.);
#1767 = AXIS2_PLACEMENT_3D('',#1768,#1769,#1770);
#1768 = CARTESIAN_POINT('',(-125.,0.,255.));
#1769 = DIRECTION('',(0.,0.,1.));
#1770 = DIRECTION('',(1.,0.,-0.));
#1771 = MANIFOLD_SOLID_BREP('',#1772);
#1772 = CLOSED_SHELL('',(#1773,#1861,#1865));
#1773 = ADVANCED_FACE('',(#1774),#1787,.T.);
#1774 = FACE_BOUND('',#1775,.T.);
#1775 = EDGE_LOOP('',(#1776,#1810,#1833,#1860));
#1776 = ORIENTED_EDGE('',*,*,#1777,.F.);
#1777 = EDGE_CURVE('',#1778,#1778,#1780,.T.);
#1778 = VERTEX_POINT('',#1779);
#1779 = CARTESIAN_POINT('',(-156.0532389131,-1.224646799147E-15,
    303.06970306757));
#1780 = SURFACE_CURVE('',#1781,(#1786,#1798),.PCURVE_S1.);
#1781 = CIRCLE('',#1782,5.);
#1782 = AXIS2_PLACEMENT_3D('',#1783,#1784,#1785);
#1783 = CARTESIAN_POINT('',(-160.,0.,300.));
#1784 = DIRECTION('',(-0.613940613515,0.,0.789352217376));
#1785 = DIRECTION('',(0.789352217376,0.,0.613940613515));
#1786 = PCURVE('',#1787,#1792);
#1787 = CYLINDRICAL_SURFACE('',#1788,5.);
#1788 = AXIS2_PLACEMENT_3D('',#1789,#1790,#1791);
#1789 = CARTESIAN_POINT('',(-125.,0.,255.));
#1790 = DIRECTION('',(-0.613940613515,0.,0.789352217376));
#1791 = DIRECTION('',(0.789352217376,0.,0.613940613515));
#1792 = DEFINITIONAL_REPRESENTATION('',(#1793),#1797);
#1793 = LINE('',#1794,#1795);
#1794 = CARTESIAN_POINT('',(0.,57.008771254957));
#1795 = VECTOR('',#1796,1.);
#1796 = DIRECTION('',(1.,0.));
#1797 = ( GEOMETRIC_REPRESENTATION_CONTEXT(2) 
PARAMETRIC_REPRESENTATION_CONTEXT() REPRESENTATION_CONTEXT('2D SPACE',''
  ) );
#1798 = PCURVE('',#1799,#1804);
#1799 = PLANE('',#1800);
#1800 = AXIS2_PLACEMENT_3D('',#1801,#1802,#1803);
#1801 = CARTESIAN_POINT('',(-160.,0.,300.));
#1802 = DIRECTION('',(-0.613940613515,0.,0.789352217376));
#1803 = DIRECTION('',(0.789352217376,0.,0.613940613515));
#1804 = DEFINITIONAL_REPRESENTATION('',(#1805),#1809);
#1805 = CIRCLE('',#1806,5.);
#1806 = AXIS2_PLACEMENT_2D('',#1807,#1808);
#1807 = CARTESIAN_POINT('',(0.,0.));
#1808 = DIRECTION('',(1.,0.));
#1809 = ( GEOMETRIC_REPRESENTATION_CONTEXT(2) 
PARAMETRIC_REPRESENTATION_CONTEXT() REPRESENTATION_CONTEXT('2D SPACE',''
  ) );
#1810 = ORIENTED_EDGE('',*,*,#1811,.F.);
#1811 = EDGE_CURVE('',#1812,#1778,#1814,.T.);
#1812 = VERTEX_POINT('',#1813);
#1813 = CARTESIAN_POINT('',(-121.0532389131,-1.224646799147E-15,
    258.06970306757));
#1814 = SEAM_CURVE('',#1815,(#1819,#1826),.PCURVE_S1.);
#1815 = LINE('',#1816,#1817);
#1816 = CARTESIAN_POINT('',(-121.0532389131,-1.224646799147E-15,
    258.06970306757));
#1817 = VECTOR('',#1818,1.);
#1818 = DIRECTION('',(-0.613940613515,0.,0.789352217376));
#1819 = PCURVE('',#1787,#1820);
#1820 = DEFINITIONAL_REPRESENTATION('',(#1821),#1825);
#1821 = LINE('',#1822,#1823);
#1822 = CARTESIAN_POINT('',(6.28318530718,-0.));
#1823 = VECTOR('',#1824,1.);
#1824 = DIRECTION('',(0.,1.));
#1825 = ( GEOMETRIC_REPRESENTATION_CONTEXT(2) 
PARAMETRIC_REPRESENTATION_CONTEXT() REPRESENTATION_CONTEXT('2D SPACE',''
  ) );
#1826 = PCURVE('',#1787,#1827);
#1827 = DEFINITIONAL_REPRESENTATION('',(#1828),#1832);
#1828 = LINE('',#1829,#1830);
#1829 = CARTESIAN_POINT('',(0.,-0.));
#1830 = VECTOR('',#1831,1.);
#1831 = DIRECTION('',(0.,1.));
#1832 = ( GEOMETRIC_REPRESENTATION_CONTEXT(2) 
PARAMETRIC_REPRESENTATION_CONTEXT() REPRESENTATION_CONTEXT('2D SPACE',''
  ) );
#1833 = ORIENTED_EDGE('',*,*,#1834,.T.);
#1834 = EDGE_CURVE('',#1812,#1812,#1835,.T.);
#1835 = SURFACE_CURVE('',#1836,(#1841,#1848),.PCURVE_S1.);
#1836 = CIRCLE('',#1837,5.);
#1837 = AXIS2_PLACEMENT_3D('',#1838,#1839,#1840);
#1838 = CARTESIAN_POINT('',(-125.,0.,255.));
#1839 = DIRECTION('',(-0.613940613515,0.,0.789352217376));
#1840 = DIRECTION('',(0.789352217376,0.,0.613940613515));
#1841 = PCURVE('',#1787,#1842);
#1842 = DEFINITIONAL_REPRESENTATION('',(#1843),#1847);
#1843 = LINE('',#1844,#1845);
#1844 = CARTESIAN_POINT('',(0.,0.));
#1845 = VECTOR('',#1846,1.);
#1846 = DIRECTION('',(1.,0.));
#1847 = ( GEOMETRIC_REPRESENTATION_CONTEXT(2) 
PARAMETRIC_REPRESENTATION_CONTEXT() REPRESENTATION_CONTEXT('2D SPACE',''
  ) );
#1848 = PCURVE('',#1849,#1854);
#1849 = PLANE('',#1850);
#1850 = AXIS2_PLACEMENT_3D('',#1851,#1852,#1853);
#1851 = CARTESIAN_POINT('',(-125.,0.,255.));
#1852 = DIRECTION('',(-0.613940613515,0.,0.789352217376));
#1853 = DIRECTION('',(0.789352217376,0.,0.613940613515));
#1854 = DEFINITIONAL_REPRESENTATION('',(#1855),#1859);
#1855 = CIRCLE('',#1856,5.);
#1856 = AXIS2_PLACEMENT_2D('',#1857,#1858);
#1857 = CARTESIAN_POINT('',(0.,0.));
#1858 = DIRECTION('',(1.,0.));
#1859 = ( GEOMETRIC_REPRESENTATION_CONTEXT(2) 
PARAMETRIC_REPRESENTATION_CONTEXT() REPRESENTATION_CONTEXT('2D SPACE',''
  ) );
#1860 = ORIENTED_EDGE('',*,*,#1811,.T.);
#1861 = ADVANCED_FACE('',(#1862),#1799,.T.);
#1862 = FACE_BOUND('',#1863,.T.);
#1863 = EDGE_LOOP('',(#1864));
#1864 = ORIENTED_EDGE('',*,*,#1777,.T.);
#1865 = ADVANCED_FACE('',(#1866),#1849,.F.);
#1866 = FACE_BOUND('',#1867,.T.);
#1867 = EDGE_LOOP('',(#1868));
#1868 = ORIENTED_EDGE('',*,*,#1834,.F.);
#1869 = MANIFOLD_SOLID_BREP('',#1870);
#1870 = CLOSED_SHELL('',(#1871));
#1871 = ADVANCED_FACE('',(#1872),#1876,.T.);
#1872 = FACE_BOUND('',#1873,.T.);
#1873 = VERTEX_LOOP('',#1874);
#1874 = VERTEX_POINT('',#1875);
#1875 = CARTESIAN_POINT('',(-125.,-7.498798913309E-32,250.));
#1876 = SPHERICAL_SURFACE('',#1877,5.);
#1877 = AXIS2_PLACEMENT_3D('',#1878,#1879,#1880);
#1878 = CARTESIAN_POINT('',(-125.,0.,255.));
#1879 = DIRECTION('',(0.,0.,1.));
#1880 = DIRECTION('',(1.,0.,-0.));
#1881 = MANIFOLD_SOLID_BREP('',#1882);
#1882 = CLOSED_SHELL('',(#1883));
#1883 = ADVANCED_FACE('',(#1884),#1888,.T.);
#1884 = FACE_BOUND('',#1885,.T.);
#1885 = VERTEX_LOOP('',#1886);
#1886 = VERTEX_POINT('',#1887);
#1887 = CARTESIAN_POINT('',(-160.,-7.498798913309E-32,295.));
#1888 = SPHERICAL_SURFACE('',#1889,5.);
#1889 = AXIS2_PLACEMENT_3D('',#1890,#1891,#1892);
#1890 = CARTESIAN_POINT('',(-160.,0.,300.));
#1891 = DIRECTION('',(0.,0.,1.));
#1892 = DIRECTION('',(1.,0.,-0.));
#1893 = MANIFOLD_SOLID_BREP('',#1894);
#1894 = CLOSED_SHELL('',(#1895,#1983,#1987));
#1895 = ADVANCED_FACE('',(#1896),#1909,.T.);
#1896 = FACE_BOUND('',#1897,.T.);
#1897 = EDGE_LOOP('',(#1898,#1932,#1955,#1982));
#1898 = ORIENTED_EDGE('',*,*,#1899,.F.);
#1899 = EDGE_CURVE('',#1900,#1900,#1902,.T.);
#1900 = VERTEX_POINT('',#1901);
#1901 = CARTESIAN_POINT('',(75.,4.310756732999E-15,217.6));
#1902 = SURFACE_CURVE('',#1903,(#1908,#1920),.PCURVE_S1.);
#1903 = CIRCLE('',#1904,17.6);
#1904 = AXIS2_PLACEMENT_3D('',#1905,#1906,#1907);
#1905 = CARTESIAN_POINT('',(75.,0.,200.));
#1906 = DIRECTION('',(1.,0.,-0.));
#1907 = DIRECTION('',(0.,0.,1.));
#1908 = PCURVE('',#1909,#1914);
#1909 = CYLINDRICAL_SURFACE('',#1910,17.6);
#1910 = AXIS2_PLACEMENT_3D('',#1911,#1912,#1913);
#1911 = CARTESIAN_POINT('',(0.,0.,200.));
#1912 = DIRECTION('',(1.,0.,0.));
#1913 = DIRECTION('',(0.,0.,1.));
#1914 = DEFINITIONAL_REPRESENTATION('',(#1915),#1919);
#1915 = LINE('',#1916,#1917);
#1916 = CARTESIAN_POINT('',(0.,75.));
#1917 = VECTOR('',#1918,1.);
#1918 = DIRECTION('',(1.,0.));
#1919 = ( GEOMETRIC_REPRESENTATION_CONTEXT(2) 
PARAMETRIC_REPRESENTATION_CONTEXT() REPRESENTATION_CONTEXT('2D SPACE',''
  ) );
#1920 = PCURVE('',#1921,#1926);
#1921 = PLANE('',#1922);
#1922 = AXIS2_PLACEMENT_3D('',#1923,#1924,#1925);
#1923 = CARTESIAN_POINT('',(75.,0.,200.));
#1924 = DIRECTION('',(1.,0.,0.));
#1925 = DIRECTION('',(0.,0.,1.));
#1926 = DEFINITIONAL_REPRESENTATION('',(#1927),#1931);
#1927 = CIRCLE('',#1928,17.6);
#1928 = AXIS2_PLACEMENT_2D('',#1929,#1930);
#1929 = CARTESIAN_POINT('',(0.,0.));
#1930 = DIRECTION('',(1.,0.));
#1931 = ( GEOMETRIC_REPRESENTATION_CONTEXT(2) 
PARAMETRIC_REPRESENTATION_CONTEXT() REPRESENTATION_CONTEXT('2D SPACE',''
  ) );
#1932 = ORIENTED_EDGE('',*,*,#1933,.F.);
#1933 = EDGE_CURVE('',#1934,#1900,#1936,.T.);
#1934 = VERTEX_POINT('',#1935);
#1935 = CARTESIAN_POINT('',(0.,4.310756732999E-15,217.6));
#1936 = SEAM_CURVE('',#1937,(#1941,#1948),.PCURVE_S1.);
#1937 = LINE('',#1938,#1939);
#1938 = CARTESIAN_POINT('',(0.,4.310756732999E-15,217.6));
#1939 = VECTOR('',#1940,1.);
#1940 = DIRECTION('',(1.,0.,0.));
#1941 = PCURVE('',#1909,#1942);
#1942 = DEFINITIONAL_REPRESENTATION('',(#1943),#1947);
#1943 = LINE('',#1944,#1945);
#1944 = CARTESIAN_POINT('',(6.28318530718,-0.));
#1945 = VECTOR('',#1946,1.);
#1946 = DIRECTION('',(0.,1.));
#1947 = ( GEOMETRIC_REPRESENTATION_CONTEXT(2) 
PARAMETRIC_REPRESENTATION_CONTEXT() REPRESENTATION_CONTEXT('2D SPACE',''
  ) );
#1948 = PCURVE('',#1909,#1949);
#1949 = DEFINITIONAL_REPRESENTATION('',(#1950),#1954);
#1950 = LINE('',#1951,#1952);
#1951 = CARTESIAN_POINT('',(0.,-0.));
#1952 = VECTOR('',#1953,1.);
#1953 = DIRECTION('',(0.,1.));
#1954 = ( GEOMETRIC_REPRESENTATION_CONTEXT(2) 
PARAMETRIC_REPRESENTATION_CONTEXT() REPRESENTATION_CONTEXT('2D SPACE',''
  ) );
#1955 = ORIENTED_EDGE('',*,*,#1956,.T.);
#1956 = EDGE_CURVE('',#1934,#1934,#1957,.T.);
#1957 = SURFACE_CURVE('',#1958,(#1963,#1970),.PCURVE_S1.);
#1958 = CIRCLE('',#1959,17.6);
#1959 = AXIS2_PLACEMENT_3D('',#1960,#1961,#1962);
#1960 = CARTESIAN_POINT('',(0.,0.,200.));
#1961 = DIRECTION('',(1.,0.,-0.));
#1962 = DIRECTION('',(0.,0.,1.));
#1963 = PCURVE('',#1909,#1964);
#1964 = DEFINITIONAL_REPRESENTATION('',(#1965),#1969);
#1965 = LINE('',#1966,#1967);
#1966 = CARTESIAN_POINT('',(0.,0.));
#1967 = VECTOR('',#1968,1.);
#1968 = DIRECTION('',(1.,0.));
#1969 = ( GEOMETRIC_REPRESENTATION_CONTEXT(2) 
PARAMETRIC_REPRESENTATION_CONTEXT() REPRESENTATION_CONTEXT('2D SPACE',''
  ) );
#1970 = PCURVE('',#1971,#1976);
#1971 = PLANE('',#1972);
#1972 = AXIS2_PLACEMENT_3D('',#1973,#1974,#1975);
#1973 = CARTESIAN_POINT('',(0.,0.,200.));
#1974 = DIRECTION('',(1.,0.,0.));
#1975 = DIRECTION('',(0.,0.,1.));
#1976 = DEFINITIONAL_REPRESENTATION('',(#1977),#1981);
#1977 = CIRCLE('',#1978,17.6);
#1978 = AXIS2_PLACEMENT_2D('',#1979,#1980);
#1979 = CARTESIAN_POINT('',(0.,0.));
#1980 = DIRECTION('',(1.,0.));
#1981 = ( GEOMETRIC_REPRESENTATION_CONTEXT(2) 
PARAMETRIC_REPRESENTATION_CONTEXT() REPRESENTATION_CONTEXT('2D SPACE',''
  ) );
#1982 = ORIENTED_EDGE('',*,*,#1933,.T.);
#1983 = ADVANCED_FACE('',(#1984),#1921,.T.);
#1984 = FACE_BOUND('',#1985,.T.);
#1985 = EDGE_LOOP('',(#1986));
#1986 = ORIENTED_EDGE('',*,*,#1899,.T.);
#1987 = ADVANCED_FACE('',(#1988),#1971,.F.);
#1988 = FACE_BOUND('',#1989,.T.);
#1989 = EDGE_LOOP('',(#1990));
#1990 = ORIENTED_EDGE('',*,*,#1956,.F.);
#1991 = MANIFOLD_SOLID_BREP('',#1992);
#1992 = CLOSED_SHELL('',(#1993));
#1993 = ADVANCED_FACE('',(#1994),#1998,.T.);
#1994 = FACE_BOUND('',#1995,.T.);
#1995 = VERTEX_LOOP('',#1996);
#1996 = VERTEX_POINT('',#1997);
#1997 = CARTESIAN_POINT('',(1.07768918325E-15,-2.639577217485E-31,182.4)
  );
#1998 = SPHERICAL_SURFACE('',#1999,17.6);
#1999 = AXIS2_PLACEMENT_3D('',#2000,#2001,#2002);
#2000 = CARTESIAN_POINT('',(0.,0.,200.));
#2001 = DIRECTION('',(0.,0.,1.));
#2002 = DIRECTION('',(1.,0.,-0.));
#2003 = MANIFOLD_SOLID_BREP('',#2004);
#2004 = CLOSED_SHELL('',(#2005));
#2005 = ADVANCED_FACE('',(#2006),#2010,.T.);
#2006 = FACE_BOUND('',#2007,.T.);
#2007 = VERTEX_LOOP('',#2008);
#2008 = VERTEX_POINT('',#2009);
#2009 = CARTESIAN_POINT('',(75.,-2.639577217485E-31,182.4));
#2010 = SPHERICAL_SURFACE('',#2011,17.6);
#2011 = AXIS2_PLACEMENT_3D('',#2012,#2013,#2014);
#2012 = CARTESIAN_POINT('',(75.,0.,200.));
#2013 = DIRECTION('',(0.,0.,1.));
#2014 = DIRECTION('',(1.,0.,-0.));
#2015 = MANIFOLD_SOLID_BREP('',#2016);
#2016 = CLOSED_SHELL('',(#2017,#2105,#2109));
#2017 = ADVANCED_FACE('',(#2018),#2031,.T.);
#2018 = FACE_BOUND('',#2019,.T.);
#2019 = EDGE_LOOP('',(#2020,#2054,#2077,#2104));
#2020 = ORIENTED_EDGE('',*,*,#2021,.F.);
#2021 = EDGE_CURVE('',#2022,#2022,#2024,.T.);
#2022 = VERTEX_POINT('',#2023);
#2023 = CARTESIAN_POINT('',(140.,3.984184253226E-15,216.26666666666));
#2024 = SURFACE_CURVE('',#2025,(#2030,#2042),.PCURVE_S1.);
#2025 = CIRCLE('',#2026,16.266666666667);
#2026 = AXIS2_PLACEMENT_3D('',#2027,#2028,#2029);
#2027 = CARTESIAN_POINT('',(140.,0.,200.));
#2028 = DIRECTION('',(1.,0.,-0.));
#2029 = DIRECTION('',(0.,0.,1.));
#2030 = PCURVE('',#2031,#2036);
#2031 = CYLINDRICAL_SURFACE('',#2032,16.266666666667);
#2032 = AXIS2_PLACEMENT_3D('',#2033,#2034,#2035);
#2033 = CARTESIAN_POINT('',(75.,0.,200.));
#2034 = DIRECTION('',(1.,0.,0.));
#2035 = DIRECTION('',(0.,0.,1.));
#2036 = DEFINITIONAL_REPRESENTATION('',(#2037),#2041);
#2037 = LINE('',#2038,#2039);
#2038 = CARTESIAN_POINT('',(0.,65.));
#2039 = VECTOR('',#2040,1.);
#2040 = DIRECTION('',(1.,0.));
#2041 = ( GEOMETRIC_REPRESENTATION_CONTEXT(2) 
PARAMETRIC_REPRESENTATION_CONTEXT() REPRESENTATION_CONTEXT('2D SPACE',''
  ) );
#2042 = PCURVE('',#2043,#2048);
#2043 = PLANE('',#2044);
#2044 = AXIS2_PLACEMENT_3D('',#2045,#2046,#2047);
#2045 = CARTESIAN_POINT('',(140.,0.,200.));
#2046 = DIRECTION('',(1.,0.,0.));
#2047 = DIRECTION('',(0.,0.,1.));
#2048 = DEFINITIONAL_REPRESENTATION('',(#2049),#2053);
#2049 = CIRCLE('',#2050,16.266666666667);
#2050 = AXIS2_PLACEMENT_2D('',#2051,#2052);
#2051 = CARTESIAN_POINT('',(0.,0.));
#2052 = DIRECTION('',(1.,0.));
#2053 = ( GEOMETRIC_REPRESENTATION_CONTEXT(2) 
PARAMETRIC_REPRESENTATION_CONTEXT() REPRESENTATION_CONTEXT('2D SPACE',''
  ) );
#2054 = ORIENTED_EDGE('',*,*,#2055,.F.);
#2055 = EDGE_CURVE('',#2056,#2022,#2058,.T.);
#2056 = VERTEX_POINT('',#2057);
#2057 = CARTESIAN_POINT('',(75.,3.984184253226E-15,216.26666666666));
#2058 = SEAM_CURVE('',#2059,(#2063,#2070),.PCURVE_S1.);
#2059 = LINE('',#2060,#2061);
#2060 = CARTESIAN_POINT('',(75.,3.984184253226E-15,216.26666666666));
#2061 = VECTOR('',#2062,1.);
#2062 = DIRECTION('',(1.,0.,0.));
#2063 = PCURVE('',#2031,#2064);
#2064 = DEFINITIONAL_REPRESENTATION('',(#2065),#2069);
#2065 = LINE('',#2066,#2067);
#2066 = CARTESIAN_POINT('',(6.28318530718,-0.));
#2067 = VECTOR('',#2068,1.);
#2068 = DIRECTION('',(0.,1.));
#2069 = ( GEOMETRIC_REPRESENTATION_CONTEXT(2) 
PARAMETRIC_REPRESENTATION_CONTEXT() REPRESENTATION_CONTEXT('2D SPACE',''
  ) );
#2070 = PCURVE('',#2031,#2071);
#2071 = DEFINITIONAL_REPRESENTATION('',(#2072),#2076);
#2072 = LINE('',#2073,#2074);
#2073 = CARTESIAN_POINT('',(0.,-0.));
#2074 = VECTOR('',#2075,1.);
#2075 = DIRECTION('',(0.,1.));
#2076 = ( GEOMETRIC_REPRESENTATION_CONTEXT(2) 
PARAMETRIC_REPRESENTATION_CONTEXT() REPRESENTATION_CONTEXT('2D SPACE',''
  ) );
#2077 = ORIENTED_EDGE('',*,*,#2078,.T.);
#2078 = EDGE_CURVE('',#2056,#2056,#2079,.T.);
#2079 = SURFACE_CURVE('',#2080,(#2085,#2092),.PCURVE_S1.);
#2080 = CIRCLE('',#2081,16.266666666667);
#2081 = AXIS2_PLACEMENT_3D('',#2082,#2083,#2084);
#2082 = CARTESIAN_POINT('',(75.,0.,200.));
#2083 = DIRECTION('',(1.,0.,-0.));
#2084 = DIRECTION('',(0.,0.,1.));
#2085 = PCURVE('',#2031,#2086);
#2086 = DEFINITIONAL_REPRESENTATION('',(#2087),#2091);
#2087 = LINE('',#2088,#2089);
#2088 = CARTESIAN_POINT('',(0.,0.));
#2089 = VECTOR('',#2090,1.);
#2090 = DIRECTION('',(1.,0.));
#2091 = ( GEOMETRIC_REPRESENTATION_CONTEXT(2) 
PARAMETRIC_REPRESENTATION_CONTEXT() REPRESENTATION_CONTEXT('2D SPACE',''
  ) );
#2092 = PCURVE('',#2093,#2098);
#2093 = PLANE('',#2094);
#2094 = AXIS2_PLACEMENT_3D('',#2095,#2096,#2097);
#2095 = CARTESIAN_POINT('',(75.,0.,200.));
#2096 = DIRECTION('',(1.,0.,0.));
#2097 = DIRECTION('',(0.,0.,1.));
#2098 = DEFINITIONAL_REPRESENTATION('',(#2099),#2103);
#2099 = CIRCLE('',#2100,16.266666666667);
#2100 = AXIS2_PLACEMENT_2D('',#2101,#2102);
#2101 = CARTESIAN_POINT('',(0.,0.));
#2102 = DIRECTION('',(1.,0.));
#2103 = ( GEOMETRIC_REPRESENTATION_CONTEXT(2) 
PARAMETRIC_REPRESENTATION_CONTEXT() REPRESENTATION_CONTEXT('2D SPACE',''
  ) );
#2104 = ORIENTED_EDGE('',*,*,#2055,.T.);
#2105 = ADVANCED_FACE('',(#2106),#2043,.T.);
#2106 = FACE_BOUND('',#2107,.T.);
#2107 = EDGE_LOOP('',(#2108));
#2108 = ORIENTED_EDGE('',*,*,#2021,.T.);
#2109 = ADVANCED_FACE('',(#2110),#2093,.F.);
#2110 = FACE_BOUND('',#2111,.T.);
#2111 = EDGE_LOOP('',(#2112));
#2112 = ORIENTED_EDGE('',*,*,#2078,.F.);
#2113 = MANIFOLD_SOLID_BREP('',#2114);
#2114 = CLOSED_SHELL('',(#2115));
#2115 = ADVANCED_FACE('',(#2116),#2120,.T.);
#2116 = FACE_BOUND('',#2117,.T.);
#2117 = VERTEX_LOOP('',#2118);
#2118 = VERTEX_POINT('',#2119);
#2119 = CARTESIAN_POINT('',(75.,-2.439609246463E-31,183.73333333333));
#2120 = SPHERICAL_SURFACE('',#2121,16.266666666667);
#2121 = AXIS2_PLACEMENT_3D('',#2122,#2123,#2124);
#2122 = CARTESIAN_POINT('',(75.,0.,200.));
#2123 = DIRECTION('',(0.,0.,1.));
#2124 = DIRECTION('',(1.,0.,-0.));
#2125 = MANIFOLD_SOLID_BREP('',#2126);
#2126 = CLOSED_SHELL('',(#2127));
#2127 = ADVANCED_FACE('',(#2128),#2132,.T.);
#2128 = FACE_BOUND('',#2129,.T.);
#2129 = VERTEX_LOOP('',#2130);
#2130 = VERTEX_POINT('',#2131);
#2131 = CARTESIAN_POINT('',(140.,-2.439609246463E-31,183.73333333333));
#2132 = SPHERICAL_SURFACE('',#2133,16.266666666667);
#2133 = AXIS2_PLACEMENT_3D('',#2134,#2135,#2136);
#2134 = CARTESIAN_POINT('',(140.,0.,200.));
#2135 = DIRECTION('',(0.,0.,1.));
#2136 = DIRECTION('',(1.,0.,-0.));
#2137 = MANIFOLD_SOLID_BREP('',#2138);
#2138 = CLOSED_SHELL('',(#2139,#2227,#2231));
#2139 = ADVANCED_FACE('',(#2140),#2153,.T.);
#2140 = FACE_BOUND('',#2141,.T.);
#2141 = EDGE_LOOP('',(#2142,#2176,#2199,#2226));
#2142 = ORIENTED_EDGE('',*,*,#2143,.F.);
#2143 = EDGE_CURVE('',#2144,#2144,#2146,.T.);
#2144 = VERTEX_POINT('',#2145);
#2145 = CARTESIAN_POINT('',(195.,3.657611773453E-15,214.93333333333));
#2146 = SURFACE_CURVE('',#2147,(#2152,#2164),.PCURVE_S1.);
#2147 = CIRCLE('',#2148,14.933333333333);
#2148 = AXIS2_PLACEMENT_3D('',#2149,#2150,#2151);
#2149 = CARTESIAN_POINT('',(195.,0.,200.));
#2150 = DIRECTION('',(1.,0.,-0.));
#2151 = DIRECTION('',(0.,0.,1.));
#2152 = PCURVE('',#2153,#2158);
#2153 = CYLINDRICAL_SURFACE('',#2154,14.933333333333);
#2154 = AXIS2_PLACEMENT_3D('',#2155,#2156,#2157);
#2155 = CARTESIAN_POINT('',(140.,0.,200.));
#2156 = DIRECTION('',(1.,0.,0.));
#2157 = DIRECTION('',(0.,0.,1.));
#2158 = DEFINITIONAL_REPRESENTATION('',(#2159),#2163);
#2159 = LINE('',#2160,#2161);
#2160 = CARTESIAN_POINT('',(0.,55.));
#2161 = VECTOR('',#2162,1.);
#2162 = DIRECTION('',(1.,0.));
#2163 = ( GEOMETRIC_REPRESENTATION_CONTEXT(2) 
PARAMETRIC_REPRESENTATION_CONTEXT() REPRESENTATION_CONTEXT('2D SPACE',''
  ) );
#2164 = PCURVE('',#2165,#2170);
#2165 = PLANE('',#2166);
#2166 = AXIS2_PLACEMENT_3D('',#2167,#2168,#2169);
#2167 = CARTESIAN_POINT('',(195.,0.,200.));
#2168 = DIRECTION('',(1.,0.,0.));
#2169 = DIRECTION('',(0.,0.,1.));
#2170 = DEFINITIONAL_REPRESENTATION('',(#2171),#2175);
#2171 = CIRCLE('',#2172,14.933333333333);
#2172 = AXIS2_PLACEMENT_2D('',#2173,#2174);
#2173 = CARTESIAN_POINT('',(0.,0.));
#2174 = DIRECTION('',(1.,0.));
#2175 = ( GEOMETRIC_REPRESENTATION_CONTEXT(2) 
PARAMETRIC_REPRESENTATION_CONTEXT() REPRESENTATION_CONTEXT('2D SPACE',''
  ) );
#2176 = ORIENTED_EDGE('',*,*,#2177,.F.);
#2177 = EDGE_CURVE('',#2178,#2144,#2180,.T.);
#2178 = VERTEX_POINT('',#2179);
#2179 = CARTESIAN_POINT('',(140.,3.657611773453E-15,214.93333333333));
#2180 = SEAM_CURVE('',#2181,(#2185,#2192),.PCURVE_S1.);
#2181 = LINE('',#2182,#2183);
#2182 = CARTESIAN_POINT('',(140.,3.657611773453E-15,214.93333333333));
#2183 = VECTOR('',#2184,1.);
#2184 = DIRECTION('',(1.,0.,0.));
#2185 = PCURVE('',#2153,#2186);
#2186 = DEFINITIONAL_REPRESENTATION('',(#2187),#2191);
#2187 = LINE('',#2188,#2189);
#2188 = CARTESIAN_POINT('',(6.28318530718,-0.));
#2189 = VECTOR('',#2190,1.);
#2190 = DIRECTION('',(0.,1.));
#2191 = ( GEOMETRIC_REPRESENTATION_CONTEXT(2) 
PARAMETRIC_REPRESENTATION_CONTEXT() REPRESENTATION_CONTEXT('2D SPACE',''
  ) );
#2192 = PCURVE('',#2153,#2193);
#2193 = DEFINITIONAL_REPRESENTATION('',(#2194),#2198);
#2194 = LINE('',#2195,#2196);
#2195 = CARTESIAN_POINT('',(0.,-0.));
#2196 = VECTOR('',#2197,1.);
#2197 = DIRECTION('',(0.,1.));
#2198 = ( GEOMETRIC_REPRESENTATION_CONTEXT(2) 
PARAMETRIC_REPRESENTATION_CONTEXT() REPRESENTATION_CONTEXT('2D SPACE',''
  ) );
#2199 = ORIENTED_EDGE('',*,*,#2200,.T.);
#2200 = EDGE_CURVE('',#2178,#2178,#2201,.T.);
#2201 = SURFACE_CURVE('',#2202,(#2207,#2214),.PCURVE_S1.);
#2202 = CIRCLE('',#2203,14.933333333333);
#2203 = AXIS2_PLACEMENT_3D('',#2204,#2205,#2206);
#2204 = CARTESIAN_POINT('',(140.,0.,200.));
#2205 = DIRECTION('',(1.,0.,-0.));
#2206 = DIRECTION('',(0.,0.,1.));
#2207 = PCURVE('',#2153,#2208);
#2208 = DEFINITIONAL_REPRESENTATION('',(#2209),#2213);
#2209 = LINE('',#2210,#2211);
#2210 = CARTESIAN_POINT('',(0.,0.));
#2211 = VECTOR('',#2212,1.);
#2212 = DIRECTION('',(1.,0.));
#2213 = ( GEOMETRIC_REPRESENTATION_CONTEXT(2) 
PARAMETRIC_REPRESENTATION_CONTEXT() REPRESENTATION_CONTEXT('2D SPACE',''
  ) );
#2214 = PCURVE('',#2215,#2220);
#2215 = PLANE('',#2216);
#2216 = AXIS2_PLACEMENT_3D('',#2217,#2218,#2219);
#2217 = CARTESIAN_POINT('',(140.,0.,200.));
#2218 = DIRECTION('',(1.,0.,0.));
#2219 = DIRECTION('',(0.,0.,1.));
#2220 = DEFINITIONAL_REPRESENTATION('',(#2221),#2225);
#2221 = CIRCLE('',#2222,14.933333333333);
#2222 = AXIS2_PLACEMENT_2D('',#2223,#2224);
#2223 = CARTESIAN_POINT('',(0.,0.));
#2224 = DIRECTION('',(1.,0.));
#2225 = ( GEOMETRIC_REPRESENTATION_CONTEXT(2) 
PARAMETRIC_REPRESENTATION_CONTEXT() REPRESENTATION_CONTEXT('2D SPACE',''
  ) );
#2226 = ORIENTED_EDGE('',*,*,#2177,.T.);
#2227 = ADVANCED_FACE('',(#2228),#2165,.T.);
#2228 = FACE_BOUND('',#2229,.T.);
#2229 = EDGE_LOOP('',(#2230));
#2230 = ORIENTED_EDGE('',*,*,#2143,.T.);
#2231 = ADVANCED_FACE('',(#2232),#2215,.F.);
#2232 = FACE_BOUND('',#2233,.T.);
#2233 = EDGE_LOOP('',(#2234));
#2234 = ORIENTED_EDGE('',*,*,#2200,.F.);
#2235 = MANIFOLD_SOLID_BREP('',#2236);
#2236 = CLOSED_SHELL('',(#2237));
#2237 = ADVANCED_FACE('',(#2238),#2242,.T.);
#2238 = FACE_BOUND('',#2239,.T.);
#2239 = VERTEX_LOOP('',#2240);
#2240 = VERTEX_POINT('',#2241);
#2241 = CARTESIAN_POINT('',(140.,-2.239641275442E-31,185.06666666666));
#2242 = SPHERICAL_SURFACE('',#2243,14.933333333333);
#2243 = AXIS2_PLACEMENT_3D('',#2244,#2245,#2246);
#2244 = CARTESIAN_POINT('',(140.,0.,200.));
#2245 = DIRECTION('',(0.,0.,1.));
#2246 = DIRECTION('',(1.,0.,-0.));
#2247 = MANIFOLD_SOLID_BREP('',#2248);
#2248 = CLOSED_SHELL('',(#2249));
#2249 = ADVANCED_FACE('',(#2250),#2254,.T.);
#2250 = FACE_BOUND('',#2251,.T.);
#2251 = VERTEX_LOOP('',#2252);
#2252 = VERTEX_POINT('',#2253);
#2253 = CARTESIAN_POINT('',(195.,-2.239641275442E-31,185.06666666666));
#2254 = SPHERICAL_SURFACE('',#2255,14.933333333333);
#2255 = AXIS2_PLACEMENT_3D('',#2256,#2257,#2258);
#2256 = CARTESIAN_POINT('',(195.,0.,200.));
#2257 = DIRECTION('',(0.,0.,1.));
#2258 = DIRECTION('',(1.,0.,-0.));
#2259 = MANIFOLD_SOLID_BREP('',#2260);
#2260 = CLOSED_SHELL('',(#2261));
#2261 = ADVANCED_FACE('',(#2262),#2266,.T.);
#2262 = FACE_BOUND('',#2263,.T.);
#2263 = VERTEX_LOOP('',#2264);
#2264 = VERTEX_POINT('',#2265);
#2265 = CARTESIAN_POINT('',(9.699202649247E-16,-2.375619495736E-31,
    184.16));
#2266 = SPHERICAL_SURFACE('',#2267,15.84);
#2267 = AXIS2_PLACEMENT_3D('',#2268,#2269,#2270);
#2268 = CARTESIAN_POINT('',(0.,0.,200.));
#2269 = DIRECTION('',(0.,0.,1.));
#2270 = DIRECTION('',(1.,0.,-0.));
#2271 = MANIFOLD_SOLID_BREP('',#2272);
#2272 = CLOSED_SHELL('',(#2273));
#2273 = ADVANCED_FACE('',(#2274),#2278,.T.);
#2274 = FACE_BOUND('',#2275,.T.);
#2275 = VERTEX_LOOP('',#2276);
#2276 = VERTEX_POINT('',#2277);
#2277 = CARTESIAN_POINT('',(75.,-2.195648321817E-31,185.36));
#2278 = SPHERICAL_SURFACE('',#2279,14.64);
#2279 = AXIS2_PLACEMENT_3D('',#2280,#2281,#2282);
#2280 = CARTESIAN_POINT('',(75.,0.,200.));
#2281 = DIRECTION('',(0.,0.,1.));
#2282 = DIRECTION('',(1.,0.,-0.));
#2283 = MANIFOLD_SOLID_BREP('',#2284);
#2284 = CLOSED_SHELL('',(#2285));
#2285 = ADVANCED_FACE('',(#2286),#2290,.T.);
#2286 = FACE_BOUND('',#2287,.T.);
#2287 = VERTEX_LOOP('',#2288);
#2288 = VERTEX_POINT('',#2289);
#2289 = CARTESIAN_POINT('',(140.,-2.015677147898E-31,186.56));
#2290 = SPHERICAL_SURFACE('',#2291,13.44);
#2291 = AXIS2_PLACEMENT_3D('',#2292,#2293,#2294);
#2292 = CARTESIAN_POINT('',(140.,0.,200.));
#2293 = DIRECTION('',(0.,0.,1.));
#2294 = DIRECTION('',(1.,0.,-0.));
#2295 = MANIFOLD_SOLID_BREP('',#2296);
#2296 = CLOSED_SHELL('',(#2297));
#2297 = ADVANCED_FACE('',(#2298),#2302,.T.);
#2298 = FACE_BOUND('',#2299,.T.);
#2299 = VERTEX_LOOP('',#2300);
#2300 = VERTEX_POINT('',#2301);
#2301 = CARTESIAN_POINT('',(195.,-1.835705973978E-31,187.76));
#2302 = SPHERICAL_SURFACE('',#2303,12.24);
#2303 = AXIS2_PLACEMENT_3D('',#2304,#2305,#2306);
#2304 = CARTESIAN_POINT('',(195.,0.,200.));
#2305 = DIRECTION('',(0.,0.,1.));
#2306 = DIRECTION('',(1.,0.,-0.));
#2307 = MANIFOLD_SOLID_BREP('',#2308);
#2308 = CLOSED_SHELL('',(#2309,#2397,#2401));
#2309 = ADVANCED_FACE('',(#2310),#2323,.T.);
#2310 = FACE_BOUND('',#2311,.T.);
#2311 = EDGE_LOOP('',(#2312,#2346,#2369,#2396));
#2312 = ORIENTED_EDGE('',*,*,#2313,.F.);
#2313 = EDGE_CURVE('',#2314,#2314,#2316,.T.);
#2314 = VERTEX_POINT('',#2315);
#2315 = CARTESIAN_POINT('',(176.,56.,198.5));
#2316 = SURFACE_CURVE('',#2317,(#2322,#2334),.PCURVE_S1.);
#2317 = CIRCLE('',#2318,8.);
#2318 = AXIS2_PLACEMENT_3D('',#2319,#2320,#2321);
#2319 = CARTESIAN_POINT('',(176.,56.,190.5));
#2320 = DIRECTION('',(0.,1.,0.));
#2321 = DIRECTION('',(0.,0.,1.));
#2322 = PCURVE('',#2323,#2328);
#2323 = CYLINDRICAL_SURFACE('',#2324,8.);
#2324 = AXIS2_PLACEMENT_3D('',#2325,#2326,#2327);
#2325 = CARTESIAN_POINT('',(176.,28.,190.5));
#2326 = DIRECTION('',(0.,1.,0.));
#2327 = DIRECTION('',(0.,0.,1.));
#2328 = DEFINITIONAL_REPRESENTATION('',(#2329),#2333);
#2329 = LINE('',#2330,#2331);
#2330 = CARTESIAN_POINT('',(0.,28.));
#2331 = VECTOR('',#2332,1.);
#2332 = DIRECTION('',(1.,0.));
#2333 = ( GEOMETRIC_REPRESENTATION_CONTEXT(2) 
PARAMETRIC_REPRESENTATION_CONTEXT() REPRESENTATION_CONTEXT('2D SPACE',''
  ) );
#2334 = PCURVE('',#2335,#2340);
#2335 = PLANE('',#2336);
#2336 = AXIS2_PLACEMENT_3D('',#2337,#2338,#2339);
#2337 = CARTESIAN_POINT('',(176.,56.,190.5));
#2338 = DIRECTION('',(0.,1.,0.));
#2339 = DIRECTION('',(0.,0.,1.));
#2340 = DEFINITIONAL_REPRESENTATION('',(#2341),#2345);
#2341 = CIRCLE('',#2342,8.);
#2342 = AXIS2_PLACEMENT_2D('',#2343,#2344);
#2343 = CARTESIAN_POINT('',(0.,0.));
#2344 = DIRECTION('',(1.,0.));
#2345 = ( GEOMETRIC_REPRESENTATION_CONTEXT(2) 
PARAMETRIC_REPRESENTATION_CONTEXT() REPRESENTATION_CONTEXT('2D SPACE',''
  ) );
#2346 = ORIENTED_EDGE('',*,*,#2347,.F.);
#2347 = EDGE_CURVE('',#2348,#2314,#2350,.T.);
#2348 = VERTEX_POINT('',#2349);
#2349 = CARTESIAN_POINT('',(176.,28.,198.5));
#2350 = SEAM_CURVE('',#2351,(#2355,#2362),.PCURVE_S1.);
#2351 = LINE('',#2352,#2353);
#2352 = CARTESIAN_POINT('',(176.,28.,198.5));
#2353 = VECTOR('',#2354,1.);
#2354 = DIRECTION('',(0.,1.,0.));
#2355 = PCURVE('',#2323,#2356);
#2356 = DEFINITIONAL_REPRESENTATION('',(#2357),#2361);
#2357 = LINE('',#2358,#2359);
#2358 = CARTESIAN_POINT('',(6.28318530718,-0.));
#2359 = VECTOR('',#2360,1.);
#2360 = DIRECTION('',(0.,1.));
#2361 = ( GEOMETRIC_REPRESENTATION_CONTEXT(2) 
PARAMETRIC_REPRESENTATION_CONTEXT() REPRESENTATION_CONTEXT('2D SPACE',''
  ) );
#2362 = PCURVE('',#2323,#2363);
#2363 = DEFINITIONAL_REPRESENTATION('',(#2364),#2368);
#2364 = LINE('',#2365,#2366);
#2365 = CARTESIAN_POINT('',(0.,-0.));
#2366 = VECTOR('',#2367,1.);
#2367 = DIRECTION('',(0.,1.));
#2368 = ( GEOMETRIC_REPRESENTATION_CONTEXT(2) 
PARAMETRIC_REPRESENTATION_CONTEXT() REPRESENTATION_CONTEXT('2D SPACE',''
  ) );
#2369 = ORIENTED_EDGE('',*,*,#2370,.T.);
#2370 = EDGE_CURVE('',#2348,#2348,#2371,.T.);
#2371 = SURFACE_CURVE('',#2372,(#2377,#2384),.PCURVE_S1.);
#2372 = CIRCLE('',#2373,8.);
#2373 = AXIS2_PLACEMENT_3D('',#2374,#2375,#2376);
#2374 = CARTESIAN_POINT('',(176.,28.,190.5));
#2375 = DIRECTION('',(0.,1.,0.));
#2376 = DIRECTION('',(0.,0.,1.));
#2377 = PCURVE('',#2323,#2378);
#2378 = DEFINITIONAL_REPRESENTATION('',(#2379),#2383);
#2379 = LINE('',#2380,#2381);
#2380 = CARTESIAN_POINT('',(0.,0.));
#2381 = VECTOR('',#2382,1.);
#2382 = DIRECTION('',(1.,0.));
#2383 = ( GEOMETRIC_REPRESENTATION_CONTEXT(2) 
PARAMETRIC_REPRESENTATION_CONTEXT() REPRESENTATION_CONTEXT('2D SPACE',''
  ) );
#2384 = PCURVE('',#2385,#2390);
#2385 = PLANE('',#2386);
#2386 = AXIS2_PLACEMENT_3D('',#2387,#2388,#2389);
#2387 = CARTESIAN_POINT('',(176.,28.,190.5));
#2388 = DIRECTION('',(0.,1.,0.));
#2389 = DIRECTION('',(0.,0.,1.));
#2390 = DEFINITIONAL_REPRESENTATION('',(#2391),#2395);
#2391 = CIRCLE('',#2392,8.);
#2392 = AXIS2_PLACEMENT_2D('',#2393,#2394);
#2393 = CARTESIAN_POINT('',(0.,0.));
#2394 = DIRECTION('',(1.,0.));
#2395 = ( GEOMETRIC_REPRESENTATION_CONTEXT(2) 
PARAMETRIC_REPRESENTATION_CONTEXT() REPRESENTATION_CONTEXT('2D SPACE',''
  ) );
#2396 = ORIENTED_EDGE('',*,*,#2347,.T.);
#2397 = ADVANCED_FACE('',(#2398),#2335,.T.);
#2398 = FACE_BOUND('',#2399,.T.);
#2399 = EDGE_LOOP('',(#2400));
#2400 = ORIENTED_EDGE('',*,*,#2313,.T.);
#2401 = ADVANCED_FACE('',(#2402),#2385,.F.);
#2402 = FACE_BOUND('',#2403,.T.);
#2403 = EDGE_LOOP('',(#2404));
#2404 = ORIENTED_EDGE('',*,*,#2370,.F.);
#2405 = MANIFOLD_SOLID_BREP('',#2406);
#2406 = CLOSED_SHELL('',(#2407,#2495,#2499));
#2407 = ADVANCED_FACE('',(#2408),#2421,.T.);
#2408 = FACE_BOUND('',#2409,.T.);
#2409 = EDGE_LOOP('',(#2410,#2444,#2467,#2494));
#2410 = ORIENTED_EDGE('',*,*,#2411,.F.);
#2411 = EDGE_CURVE('',#2412,#2412,#2414,.T.);
#2412 = VERTEX_POINT('',#2413);
#2413 = CARTESIAN_POINT('',(176.,63.,195.));
#2414 = SURFACE_CURVE('',#2415,(#2420,#2432),.PCURVE_S1.);
#2415 = CIRCLE('',#2416,4.5);
#2416 = AXIS2_PLACEMENT_3D('',#2417,#2418,#2419);
#2417 = CARTESIAN_POINT('',(176.,63.,190.5));
#2418 = DIRECTION('',(0.,1.,0.));
#2419 = DIRECTION('',(0.,0.,1.));
#2420 = PCURVE('',#2421,#2426);
#2421 = CYLINDRICAL_SURFACE('',#2422,4.5);
#2422 = AXIS2_PLACEMENT_3D('',#2423,#2424,#2425);
#2423 = CARTESIAN_POINT('',(176.,56.,190.5));
#2424 = DIRECTION('',(0.,1.,0.));
#2425 = DIRECTION('',(0.,0.,1.));
#2426 = DEFINITIONAL_REPRESENTATION('',(#2427),#2431);
#2427 = LINE('',#2428,#2429);
#2428 = CARTESIAN_POINT('',(0.,7.));
#2429 = VECTOR('',#2430,1.);
#2430 = DIRECTION('',(1.,0.));
#2431 = ( GEOMETRIC_REPRESENTATION_CONTEXT(2) 
PARAMETRIC_REPRESENTATION_CONTEXT() REPRESENTATION_CONTEXT('2D SPACE',''
  ) );
#2432 = PCURVE('',#2433,#2438);
#2433 = PLANE('',#2434);
#2434 = AXIS2_PLACEMENT_3D('',#2435,#2436,#2437);
#2435 = CARTESIAN_POINT('',(176.,63.,190.5));
#2436 = DIRECTION('',(0.,1.,0.));
#2437 = DIRECTION('',(0.,0.,1.));
#2438 = DEFINITIONAL_REPRESENTATION('',(#2439),#2443);
#2439 = CIRCLE('',#2440,4.5);
#2440 = AXIS2_PLACEMENT_2D('',#2441,#2442);
#2441 = CARTESIAN_POINT('',(0.,0.));
#2442 = DIRECTION('',(1.,0.));
#2443 = ( GEOMETRIC_REPRESENTATION_CONTEXT(2) 
PARAMETRIC_REPRESENTATION_CONTEXT() REPRESENTATION_CONTEXT('2D SPACE',''
  ) );
#2444 = ORIENTED_EDGE('',*,*,#2445,.F.);
#2445 = EDGE_CURVE('',#2446,#2412,#2448,.T.);
#2446 = VERTEX_POINT('',#2447);
#2447 = CARTESIAN_POINT('',(176.,56.,195.));
#2448 = SEAM_CURVE('',#2449,(#2453,#2460),.PCURVE_S1.);
#2449 = LINE('',#2450,#2451);
#2450 = CARTESIAN_POINT('',(176.,56.,195.));
#2451 = VECTOR('',#2452,1.);
#2452 = DIRECTION('',(0.,1.,0.));
#2453 = PCURVE('',#2421,#2454);
#2454 = DEFINITIONAL_REPRESENTATION('',(#2455),#2459);
#2455 = LINE('',#2456,#2457);
#2456 = CARTESIAN_POINT('',(6.28318530718,-0.));
#2457 = VECTOR('',#2458,1.);
#2458 = DIRECTION('',(0.,1.));
#2459 = ( GEOMETRIC_REPRESENTATION_CONTEXT(2) 
PARAMETRIC_REPRESENTATION_CONTEXT() REPRESENTATION_CONTEXT('2D SPACE',''
  ) );
#2460 = PCURVE('',#2421,#2461);
#2461 = DEFINITIONAL_REPRESENTATION('',(#2462),#2466);
#2462 = LINE('',#2463,#2464);
#2463 = CARTESIAN_POINT('',(0.,-0.));
#2464 = VECTOR('',#2465,1.);
#2465 = DIRECTION('',(0.,1.));
#2466 = ( GEOMETRIC_REPRESENTATION_CONTEXT(2) 
PARAMETRIC_REPRESENTATION_CONTEXT() REPRESENTATION_CONTEXT('2D SPACE',''
  ) );
#2467 = ORIENTED_EDGE('',*,*,#2468,.T.);
#2468 = EDGE_CURVE('',#2446,#2446,#2469,.T.);
#2469 = SURFACE_CURVE('',#2470,(#2475,#2482),.PCURVE_S1.);
#2470 = CIRCLE('',#2471,4.5);
#2471 = AXIS2_PLACEMENT_3D('',#2472,#2473,#2474);
#2472 = CARTESIAN_POINT('',(176.,56.,190.5));
#2473 = DIRECTION('',(0.,1.,0.));
#2474 = DIRECTION('',(0.,0.,1.));
#2475 = PCURVE('',#2421,#2476);
#2476 = DEFINITIONAL_REPRESENTATION('',(#2477),#2481);
#2477 = LINE('',#2478,#2479);
#2478 = CARTESIAN_POINT('',(0.,0.));
#2479 = VECTOR('',#2480,1.);
#2480 = DIRECTION('',(1.,0.));
#2481 = ( GEOMETRIC_REPRESENTATION_CONTEXT(2) 
PARAMETRIC_REPRESENTATION_CONTEXT() REPRESENTATION_CONTEXT('2D SPACE',''
  ) );
#2482 = PCURVE('',#2483,#2488);
#2483 = PLANE('',#2484);
#2484 = AXIS2_PLACEMENT_3D('',#2485,#2486,#2487);
#2485 = CARTESIAN_POINT('',(176.,56.,190.5));
#2486 = DIRECTION('',(0.,1.,0.));
#2487 = DIRECTION('',(0.,0.,1.));
#2488 = DEFINITIONAL_REPRESENTATION('',(#2489),#2493);
#2489 = CIRCLE('',#2490,4.5);
#2490 = AXIS2_PLACEMENT_2D('',#2491,#2492);
#2491 = CARTESIAN_POINT('',(0.,0.));
#2492 = DIRECTION('',(1.,0.));
#2493 = ( GEOMETRIC_REPRESENTATION_CONTEXT(2) 
PARAMETRIC_REPRESENTATION_CONTEXT() REPRESENTATION_CONTEXT('2D SPACE',''
  ) );
#2494 = ORIENTED_EDGE('',*,*,#2445,.T.);
#2495 = ADVANCED_FACE('',(#2496),#2433,.T.);
#2496 = FACE_BOUND('',#2497,.T.);
#2497 = EDGE_LOOP('',(#2498));
#2498 = ORIENTED_EDGE('',*,*,#2411,.T.);
#2499 = ADVANCED_FACE('',(#2500),#2483,.F.);
#2500 = FACE_BOUND('',#2501,.T.);
#2501 = EDGE_LOOP('',(#2502));
#2502 = ORIENTED_EDGE('',*,*,#2468,.F.);
#2503 = MANIFOLD_SOLID_BREP('',#2504);
#2504 = CLOSED_SHELL('',(#2505,#2593,#2597));
#2505 = ADVANCED_FACE('',(#2506),#2519,.T.);
#2506 = FACE_BOUND('',#2507,.T.);
#2507 = EDGE_LOOP('',(#2508,#2542,#2565,#2592));
#2508 = ORIENTED_EDGE('',*,*,#2509,.F.);
#2509 = EDGE_CURVE('',#2510,#2510,#2512,.T.);
#2510 = VERTEX_POINT('',#2511);
#2511 = CARTESIAN_POINT('',(195.,56.,198.5));
#2512 = SURFACE_CURVE('',#2513,(#2518,#2530),.PCURVE_S1.);
#2513 = CIRCLE('',#2514,8.);
#2514 = AXIS2_PLACEMENT_3D('',#2515,#2516,#2517);
#2515 = CARTESIAN_POINT('',(195.,56.,190.5));
#2516 = DIRECTION('',(0.,1.,0.));
#2517 = DIRECTION('',(0.,0.,1.));
#2518 = PCURVE('',#2519,#2524);
#2519 = CYLINDRICAL_SURFACE('',#2520,8.);
#2520 = AXIS2_PLACEMENT_3D('',#2521,#2522,#2523);
#2521 = CARTESIAN_POINT('',(195.,28.,190.5));
#2522 = DIRECTION('',(0.,1.,0.));
#2523 = DIRECTION('',(0.,0.,1.));
#2524 = DEFINITIONAL_REPRESENTATION('',(#2525),#2529);
#2525 = LINE('',#2526,#2527);
#2526 = CARTESIAN_POINT('',(0.,28.));
#2527 = VECTOR('',#2528,1.);
#2528 = DIRECTION('',(1.,0.));
#2529 = ( GEOMETRIC_REPRESENTATION_CONTEXT(2) 
PARAMETRIC_REPRESENTATION_CONTEXT() REPRESENTATION_CONTEXT('2D SPACE',''
  ) );
#2530 = PCURVE('',#2531,#2536);
#2531 = PLANE('',#2532);
#2532 = AXIS2_PLACEMENT_3D('',#2533,#2534,#2535);
#2533 = CARTESIAN_POINT('',(195.,56.,190.5));
#2534 = DIRECTION('',(0.,1.,0.));
#2535 = DIRECTION('',(0.,0.,1.));
#2536 = DEFINITIONAL_REPRESENTATION('',(#2537),#2541);
#2537 = CIRCLE('',#2538,8.);
#2538 = AXIS2_PLACEMENT_2D('',#2539,#2540);
#2539 = CARTESIAN_POINT('',(0.,0.));
#2540 = DIRECTION('',(1.,0.));
#2541 = ( GEOMETRIC_REPRESENTATION_CONTEXT(2) 
PARAMETRIC_REPRESENTATION_CONTEXT() REPRESENTATION_CONTEXT('2D SPACE',''
  ) );
#2542 = ORIENTED_EDGE('',*,*,#2543,.F.);
#2543 = EDGE_CURVE('',#2544,#2510,#2546,.T.);
#2544 = VERTEX_POINT('',#2545);
#2545 = CARTESIAN_POINT('',(195.,28.,198.5));
#2546 = SEAM_CURVE('',#2547,(#2551,#2558),.PCURVE_S1.);
#2547 = LINE('',#2548,#2549);
#2548 = CARTESIAN_POINT('',(195.,28.,198.5));
#2549 = VECTOR('',#2550,1.);
#2550 = DIRECTION('',(0.,1.,0.));
#2551 = PCURVE('',#2519,#2552);
#2552 = DEFINITIONAL_REPRESENTATION('',(#2553),#2557);
#2553 = LINE('',#2554,#2555);
#2554 = CARTESIAN_POINT('',(6.28318530718,-0.));
#2555 = VECTOR('',#2556,1.);
#2556 = DIRECTION('',(0.,1.));
#2557 = ( GEOMETRIC_REPRESENTATION_CONTEXT(2) 
PARAMETRIC_REPRESENTATION_CONTEXT() REPRESENTATION_CONTEXT('2D SPACE',''
  ) );
#2558 = PCURVE('',#2519,#2559);
#2559 = DEFINITIONAL_REPRESENTATION('',(#2560),#2564);
#2560 = LINE('',#2561,#2562);
#2561 = CARTESIAN_POINT('',(0.,-0.));
#2562 = VECTOR('',#2563,1.);
#2563 = DIRECTION('',(0.,1.));
#2564 = ( GEOMETRIC_REPRESENTATION_CONTEXT(2) 
PARAMETRIC_REPRESENTATION_CONTEXT() REPRESENTATION_CONTEXT('2D SPACE',''
  ) );
#2565 = ORIENTED_EDGE('',*,*,#2566,.T.);
#2566 = EDGE_CURVE('',#2544,#2544,#2567,.T.);
#2567 = SURFACE_CURVE('',#2568,(#2573,#2580),.PCURVE_S1.);
#2568 = CIRCLE('',#2569,8.);
#2569 = AXIS2_PLACEMENT_3D('',#2570,#2571,#2572);
#2570 = CARTESIAN_POINT('',(195.,28.,190.5));
#2571 = DIRECTION('',(0.,1.,0.));
#2572 = DIRECTION('',(0.,0.,1.));
#2573 = PCURVE('',#2519,#2574);
#2574 = DEFINITIONAL_REPRESENTATION('',(#2575),#2579);
#2575 = LINE('',#2576,#2577);
#2576 = CARTESIAN_POINT('',(0.,0.));
#2577 = VECTOR('',#2578,1.);
#2578 = DIRECTION('',(1.,0.));
#2579 = ( GEOMETRIC_REPRESENTATION_CONTEXT(2) 
PARAMETRIC_REPRESENTATION_CONTEXT() REPRESENTATION_CONTEXT('2D SPACE',''
  ) );
#2580 = PCURVE('',#2581,#2586);
#2581 = PLANE('',#2582);
#2582 = AXIS2_PLACEMENT_3D('',#2583,#2584,#2585);
#2583 = CARTESIAN_POINT('',(195.,28.,190.5));
#2584 = DIRECTION('',(0.,1.,0.));
#2585 = DIRECTION('',(0.,0.,1.));
#2586 = DEFINITIONAL_REPRESENTATION('',(#2587),#2591);
#2587 = CIRCLE('',#2588,8.);
#2588 = AXIS2_PLACEMENT_2D('',#2589,#2590);
#2589 = CARTESIAN_POINT('',(0.,0.));
#2590 = DIRECTION('',(1.,0.));
#2591 = ( GEOMETRIC_REPRESENTATION_CONTEXT(2) 
PARAMETRIC_REPRESENTATION_CONTEXT() REPRESENTATION_CONTEXT('2D SPACE',''
  ) );
#2592 = ORIENTED_EDGE('',*,*,#2543,.T.);
#2593 = ADVANCED_FACE('',(#2594),#2531,.T.);
#2594 = FACE_BOUND('',#2595,.T.);
#2595 = EDGE_LOOP('',(#2596));
#2596 = ORIENTED_EDGE('',*,*,#2509,.T.);
#2597 = ADVANCED_FACE('',(#2598),#2581,.F.);
#2598 = FACE_BOUND('',#2599,.T.);
#2599 = EDGE_LOOP('',(#2600));
#2600 = ORIENTED_EDGE('',*,*,#2566,.F.);
#2601 = MANIFOLD_SOLID_BREP('',#2602);
#2602 = CLOSED_SHELL('',(#2603,#2691,#2695));
#2603 = ADVANCED_FACE('',(#2604),#2617,.T.);
#2604 = FACE_BOUND('',#2605,.T.);
#2605 = EDGE_LOOP('',(#2606,#2640,#2663,#2690));
#2606 = ORIENTED_EDGE('',*,*,#2607,.F.);
#2607 = EDGE_CURVE('',#2608,#2608,#2610,.T.);
#2608 = VERTEX_POINT('',#2609);
#2609 = CARTESIAN_POINT('',(195.,63.,195.));
#2610 = SURFACE_CURVE('',#2611,(#2616,#2628),.PCURVE_S1.);
#2611 = CIRCLE('',#2612,4.5);
#2612 = AXIS2_PLACEMENT_3D('',#2613,#2614,#2615);
#2613 = CARTESIAN_POINT('',(195.,63.,190.5));
#2614 = DIRECTION('',(0.,1.,0.));
#2615 = DIRECTION('',(0.,0.,1.));
#2616 = PCURVE('',#2617,#2622);
#2617 = CYLINDRICAL_SURFACE('',#2618,4.5);
#2618 = AXIS2_PLACEMENT_3D('',#2619,#2620,#2621);
#2619 = CARTESIAN_POINT('',(195.,56.,190.5));
#2620 = DIRECTION('',(0.,1.,0.));
#2621 = DIRECTION('',(0.,0.,1.));
#2622 = DEFINITIONAL_REPRESENTATION('',(#2623),#2627);
#2623 = LINE('',#2624,#2625);
#2624 = CARTESIAN_POINT('',(0.,7.));
#2625 = VECTOR('',#2626,1.);
#2626 = DIRECTION('',(1.,0.));
#2627 = ( GEOMETRIC_REPRESENTATION_CONTEXT(2) 
PARAMETRIC_REPRESENTATION_CONTEXT() REPRESENTATION_CONTEXT('2D SPACE',''
  ) );
#2628 = PCURVE('',#2629,#2634);
#2629 = PLANE('',#2630);
#2630 = AXIS2_PLACEMENT_3D('',#2631,#2632,#2633);
#2631 = CARTESIAN_POINT('',(195.,63.,190.5));
#2632 = DIRECTION('',(0.,1.,0.));
#2633 = DIRECTION('',(0.,0.,1.));
#2634 = DEFINITIONAL_REPRESENTATION('',(#2635),#2639);
#2635 = CIRCLE('',#2636,4.5);
#2636 = AXIS2_PLACEMENT_2D('',#2637,#2638);
#2637 = CARTESIAN_POINT('',(0.,0.));
#2638 = DIRECTION('',(1.,0.));
#2639 = ( GEOMETRIC_REPRESENTATION_CONTEXT(2) 
PARAMETRIC_REPRESENTATION_CONTEXT() REPRESENTATION_CONTEXT('2D SPACE',''
  ) );
#2640 = ORIENTED_EDGE('',*,*,#2641,.F.);
#2641 = EDGE_CURVE('',#2642,#2608,#2644,.T.);
#2642 = VERTEX_POINT('',#2643);
#2643 = CARTESIAN_POINT('',(195.,56.,195.));
#2644 = SEAM_CURVE('',#2645,(#2649,#2656),.PCURVE_S1.);
#2645 = LINE('',#2646,#2647);
#2646 = CARTESIAN_POINT('',(195.,56.,195.));
#2647 = VECTOR('',#2648,1.);
#2648 = DIRECTION('',(0.,1.,0.));
#2649 = PCURVE('',#2617,#2650);
#2650 = DEFINITIONAL_REPRESENTATION('',(#2651),#2655);
#2651 = LINE('',#2652,#2653);
#2652 = CARTESIAN_POINT('',(6.28318530718,-0.));
#2653 = VECTOR('',#2654,1.);
#2654 = DIRECTION('',(0.,1.));
#2655 = ( GEOMETRIC_REPRESENTATION_CONTEXT(2) 
PARAMETRIC_REPRESENTATION_CONTEXT() REPRESENTATION_CONTEXT('2D SPACE',''
  ) );
#2656 = PCURVE('',#2617,#2657);
#2657 = DEFINITIONAL_REPRESENTATION('',(#2658),#2662);
#2658 = LINE('',#2659,#2660);
#2659 = CARTESIAN_POINT('',(0.,-0.));
#2660 = VECTOR('',#2661,1.);
#2661 = DIRECTION('',(0.,1.));
#2662 = ( GEOMETRIC_REPRESENTATION_CONTEXT(2) 
PARAMETRIC_REPRESENTATION_CONTEXT() REPRESENTATION_CONTEXT('2D SPACE',''
  ) );
#2663 = ORIENTED_EDGE('',*,*,#2664,.T.);
#2664 = EDGE_CURVE('',#2642,#2642,#2665,.T.);
#2665 = SURFACE_CURVE('',#2666,(#2671,#2678),.PCURVE_S1.);
#2666 = CIRCLE('',#2667,4.5);
#2667 = AXIS2_PLACEMENT_3D('',#2668,#2669,#2670);
#2668 = CARTESIAN_POINT('',(195.,56.,190.5));
#2669 = DIRECTION('',(0.,1.,0.));
#2670 = DIRECTION('',(0.,0.,1.));
#2671 = PCURVE('',#2617,#2672);
#2672 = DEFINITIONAL_REPRESENTATION('',(#2673),#2677);
#2673 = LINE('',#2674,#2675);
#2674 = CARTESIAN_POINT('',(0.,0.));
#2675 = VECTOR('',#2676,1.);
#2676 = DIRECTION('',(1.,0.));
#2677 = ( GEOMETRIC_REPRESENTATION_CONTEXT(2) 
PARAMETRIC_REPRESENTATION_CONTEXT() REPRESENTATION_CONTEXT('2D SPACE',''
  ) );
#2678 = PCURVE('',#2679,#2684);
#2679 = PLANE('',#2680);
#2680 = AXIS2_PLACEMENT_3D('',#2681,#2682,#2683);
#2681 = CARTESIAN_POINT('',(195.,56.,190.5));
#2682 = DIRECTION('',(0.,1.,0.));
#2683 = DIRECTION('',(0.,0.,1.));
#2684 = DEFINITIONAL_REPRESENTATION('',(#2685),#2689);
#2685 = CIRCLE('',#2686,4.5);
#2686 = AXIS2_PLACEMENT_2D('',#2687,#2688);
#2687 = CARTESIAN_POINT('',(0.,0.));
#2688 = DIRECTION('',(1.,0.));
#2689 = ( GEOMETRIC_REPRESENTATION_CONTEXT(2) 
PARAMETRIC_REPRESENTATION_CONTEXT() REPRESENTATION_CONTEXT('2D SPACE',''
  ) );
#2690 = ORIENTED_EDGE('',*,*,#2641,.T.);
#2691 = ADVANCED_FACE('',(#2692),#2629,.T.);
#2692 = FACE_BOUND('',#2693,.T.);
#2693 = EDGE_LOOP('',(#2694));
#2694 = ORIENTED_EDGE('',*,*,#2607,.T.);
#2695 = ADVANCED_FACE('',(#2696),#2679,.F.);
#2696 = FACE_BOUND('',#2697,.T.);
#2697 = EDGE_LOOP('',(#2698));
#2698 = ORIENTED_EDGE('',*,*,#2664,.F.);
#2699 = MANIFOLD_SOLID_BREP('',#2700);
#2700 = CLOSED_SHELL('',(#2701,#2789,#2793));
#2701 = ADVANCED_FACE('',(#2702),#2715,.T.);
#2702 = FACE_BOUND('',#2703,.T.);
#2703 = EDGE_LOOP('',(#2704,#2738,#2761,#2788));
#2704 = ORIENTED_EDGE('',*,*,#2705,.F.);
#2705 = EDGE_CURVE('',#2706,#2706,#2708,.T.);
#2706 = VERTEX_POINT('',#2707);
#2707 = CARTESIAN_POINT('',(214.,56.,198.5));
#2708 = SURFACE_CURVE('',#2709,(#2714,#2726),.PCURVE_S1.);
#2709 = CIRCLE('',#2710,8.);
#2710 = AXIS2_PLACEMENT_3D('',#2711,#2712,#2713);
#2711 = CARTESIAN_POINT('',(214.,56.,190.5));
#2712 = DIRECTION('',(0.,1.,0.));
#2713 = DIRECTION('',(0.,0.,1.));
#2714 = PCURVE('',#2715,#2720);
#2715 = CYLINDRICAL_SURFACE('',#2716,8.);
#2716 = AXIS2_PLACEMENT_3D('',#2717,#2718,#2719);
#2717 = CARTESIAN_POINT('',(214.,28.,190.5));
#2718 = DIRECTION('',(0.,1.,0.));
#2719 = DIRECTION('',(0.,0.,1.));
#2720 = DEFINITIONAL_REPRESENTATION('',(#2721),#2725);
#2721 = LINE('',#2722,#2723);
#2722 = CARTESIAN_POINT('',(0.,28.));
#2723 = VECTOR('',#2724,1.);
#2724 = DIRECTION('',(1.,0.));
#2725 = ( GEOMETRIC_REPRESENTATION_CONTEXT(2) 
PARAMETRIC_REPRESENTATION_CONTEXT() REPRESENTATION_CONTEXT('2D SPACE',''
  ) );
#2726 = PCURVE('',#2727,#2732);
#2727 = PLANE('',#2728);
#2728 = AXIS2_PLACEMENT_3D('',#2729,#2730,#2731);
#2729 = CARTESIAN_POINT('',(214.,56.,190.5));
#2730 = DIRECTION('',(0.,1.,0.));
#2731 = DIRECTION('',(0.,0.,1.));
#2732 = DEFINITIONAL_REPRESENTATION('',(#2733),#2737);
#2733 = CIRCLE('',#2734,8.);
#2734 = AXIS2_PLACEMENT_2D('',#2735,#2736);
#2735 = CARTESIAN_POINT('',(0.,0.));
#2736 = DIRECTION('',(1.,0.));
#2737 = ( GEOMETRIC_REPRESENTATION_CONTEXT(2) 
PARAMETRIC_REPRESENTATION_CONTEXT() REPRESENTATION_CONTEXT('2D SPACE',''
  ) );
#2738 = ORIENTED_EDGE('',*,*,#2739,.F.);
#2739 = EDGE_CURVE('',#2740,#2706,#2742,.T.);
#2740 = VERTEX_POINT('',#2741);
#2741 = CARTESIAN_POINT('',(214.,28.,198.5));
#2742 = SEAM_CURVE('',#2743,(#2747,#2754),.PCURVE_S1.);
#2743 = LINE('',#2744,#2745);
#2744 = CARTESIAN_POINT('',(214.,28.,198.5));
#2745 = VECTOR('',#2746,1.);
#2746 = DIRECTION('',(0.,1.,0.));
#2747 = PCURVE('',#2715,#2748);
#2748 = DEFINITIONAL_REPRESENTATION('',(#2749),#2753);
#2749 = LINE('',#2750,#2751);
#2750 = CARTESIAN_POINT('',(6.28318530718,-0.));
#2751 = VECTOR('',#2752,1.);
#2752 = DIRECTION('',(0.,1.));
#2753 = ( GEOMETRIC_REPRESENTATION_CONTEXT(2) 
PARAMETRIC_REPRESENTATION_CONTEXT() REPRESENTATION_CONTEXT('2D SPACE',''
  ) );
#2754 = PCURVE('',#2715,#2755);
#2755 = DEFINITIONAL_REPRESENTATION('',(#2756),#2760);
#2756 = LINE('',#2757,#2758);
#2757 = CARTESIAN_POINT('',(0.,-0.));
#2758 = VECTOR('',#2759,1.);
#2759 = DIRECTION('',(0.,1.));
#2760 = ( GEOMETRIC_REPRESENTATION_CONTEXT(2) 
PARAMETRIC_REPRESENTATION_CONTEXT() REPRESENTATION_CONTEXT('2D SPACE',''
  ) );
#2761 = ORIENTED_EDGE('',*,*,#2762,.T.);
#2762 = EDGE_CURVE('',#2740,#2740,#2763,.T.);
#2763 = SURFACE_CURVE('',#2764,(#2769,#2776),.PCURVE_S1.);
#2764 = CIRCLE('',#2765,8.);
#2765 = AXIS2_PLACEMENT_3D('',#2766,#2767,#2768);
#2766 = CARTESIAN_POINT('',(214.,28.,190.5));
#2767 = DIRECTION('',(0.,1.,0.));
#2768 = DIRECTION('',(0.,0.,1.));
#2769 = PCURVE('',#2715,#2770);
#2770 = DEFINITIONAL_REPRESENTATION('',(#2771),#2775);
#2771 = LINE('',#2772,#2773);
#2772 = CARTESIAN_POINT('',(0.,0.));
#2773 = VECTOR('',#2774,1.);
#2774 = DIRECTION('',(1.,0.));
#2775 = ( GEOMETRIC_REPRESENTATION_CONTEXT(2) 
PARAMETRIC_REPRESENTATION_CONTEXT() REPRESENTATION_CONTEXT('2D SPACE',''
  ) );
#2776 = PCURVE('',#2777,#2782);
#2777 = PLANE('',#2778);
#2778 = AXIS2_PLACEMENT_3D('',#2779,#2780,#2781);
#2779 = CARTESIAN_POINT('',(214.,28.,190.5));
#2780 = DIRECTION('',(0.,1.,0.));
#2781 = DIRECTION('',(0.,0.,1.));
#2782 = DEFINITIONAL_REPRESENTATION('',(#2783),#2787);
#2783 = CIRCLE('',#2784,8.);
#2784 = AXIS2_PLACEMENT_2D('',#2785,#2786);
#2785 = CARTESIAN_POINT('',(0.,0.));
#2786 = DIRECTION('',(1.,0.));
#2787 = ( GEOMETRIC_REPRESENTATION_CONTEXT(2) 
PARAMETRIC_REPRESENTATION_CONTEXT() REPRESENTATION_CONTEXT('2D SPACE',''
  ) );
#2788 = ORIENTED_EDGE('',*,*,#2739,.T.);
#2789 = ADVANCED_FACE('',(#2790),#2727,.T.);
#2790 = FACE_BOUND('',#2791,.T.);
#2791 = EDGE_LOOP('',(#2792));
#2792 = ORIENTED_EDGE('',*,*,#2705,.T.);
#2793 = ADVANCED_FACE('',(#2794),#2777,.F.);
#2794 = FACE_BOUND('',#2795,.T.);
#2795 = EDGE_LOOP('',(#2796));
#2796 = ORIENTED_EDGE('',*,*,#2762,.F.);
#2797 = MANIFOLD_SOLID_BREP('',#2798);
#2798 = CLOSED_SHELL('',(#2799,#2887,#2891));
#2799 = ADVANCED_FACE('',(#2800),#2813,.T.);
#2800 = FACE_BOUND('',#2801,.T.);
#2801 = EDGE_LOOP('',(#2802,#2836,#2859,#2886));
#2802 = ORIENTED_EDGE('',*,*,#2803,.F.);
#2803 = EDGE_CURVE('',#2804,#2804,#2806,.T.);
#2804 = VERTEX_POINT('',#2805);
#2805 = CARTESIAN_POINT('',(214.,63.,195.));
#2806 = SURFACE_CURVE('',#2807,(#2812,#2824),.PCURVE_S1.);
#2807 = CIRCLE('',#2808,4.5);
#2808 = AXIS2_PLACEMENT_3D('',#2809,#2810,#2811);
#2809 = CARTESIAN_POINT('',(214.,63.,190.5));
#2810 = DIRECTION('',(0.,1.,0.));
#2811 = DIRECTION('',(0.,0.,1.));
#2812 = PCURVE('',#2813,#2818);
#2813 = CYLINDRICAL_SURFACE('',#2814,4.5);
#2814 = AXIS2_PLACEMENT_3D('',#2815,#2816,#2817);
#2815 = CARTESIAN_POINT('',(214.,56.,190.5));
#2816 = DIRECTION('',(0.,1.,0.));
#2817 = DIRECTION('',(0.,0.,1.));
#2818 = DEFINITIONAL_REPRESENTATION('',(#2819),#2823);
#2819 = LINE('',#2820,#2821);
#2820 = CARTESIAN_POINT('',(0.,7.));
#2821 = VECTOR('',#2822,1.);
#2822 = DIRECTION('',(1.,0.));
#2823 = ( GEOMETRIC_REPRESENTATION_CONTEXT(2) 
PARAMETRIC_REPRESENTATION_CONTEXT() REPRESENTATION_CONTEXT('2D SPACE',''
  ) );
#2824 = PCURVE('',#2825,#2830);
#2825 = PLANE('',#2826);
#2826 = AXIS2_PLACEMENT_3D('',#2827,#2828,#2829);
#2827 = CARTESIAN_POINT('',(214.,63.,190.5));
#2828 = DIRECTION('',(0.,1.,0.));
#2829 = DIRECTION('',(0.,0.,1.));
#2830 = DEFINITIONAL_REPRESENTATION('',(#2831),#2835);
#2831 = CIRCLE('',#2832,4.5);
#2832 = AXIS2_PLACEMENT_2D('',#2833,#2834);
#2833 = CARTESIAN_POINT('',(0.,0.));
#2834 = DIRECTION('',(1.,0.));
#2835 = ( GEOMETRIC_REPRESENTATION_CONTEXT(2) 
PARAMETRIC_REPRESENTATION_CONTEXT() REPRESENTATION_CONTEXT('2D SPACE',''
  ) );
#2836 = ORIENTED_EDGE('',*,*,#2837,.F.);
#2837 = EDGE_CURVE('',#2838,#2804,#2840,.T.);
#2838 = VERTEX_POINT('',#2839);
#2839 = CARTESIAN_POINT('',(214.,56.,195.));
#2840 = SEAM_CURVE('',#2841,(#2845,#2852),.PCURVE_S1.);
#2841 = LINE('',#2842,#2843);
#2842 = CARTESIAN_POINT('',(214.,56.,195.));
#2843 = VECTOR('',#2844,1.);
#2844 = DIRECTION('',(0.,1.,0.));
#2845 = PCURVE('',#2813,#2846);
#2846 = DEFINITIONAL_REPRESENTATION('',(#2847),#2851);
#2847 = LINE('',#2848,#2849);
#2848 = CARTESIAN_POINT('',(6.28318530718,-0.));
#2849 = VECTOR('',#2850,1.);
#2850 = DIRECTION('',(0.,1.));
#2851 = ( GEOMETRIC_REPRESENTATION_CONTEXT(2) 
PARAMETRIC_REPRESENTATION_CONTEXT() REPRESENTATION_CONTEXT('2D SPACE',''
  ) );
#2852 = PCURVE('',#2813,#2853);
#2853 = DEFINITIONAL_REPRESENTATION('',(#2854),#2858);
#2854 = LINE('',#2855,#2856);
#2855 = CARTESIAN_POINT('',(0.,-0.));
#2856 = VECTOR('',#2857,1.);
#2857 = DIRECTION('',(0.,1.));
#2858 = ( GEOMETRIC_REPRESENTATION_CONTEXT(2) 
PARAMETRIC_REPRESENTATION_CONTEXT() REPRESENTATION_CONTEXT('2D SPACE',''
  ) );
#2859 = ORIENTED_EDGE('',*,*,#2860,.T.);
#2860 = EDGE_CURVE('',#2838,#2838,#2861,.T.);
#2861 = SURFACE_CURVE('',#2862,(#2867,#2874),.PCURVE_S1.);
#2862 = CIRCLE('',#2863,4.5);
#2863 = AXIS2_PLACEMENT_3D('',#2864,#2865,#2866);
#2864 = CARTESIAN_POINT('',(214.,56.,190.5));
#2865 = DIRECTION('',(0.,1.,0.));
#2866 = DIRECTION('',(0.,0.,1.));
#2867 = PCURVE('',#2813,#2868);
#2868 = DEFINITIONAL_REPRESENTATION('',(#2869),#2873);
#2869 = LINE('',#2870,#2871);
#2870 = CARTESIAN_POINT('',(0.,0.));
#2871 = VECTOR('',#2872,1.);
#2872 = DIRECTION('',(1.,0.));
#2873 = ( GEOMETRIC_REPRESENTATION_CONTEXT(2) 
PARAMETRIC_REPRESENTATION_CONTEXT() REPRESENTATION_CONTEXT('2D SPACE',''
  ) );
#2874 = PCURVE('',#2875,#2880);
#2875 = PLANE('',#2876);
#2876 = AXIS2_PLACEMENT_3D('',#2877,#2878,#2879);
#2877 = CARTESIAN_POINT('',(214.,56.,190.5));
#2878 = DIRECTION('',(0.,1.,0.));
#2879 = DIRECTION('',(0.,0.,1.));
#2880 = DEFINITIONAL_REPRESENTATION('',(#2881),#2885);
#2881 = CIRCLE('',#2882,4.5);
#2882 = AXIS2_PLACEMENT_2D('',#2883,#2884);
#2883 = CARTESIAN_POINT('',(0.,0.));
#2884 = DIRECTION('',(1.,0.));
#2885 = ( GEOMETRIC_REPRESENTATION_CONTEXT(2) 
PARAMETRIC_REPRESENTATION_CONTEXT() REPRESENTATION_CONTEXT('2D SPACE',''
  ) );
#2886 = ORIENTED_EDGE('',*,*,#2837,.T.);
#2887 = ADVANCED_FACE('',(#2888),#2825,.T.);
#2888 = FACE_BOUND('',#2889,.T.);
#2889 = EDGE_LOOP('',(#2890));
#2890 = ORIENTED_EDGE('',*,*,#2803,.T.);
#2891 = ADVANCED_FACE('',(#2892),#2875,.F.);
#2892 = FACE_BOUND('',#2893,.T.);
#2893 = EDGE_LOOP('',(#2894));
#2894 = ORIENTED_EDGE('',*,*,#2860,.F.);
#2895 = MANIFOLD_SOLID_BREP('',#2896);
#2896 = CLOSED_SHELL('',(#2897,#2985,#2989));
#2897 = ADVANCED_FACE('',(#2898),#2911,.T.);
#2898 = FACE_BOUND('',#2899,.T.);
#2899 = EDGE_LOOP('',(#2900,#2934,#2957,#2984));
#2900 = ORIENTED_EDGE('',*,*,#2901,.F.);
#2901 = EDGE_CURVE('',#2902,#2902,#2904,.T.);
#2902 = VERTEX_POINT('',#2903);
#2903 = CARTESIAN_POINT('',(176.,56.,217.5));
#2904 = SURFACE_CURVE('',#2905,(#2910,#2922),.PCURVE_S1.);
#2905 = CIRCLE('',#2906,8.);
#2906 = AXIS2_PLACEMENT_3D('',#2907,#2908,#2909);
#2907 = CARTESIAN_POINT('',(176.,56.,209.5));
#2908 = DIRECTION('',(0.,1.,0.));
#2909 = DIRECTION('',(0.,0.,1.));
#2910 = PCURVE('',#2911,#2916);
#2911 = CYLINDRICAL_SURFACE('',#2912,8.);
#2912 = AXIS2_PLACEMENT_3D('',#2913,#2914,#2915);
#2913 = CARTESIAN_POINT('',(176.,28.,209.5));
#2914 = DIRECTION('',(0.,1.,0.));
#2915 = DIRECTION('',(0.,0.,1.));
#2916 = DEFINITIONAL_REPRESENTATION('',(#2917),#2921);
#2917 = LINE('',#2918,#2919);
#2918 = CARTESIAN_POINT('',(0.,28.));
#2919 = VECTOR('',#2920,1.);
#2920 = DIRECTION('',(1.,0.));
#2921 = ( GEOMETRIC_REPRESENTATION_CONTEXT(2) 
PARAMETRIC_REPRESENTATION_CONTEXT() REPRESENTATION_CONTEXT('2D SPACE',''
  ) );
#2922 = PCURVE('',#2923,#2928);
#2923 = PLANE('',#2924);
#2924 = AXIS2_PLACEMENT_3D('',#2925,#2926,#2927);
#2925 = CARTESIAN_POINT('',(176.,56.,209.5));
#2926 = DIRECTION('',(0.,1.,0.));
#2927 = DIRECTION('',(0.,0.,1.));
#2928 = DEFINITIONAL_REPRESENTATION('',(#2929),#2933);
#2929 = CIRCLE('',#2930,8.);
#2930 = AXIS2_PLACEMENT_2D('',#2931,#2932);
#2931 = CARTESIAN_POINT('',(0.,0.));
#2932 = DIRECTION('',(1.,0.));
#2933 = ( GEOMETRIC_REPRESENTATION_CONTEXT(2) 
PARAMETRIC_REPRESENTATION_CONTEXT() REPRESENTATION_CONTEXT('2D SPACE',''
  ) );
#2934 = ORIENTED_EDGE('',*,*,#2935,.F.);
#2935 = EDGE_CURVE('',#2936,#2902,#2938,.T.);
#2936 = VERTEX_POINT('',#2937);
#2937 = CARTESIAN_POINT('',(176.,28.,217.5));
#2938 = SEAM_CURVE('',#2939,(#2943,#2950),.PCURVE_S1.);
#2939 = LINE('',#2940,#2941);
#2940 = CARTESIAN_POINT('',(176.,28.,217.5));
#2941 = VECTOR('',#2942,1.);
#2942 = DIRECTION('',(0.,1.,0.));
#2943 = PCURVE('',#2911,#2944);
#2944 = DEFINITIONAL_REPRESENTATION('',(#2945),#2949);
#2945 = LINE('',#2946,#2947);
#2946 = CARTESIAN_POINT('',(6.28318530718,-0.));
#2947 = VECTOR('',#2948,1.);
#2948 = DIRECTION('',(0.,1.));
#2949 = ( GEOMETRIC_REPRESENTATION_CONTEXT(2) 
PARAMETRIC_REPRESENTATION_CONTEXT() REPRESENTATION_CONTEXT('2D SPACE',''
  ) );
#2950 = PCURVE('',#2911,#2951);
#2951 = DEFINITIONAL_REPRESENTATION('',(#2952),#2956);
#2952 = LINE('',#2953,#2954);
#2953 = CARTESIAN_POINT('',(0.,-0.));
#2954 = VECTOR('',#2955,1.);
#2955 = DIRECTION('',(0.,1.));
#2956 = ( GEOMETRIC_REPRESENTATION_CONTEXT(2) 
PARAMETRIC_REPRESENTATION_CONTEXT() REPRESENTATION_CONTEXT('2D SPACE',''
  ) );
#2957 = ORIENTED_EDGE('',*,*,#2958,.T.);
#2958 = EDGE_CURVE('',#2936,#2936,#2959,.T.);
#2959 = SURFACE_CURVE('',#2960,(#2965,#2972),.PCURVE_S1.);
#2960 = CIRCLE('',#2961,8.);
#2961 = AXIS2_PLACEMENT_3D('',#2962,#2963,#2964);
#2962 = CARTESIAN_POINT('',(176.,28.,209.5));
#2963 = DIRECTION('',(0.,1.,0.));
#2964 = DIRECTION('',(0.,0.,1.));
#2965 = PCURVE('',#2911,#2966);
#2966 = DEFINITIONAL_REPRESENTATION('',(#2967),#2971);
#2967 = LINE('',#2968,#2969);
#2968 = CARTESIAN_POINT('',(0.,0.));
#2969 = VECTOR('',#2970,1.);
#2970 = DIRECTION('',(1.,0.));
#2971 = ( GEOMETRIC_REPRESENTATION_CONTEXT(2) 
PARAMETRIC_REPRESENTATION_CONTEXT() REPRESENTATION_CONTEXT('2D SPACE',''
  ) );
#2972 = PCURVE('',#2973,#2978);
#2973 = PLANE('',#2974);
#2974 = AXIS2_PLACEMENT_3D('',#2975,#2976,#2977);
#2975 = CARTESIAN_POINT('',(176.,28.,209.5));
#2976 = DIRECTION('',(0.,1.,0.));
#2977 = DIRECTION('',(0.,0.,1.));
#2978 = DEFINITIONAL_REPRESENTATION('',(#2979),#2983);
#2979 = CIRCLE('',#2980,8.);
#2980 = AXIS2_PLACEMENT_2D('',#2981,#2982);
#2981 = CARTESIAN_POINT('',(0.,0.));
#2982 = DIRECTION('',(1.,0.));
#2983 = ( GEOMETRIC_REPRESENTATION_CONTEXT(2) 
PARAMETRIC_REPRESENTATION_CONTEXT() REPRESENTATION_CONTEXT('2D SPACE',''
  ) );
#2984 = ORIENTED_EDGE('',*,*,#2935,.T.);
#2985 = ADVANCED_FACE('',(#2986),#2923,.T.);
#2986 = FACE_BOUND('',#2987,.T.);
#2987 = EDGE_LOOP('',(#2988));
#2988 = ORIENTED_EDGE('',*,*,#2901,.T.);
#2989 = ADVANCED_FACE('',(#2990),#2973,.F.);
#2990 = FACE_BOUND('',#2991,.T.);
#2991 = EDGE_LOOP('',(#2992));
#2992 = ORIENTED_EDGE('',*,*,#2958,.F.);
#2993 = MANIFOLD_SOLID_BREP('',#2994);
#2994 = CLOSED_SHELL('',(#2995,#3083,#3087));
#2995 = ADVANCED_FACE('',(#2996),#3009,.T.);
#2996 = FACE_BOUND('',#2997,.T.);
#2997 = EDGE_LOOP('',(#2998,#3032,#3055,#3082));
#2998 = ORIENTED_EDGE('',*,*,#2999,.F.);
#2999 = EDGE_CURVE('',#3000,#3000,#3002,.T.);
#3000 = VERTEX_POINT('',#3001);
#3001 = CARTESIAN_POINT('',(176.,63.,214.));
#3002 = SURFACE_CURVE('',#3003,(#3008,#3020),.PCURVE_S1.);
#3003 = CIRCLE('',#3004,4.5);
#3004 = AXIS2_PLACEMENT_3D('',#3005,#3006,#3007);
#3005 = CARTESIAN_POINT('',(176.,63.,209.5));
#3006 = DIRECTION('',(0.,1.,0.));
#3007 = DIRECTION('',(0.,0.,1.));
#3008 = PCURVE('',#3009,#3014);
#3009 = CYLINDRICAL_SURFACE('',#3010,4.5);
#3010 = AXIS2_PLACEMENT_3D('',#3011,#3012,#3013);
#3011 = CARTESIAN_POINT('',(176.,56.,209.5));
#3012 = DIRECTION('',(0.,1.,0.));
#3013 = DIRECTION('',(0.,0.,1.));
#3014 = DEFINITIONAL_REPRESENTATION('',(#3015),#3019);
#3015 = LINE('',#3016,#3017);
#3016 = CARTESIAN_POINT('',(0.,7.));
#3017 = VECTOR('',#3018,1.);
#3018 = DIRECTION('',(1.,0.));
#3019 = ( GEOMETRIC_REPRESENTATION_CONTEXT(2) 
PARAMETRIC_REPRESENTATION_CONTEXT() REPRESENTATION_CONTEXT('2D SPACE',''
  ) );
#3020 = PCURVE('',#3021,#3026);
#3021 = PLANE('',#3022);
#3022 = AXIS2_PLACEMENT_3D('',#3023,#3024,#3025);
#3023 = CARTESIAN_POINT('',(176.,63.,209.5));
#3024 = DIRECTION('',(0.,1.,0.));
#3025 = DIRECTION('',(0.,0.,1.));
#3026 = DEFINITIONAL_REPRESENTATION('',(#3027),#3031);
#3027 = CIRCLE('',#3028,4.5);
#3028 = AXIS2_PLACEMENT_2D('',#3029,#3030);
#3029 = CARTESIAN_POINT('',(0.,0.));
#3030 = DIRECTION('',(1.,0.));
#3031 = ( GEOMETRIC_REPRESENTATION_CONTEXT(2) 
PARAMETRIC_REPRESENTATION_CONTEXT() REPRESENTATION_CONTEXT('2D SPACE',''
  ) );
#3032 = ORIENTED_EDGE('',*,*,#3033,.F.);
#3033 = EDGE_CURVE('',#3034,#3000,#3036,.T.);
#3034 = VERTEX_POINT('',#3035);
#3035 = CARTESIAN_POINT('',(176.,56.,214.));
#3036 = SEAM_CURVE('',#3037,(#3041,#3048),.PCURVE_S1.);
#3037 = LINE('',#3038,#3039);
#3038 = CARTESIAN_POINT('',(176.,56.,214.));
#3039 = VECTOR('',#3040,1.);
#3040 = DIRECTION('',(0.,1.,0.));
#3041 = PCURVE('',#3009,#3042);
#3042 = DEFINITIONAL_REPRESENTATION('',(#3043),#3047);
#3043 = LINE('',#3044,#3045);
#3044 = CARTESIAN_POINT('',(6.28318530718,-0.));
#3045 = VECTOR('',#3046,1.);
#3046 = DIRECTION('',(0.,1.));
#3047 = ( GEOMETRIC_REPRESENTATION_CONTEXT(2) 
PARAMETRIC_REPRESENTATION_CONTEXT() REPRESENTATION_CONTEXT('2D SPACE',''
  ) );
#3048 = PCURVE('',#3009,#3049);
#3049 = DEFINITIONAL_REPRESENTATION('',(#3050),#3054);
#3050 = LINE('',#3051,#3052);
#3051 = CARTESIAN_POINT('',(0.,-0.));
#3052 = VECTOR('',#3053,1.);
#3053 = DIRECTION('',(0.,1.));
#3054 = ( GEOMETRIC_REPRESENTATION_CONTEXT(2) 
PARAMETRIC_REPRESENTATION_CONTEXT() REPRESENTATION_CONTEXT('2D SPACE',''
  ) );
#3055 = ORIENTED_EDGE('',*,*,#3056,.T.);
#3056 = EDGE_CURVE('',#3034,#3034,#3057,.T.);
#3057 = SURFACE_CURVE('',#3058,(#3063,#3070),.PCURVE_S1.);
#3058 = CIRCLE('',#3059,4.5);
#3059 = AXIS2_PLACEMENT_3D('',#3060,#3061,#3062);
#3060 = CARTESIAN_POINT('',(176.,56.,209.5));
#3061 = DIRECTION('',(0.,1.,0.));
#3062 = DIRECTION('',(0.,0.,1.));
#3063 = PCURVE('',#3009,#3064);
#3064 = DEFINITIONAL_REPRESENTATION('',(#3065),#3069);
#3065 = LINE('',#3066,#3067);
#3066 = CARTESIAN_POINT('',(0.,0.));
#3067 = VECTOR('',#3068,1.);
#3068 = DIRECTION('',(1.,0.));
#3069 = ( GEOMETRIC_REPRESENTATION_CONTEXT(2) 
PARAMETRIC_REPRESENTATION_CONTEXT() REPRESENTATION_CONTEXT('2D SPACE',''
  ) );
#3070 = PCURVE('',#3071,#3076);
#3071 = PLANE('',#3072);
#3072 = AXIS2_PLACEMENT_3D('',#3073,#3074,#3075);
#3073 = CARTESIAN_POINT('',(176.,56.,209.5));
#3074 = DIRECTION('',(0.,1.,0.));
#3075 = DIRECTION('',(0.,0.,1.));
#3076 = DEFINITIONAL_REPRESENTATION('',(#3077),#3081);
#3077 = CIRCLE('',#3078,4.5);
#3078 = AXIS2_PLACEMENT_2D('',#3079,#3080);
#3079 = CARTESIAN_POINT('',(0.,0.));
#3080 = DIRECTION('',(1.,0.));
#3081 = ( GEOMETRIC_REPRESENTATION_CONTEXT(2) 
PARAMETRIC_REPRESENTATION_CONTEXT() REPRESENTATION_CONTEXT('2D SPACE',''
  ) );
#3082 = ORIENTED_EDGE('',*,*,#3033,.T.);
#3083 = ADVANCED_FACE('',(#3084),#3021,.T.);
#3084 = FACE_BOUND('',#3085,.T.);
#3085 = EDGE_LOOP('',(#3086));
#3086 = ORIENTED_EDGE('',*,*,#2999,.T.);
#3087 = ADVANCED_FACE('',(#3088),#3071,.F.);
#3088 = FACE_BOUND('',#3089,.T.);
#3089 = EDGE_LOOP('',(#3090));
#3090 = ORIENTED_EDGE('',*,*,#3056,.F.);
#3091 = MANIFOLD_SOLID_BREP('',#3092);
#3092 = CLOSED_SHELL('',(#3093,#3181,#3185));
#3093 = ADVANCED_FACE('',(#3094),#3107,.T.);
#3094 = FACE_BOUND('',#3095,.T.);
#3095 = EDGE_LOOP('',(#3096,#3130,#3153,#3180));
#3096 = ORIENTED_EDGE('',*,*,#3097,.F.);
#3097 = EDGE_CURVE('',#3098,#3098,#3100,.T.);
#3098 = VERTEX_POINT('',#3099);
#3099 = CARTESIAN_POINT('',(195.,56.,217.5));
#3100 = SURFACE_CURVE('',#3101,(#3106,#3118),.PCURVE_S1.);
#3101 = CIRCLE('',#3102,8.);
#3102 = AXIS2_PLACEMENT_3D('',#3103,#3104,#3105);
#3103 = CARTESIAN_POINT('',(195.,56.,209.5));
#3104 = DIRECTION('',(0.,1.,0.));
#3105 = DIRECTION('',(0.,0.,1.));
#3106 = PCURVE('',#3107,#3112);
#3107 = CYLINDRICAL_SURFACE('',#3108,8.);
#3108 = AXIS2_PLACEMENT_3D('',#3109,#3110,#3111);
#3109 = CARTESIAN_POINT('',(195.,28.,209.5));
#3110 = DIRECTION('',(0.,1.,0.));
#3111 = DIRECTION('',(0.,0.,1.));
#3112 = DEFINITIONAL_REPRESENTATION('',(#3113),#3117);
#3113 = LINE('',#3114,#3115);
#3114 = CARTESIAN_POINT('',(0.,28.));
#3115 = VECTOR('',#3116,1.);
#3116 = DIRECTION('',(1.,0.));
#3117 = ( GEOMETRIC_REPRESENTATION_CONTEXT(2) 
PARAMETRIC_REPRESENTATION_CONTEXT() REPRESENTATION_CONTEXT('2D SPACE',''
  ) );
#3118 = PCURVE('',#3119,#3124);
#3119 = PLANE('',#3120);
#3120 = AXIS2_PLACEMENT_3D('',#3121,#3122,#3123);
#3121 = CARTESIAN_POINT('',(195.,56.,209.5));
#3122 = DIRECTION('',(0.,1.,0.));
#3123 = DIRECTION('',(0.,0.,1.));
#3124 = DEFINITIONAL_REPRESENTATION('',(#3125),#3129);
#3125 = CIRCLE('',#3126,8.);
#3126 = AXIS2_PLACEMENT_2D('',#3127,#3128);
#3127 = CARTESIAN_POINT('',(0.,0.));
#3128 = DIRECTION('',(1.,0.));
#3129 = ( GEOMETRIC_REPRESENTATION_CONTEXT(2) 
PARAMETRIC_REPRESENTATION_CONTEXT() REPRESENTATION_CONTEXT('2D SPACE',''
  ) );
#3130 = ORIENTED_EDGE('',*,*,#3131,.F.);
#3131 = EDGE_CURVE('',#3132,#3098,#3134,.T.);
#3132 = VERTEX_POINT('',#3133);
#3133 = CARTESIAN_POINT('',(195.,28.,217.5));
#3134 = SEAM_CURVE('',#3135,(#3139,#3146),.PCURVE_S1.);
#3135 = LINE('',#3136,#3137);
#3136 = CARTESIAN_POINT('',(195.,28.,217.5));
#3137 = VECTOR('',#3138,1.);
#3138 = DIRECTION('',(0.,1.,0.));
#3139 = PCURVE('',#3107,#3140);
#3140 = DEFINITIONAL_REPRESENTATION('',(#3141),#3145);
#3141 = LINE('',#3142,#3143);
#3142 = CARTESIAN_POINT('',(6.28318530718,-0.));
#3143 = VECTOR('',#3144,1.);
#3144 = DIRECTION('',(0.,1.));
#3145 = ( GEOMETRIC_REPRESENTATION_CONTEXT(2) 
PARAMETRIC_REPRESENTATION_CONTEXT() REPRESENTATION_CONTEXT('2D SPACE',''
  ) );
#3146 = PCURVE('',#3107,#3147);
#3147 = DEFINITIONAL_REPRESENTATION('',(#3148),#3152);
#3148 = LINE('',#3149,#3150);
#3149 = CARTESIAN_POINT('',(0.,-0.));
#3150 = VECTOR('',#3151,1.);
#3151 = DIRECTION('',(0.,1.));
#3152 = ( GEOMETRIC_REPRESENTATION_CONTEXT(2) 
PARAMETRIC_REPRESENTATION_CONTEXT() REPRESENTATION_CONTEXT('2D SPACE',''
  ) );
#3153 = ORIENTED_EDGE('',*,*,#3154,.T.);
#3154 = EDGE_CURVE('',#3132,#3132,#3155,.T.);
#3155 = SURFACE_CURVE('',#3156,(#3161,#3168),.PCURVE_S1.);
#3156 = CIRCLE('',#3157,8.);
#3157 = AXIS2_PLACEMENT_3D('',#3158,#3159,#3160);
#3158 = CARTESIAN_POINT('',(195.,28.,209.5));
#3159 = DIRECTION('',(0.,1.,0.));
#3160 = DIRECTION('',(0.,0.,1.));
#3161 = PCURVE('',#3107,#3162);
#3162 = DEFINITIONAL_REPRESENTATION('',(#3163),#3167);
#3163 = LINE('',#3164,#3165);
#3164 = CARTESIAN_POINT('',(0.,0.));
#3165 = VECTOR('',#3166,1.);
#3166 = DIRECTION('',(1.,0.));
#3167 = ( GEOMETRIC_REPRESENTATION_CONTEXT(2) 
PARAMETRIC_REPRESENTATION_CONTEXT() REPRESENTATION_CONTEXT('2D SPACE',''
  ) );
#3168 = PCURVE('',#3169,#3174);
#3169 = PLANE('',#3170);
#3170 = AXIS2_PLACEMENT_3D('',#3171,#3172,#3173);
#3171 = CARTESIAN_POINT('',(195.,28.,209.5));
#3172 = DIRECTION('',(0.,1.,0.));
#3173 = DIRECTION('',(0.,0.,1.));
#3174 = DEFINITIONAL_REPRESENTATION('',(#3175),#3179);
#3175 = CIRCLE('',#3176,8.);
#3176 = AXIS2_PLACEMENT_2D('',#3177,#3178);
#3177 = CARTESIAN_POINT('',(0.,0.));
#3178 = DIRECTION('',(1.,0.));
#3179 = ( GEOMETRIC_REPRESENTATION_CONTEXT(2) 
PARAMETRIC_REPRESENTATION_CONTEXT() REPRESENTATION_CONTEXT('2D SPACE',''
  ) );
#3180 = ORIENTED_EDGE('',*,*,#3131,.T.);
#3181 = ADVANCED_FACE('',(#3182),#3119,.T.);
#3182 = FACE_BOUND('',#3183,.T.);
#3183 = EDGE_LOOP('',(#3184));
#3184 = ORIENTED_EDGE('',*,*,#3097,.T.);
#3185 = ADVANCED_FACE('',(#3186),#3169,.F.);
#3186 = FACE_BOUND('',#3187,.T.);
#3187 = EDGE_LOOP('',(#3188));
#3188 = ORIENTED_EDGE('',*,*,#3154,.F.);
#3189 = MANIFOLD_SOLID_BREP('',#3190);
#3190 = CLOSED_SHELL('',(#3191,#3279,#3283));
#3191 = ADVANCED_FACE('',(#3192),#3205,.T.);
#3192 = FACE_BOUND('',#3193,.T.);
#3193 = EDGE_LOOP('',(#3194,#3228,#3251,#3278));
#3194 = ORIENTED_EDGE('',*,*,#3195,.F.);
#3195 = EDGE_CURVE('',#3196,#3196,#3198,.T.);
#3196 = VERTEX_POINT('',#3197);
#3197 = CARTESIAN_POINT('',(195.,63.,214.));
#3198 = SURFACE_CURVE('',#3199,(#3204,#3216),.PCURVE_S1.);
#3199 = CIRCLE('',#3200,4.5);
#3200 = AXIS2_PLACEMENT_3D('',#3201,#3202,#3203);
#3201 = CARTESIAN_POINT('',(195.,63.,209.5));
#3202 = DIRECTION('',(0.,1.,0.));
#3203 = DIRECTION('',(0.,0.,1.));
#3204 = PCURVE('',#3205,#3210);
#3205 = CYLINDRICAL_SURFACE('',#3206,4.5);
#3206 = AXIS2_PLACEMENT_3D('',#3207,#3208,#3209);
#3207 = CARTESIAN_POINT('',(195.,56.,209.5));
#3208 = DIRECTION('',(0.,1.,0.));
#3209 = DIRECTION('',(0.,0.,1.));
#3210 = DEFINITIONAL_REPRESENTATION('',(#3211),#3215);
#3211 = LINE('',#3212,#3213);
#3212 = CARTESIAN_POINT('',(0.,7.));
#3213 = VECTOR('',#3214,1.);
#3214 = DIRECTION('',(1.,0.));
#3215 = ( GEOMETRIC_REPRESENTATION_CONTEXT(2) 
PARAMETRIC_REPRESENTATION_CONTEXT() REPRESENTATION_CONTEXT('2D SPACE',''
  ) );
#3216 = PCURVE('',#3217,#3222);
#3217 = PLANE('',#3218);
#3218 = AXIS2_PLACEMENT_3D('',#3219,#3220,#3221);
#3219 = CARTESIAN_POINT('',(195.,63.,209.5));
#3220 = DIRECTION('',(0.,1.,0.));
#3221 = DIRECTION('',(0.,0.,1.));
#3222 = DEFINITIONAL_REPRESENTATION('',(#3223),#3227);
#3223 = CIRCLE('',#3224,4.5);
#3224 = AXIS2_PLACEMENT_2D('',#3225,#3226);
#3225 = CARTESIAN_POINT('',(0.,0.));
#3226 = DIRECTION('',(1.,0.));
#3227 = ( GEOMETRIC_REPRESENTATION_CONTEXT(2) 
PARAMETRIC_REPRESENTATION_CONTEXT() REPRESENTATION_CONTEXT('2D SPACE',''
  ) );
#3228 = ORIENTED_EDGE('',*,*,#3229,.F.);
#3229 = EDGE_CURVE('',#3230,#3196,#3232,.T.);
#3230 = VERTEX_POINT('',#3231);
#3231 = CARTESIAN_POINT('',(195.,56.,214.));
#3232 = SEAM_CURVE('',#3233,(#3237,#3244),.PCURVE_S1.);
#3233 = LINE('',#3234,#3235);
#3234 = CARTESIAN_POINT('',(195.,56.,214.));
#3235 = VECTOR('',#3236,1.);
#3236 = DIRECTION('',(0.,1.,0.));
#3237 = PCURVE('',#3205,#3238);
#3238 = DEFINITIONAL_REPRESENTATION('',(#3239),#3243);
#3239 = LINE('',#3240,#3241);
#3240 = CARTESIAN_POINT('',(6.28318530718,-0.));
#3241 = VECTOR('',#3242,1.);
#3242 = DIRECTION('',(0.,1.));
#3243 = ( GEOMETRIC_REPRESENTATION_CONTEXT(2) 
PARAMETRIC_REPRESENTATION_CONTEXT() REPRESENTATION_CONTEXT('2D SPACE',''
  ) );
#3244 = PCURVE('',#3205,#3245);
#3245 = DEFINITIONAL_REPRESENTATION('',(#3246),#3250);
#3246 = LINE('',#3247,#3248);
#3247 = CARTESIAN_POINT('',(0.,-0.));
#3248 = VECTOR('',#3249,1.);
#3249 = DIRECTION('',(0.,1.));
#3250 = ( GEOMETRIC_REPRESENTATION_CONTEXT(2) 
PARAMETRIC_REPRESENTATION_CONTEXT() REPRESENTATION_CONTEXT('2D SPACE',''
  ) );
#3251 = ORIENTED_EDGE('',*,*,#3252,.T.);
#3252 = EDGE_CURVE('',#3230,#3230,#3253,.T.);
#3253 = SURFACE_CURVE('',#3254,(#3259,#3266),.PCURVE_S1.);
#3254 = CIRCLE('',#3255,4.5);
#3255 = AXIS2_PLACEMENT_3D('',#3256,#3257,#3258);
#3256 = CARTESIAN_POINT('',(195.,56.,209.5));
#3257 = DIRECTION('',(0.,1.,0.));
#3258 = DIRECTION('',(0.,0.,1.));
#3259 = PCURVE('',#3205,#3260);
#3260 = DEFINITIONAL_REPRESENTATION('',(#3261),#3265);
#3261 = LINE('',#3262,#3263);
#3262 = CARTESIAN_POINT('',(0.,0.));
#3263 = VECTOR('',#3264,1.);
#3264 = DIRECTION('',(1.,0.));
#3265 = ( GEOMETRIC_REPRESENTATION_CONTEXT(2) 
PARAMETRIC_REPRESENTATION_CONTEXT() REPRESENTATION_CONTEXT('2D SPACE',''
  ) );
#3266 = PCURVE('',#3267,#3272);
#3267 = PLANE('',#3268);
#3268 = AXIS2_PLACEMENT_3D('',#3269,#3270,#3271);
#3269 = CARTESIAN_POINT('',(195.,56.,209.5));
#3270 = DIRECTION('',(0.,1.,0.));
#3271 = DIRECTION('',(0.,0.,1.));
#3272 = DEFINITIONAL_REPRESENTATION('',(#3273),#3277);
#3273 = CIRCLE('',#3274,4.5);
#3274 = AXIS2_PLACEMENT_2D('',#3275,#3276);
#3275 = CARTESIAN_POINT('',(0.,0.));
#3276 = DIRECTION('',(1.,0.));
#3277 = ( GEOMETRIC_REPRESENTATION_CONTEXT(2) 
PARAMETRIC_REPRESENTATION_CONTEXT() REPRESENTATION_CONTEXT('2D SPACE',''
  ) );
#3278 = ORIENTED_EDGE('',*,*,#3229,.T.);
#3279 = ADVANCED_FACE('',(#3280),#3217,.T.);
#3280 = FACE_BOUND('',#3281,.T.);
#3281 = EDGE_LOOP('',(#3282));
#3282 = ORIENTED_EDGE('',*,*,#3195,.T.);
#3283 = ADVANCED_FACE('',(#3284),#3267,.F.);
#3284 = FACE_BOUND('',#3285,.T.);
#3285 = EDGE_LOOP('',(#3286));
#3286 = ORIENTED_EDGE('',*,*,#3252,.F.);
#3287 = MANIFOLD_SOLID_BREP('',#3288);
#3288 = CLOSED_SHELL('',(#3289,#3377,#3381));
#3289 = ADVANCED_FACE('',(#3290),#3303,.T.);
#3290 = FACE_BOUND('',#3291,.T.);
#3291 = EDGE_LOOP('',(#3292,#3326,#3349,#3376));
#3292 = ORIENTED_EDGE('',*,*,#3293,.F.);
#3293 = EDGE_CURVE('',#3294,#3294,#3296,.T.);
#3294 = VERTEX_POINT('',#3295);
#3295 = CARTESIAN_POINT('',(176.,-28.,198.5));
#3296 = SURFACE_CURVE('',#3297,(#3302,#3314),.PCURVE_S1.);
#3297 = CIRCLE('',#3298,8.);
#3298 = AXIS2_PLACEMENT_3D('',#3299,#3300,#3301);
#3299 = CARTESIAN_POINT('',(176.,-28.,190.5));
#3300 = DIRECTION('',(0.,1.,0.));
#3301 = DIRECTION('',(0.,0.,1.));
#3302 = PCURVE('',#3303,#3308);
#3303 = CYLINDRICAL_SURFACE('',#3304,8.);
#3304 = AXIS2_PLACEMENT_3D('',#3305,#3306,#3307);
#3305 = CARTESIAN_POINT('',(176.,-56.,190.5));
#3306 = DIRECTION('',(0.,1.,0.));
#3307 = DIRECTION('',(0.,0.,1.));
#3308 = DEFINITIONAL_REPRESENTATION('',(#3309),#3313);
#3309 = LINE('',#3310,#3311);
#3310 = CARTESIAN_POINT('',(0.,28.));
#3311 = VECTOR('',#3312,1.);
#3312 = DIRECTION('',(1.,0.));
#3313 = ( GEOMETRIC_REPRESENTATION_CONTEXT(2) 
PARAMETRIC_REPRESENTATION_CONTEXT() REPRESENTATION_CONTEXT('2D SPACE',''
  ) );
#3314 = PCURVE('',#3315,#3320);
#3315 = PLANE('',#3316);
#3316 = AXIS2_PLACEMENT_3D('',#3317,#3318,#3319);
#3317 = CARTESIAN_POINT('',(176.,-28.,190.5));
#3318 = DIRECTION('',(0.,1.,0.));
#3319 = DIRECTION('',(0.,0.,1.));
#3320 = DEFINITIONAL_REPRESENTATION('',(#3321),#3325);
#3321 = CIRCLE('',#3322,8.);
#3322 = AXIS2_PLACEMENT_2D('',#3323,#3324);
#3323 = CARTESIAN_POINT('',(0.,0.));
#3324 = DIRECTION('',(1.,0.));
#3325 = ( GEOMETRIC_REPRESENTATION_CONTEXT(2) 
PARAMETRIC_REPRESENTATION_CONTEXT() REPRESENTATION_CONTEXT('2D SPACE',''
  ) );
#3326 = ORIENTED_EDGE('',*,*,#3327,.F.);
#3327 = EDGE_CURVE('',#3328,#3294,#3330,.T.);
#3328 = VERTEX_POINT('',#3329);
#3329 = CARTESIAN_POINT('',(176.,-56.,198.5));
#3330 = SEAM_CURVE('',#3331,(#3335,#3342),.PCURVE_S1.);
#3331 = LINE('',#3332,#3333);
#3332 = CARTESIAN_POINT('',(176.,-56.,198.5));
#3333 = VECTOR('',#3334,1.);
#3334 = DIRECTION('',(0.,1.,0.));
#3335 = PCURVE('',#3303,#3336);
#3336 = DEFINITIONAL_REPRESENTATION('',(#3337),#3341);
#3337 = LINE('',#3338,#3339);
#3338 = CARTESIAN_POINT('',(6.28318530718,-0.));
#3339 = VECTOR('',#3340,1.);
#3340 = DIRECTION('',(0.,1.));
#3341 = ( GEOMETRIC_REPRESENTATION_CONTEXT(2) 
PARAMETRIC_REPRESENTATION_CONTEXT() REPRESENTATION_CONTEXT('2D SPACE',''
  ) );
#3342 = PCURVE('',#3303,#3343);
#3343 = DEFINITIONAL_REPRESENTATION('',(#3344),#3348);
#3344 = LINE('',#3345,#3346);
#3345 = CARTESIAN_POINT('',(0.,-0.));
#3346 = VECTOR('',#3347,1.);
#3347 = DIRECTION('',(0.,1.));
#3348 = ( GEOMETRIC_REPRESENTATION_CONTEXT(2) 
PARAMETRIC_REPRESENTATION_CONTEXT() REPRESENTATION_CONTEXT('2D SPACE',''
  ) );
#3349 = ORIENTED_EDGE('',*,*,#3350,.T.);
#3350 = EDGE_CURVE('',#3328,#3328,#3351,.T.);
#3351 = SURFACE_CURVE('',#3352,(#3357,#3364),.PCURVE_S1.);
#3352 = CIRCLE('',#3353,8.);
#3353 = AXIS2_PLACEMENT_3D('',#3354,#3355,#3356);
#3354 = CARTESIAN_POINT('',(176.,-56.,190.5));
#3355 = DIRECTION('',(0.,1.,0.));
#3356 = DIRECTION('',(0.,0.,1.));
#3357 = PCURVE('',#3303,#3358);
#3358 = DEFINITIONAL_REPRESENTATION('',(#3359),#3363);
#3359 = LINE('',#3360,#3361);
#3360 = CARTESIAN_POINT('',(0.,0.));
#3361 = VECTOR('',#3362,1.);
#3362 = DIRECTION('',(1.,0.));
#3363 = ( GEOMETRIC_REPRESENTATION_CONTEXT(2) 
PARAMETRIC_REPRESENTATION_CONTEXT() REPRESENTATION_CONTEXT('2D SPACE',''
  ) );
#3364 = PCURVE('',#3365,#3370);
#3365 = PLANE('',#3366);
#3366 = AXIS2_PLACEMENT_3D('',#3367,#3368,#3369);
#3367 = CARTESIAN_POINT('',(176.,-56.,190.5));
#3368 = DIRECTION('',(0.,1.,0.));
#3369 = DIRECTION('',(0.,0.,1.));
#3370 = DEFINITIONAL_REPRESENTATION('',(#3371),#3375);
#3371 = CIRCLE('',#3372,8.);
#3372 = AXIS2_PLACEMENT_2D('',#3373,#3374);
#3373 = CARTESIAN_POINT('',(0.,0.));
#3374 = DIRECTION('',(1.,0.));
#3375 = ( GEOMETRIC_REPRESENTATION_CONTEXT(2) 
PARAMETRIC_REPRESENTATION_CONTEXT() REPRESENTATION_CONTEXT('2D SPACE',''
  ) );
#3376 = ORIENTED_EDGE('',*,*,#3327,.T.);
#3377 = ADVANCED_FACE('',(#3378),#3315,.T.);
#3378 = FACE_BOUND('',#3379,.T.);
#3379 = EDGE_LOOP('',(#3380));
#3380 = ORIENTED_EDGE('',*,*,#3293,.T.);
#3381 = ADVANCED_FACE('',(#3382),#3365,.F.);
#3382 = FACE_BOUND('',#3383,.T.);
#3383 = EDGE_LOOP('',(#3384));
#3384 = ORIENTED_EDGE('',*,*,#3350,.F.);
#3385 = MANIFOLD_SOLID_BREP('',#3386);
#3386 = CLOSED_SHELL('',(#3387,#3475,#3479));
#3387 = ADVANCED_FACE('',(#3388),#3401,.T.);
#3388 = FACE_BOUND('',#3389,.T.);
#3389 = EDGE_LOOP('',(#3390,#3424,#3447,#3474));
#3390 = ORIENTED_EDGE('',*,*,#3391,.F.);
#3391 = EDGE_CURVE('',#3392,#3392,#3394,.T.);
#3392 = VERTEX_POINT('',#3393);
#3393 = CARTESIAN_POINT('',(176.,-56.,195.));
#3394 = SURFACE_CURVE('',#3395,(#3400,#3412),.PCURVE_S1.);
#3395 = CIRCLE('',#3396,4.5);
#3396 = AXIS2_PLACEMENT_3D('',#3397,#3398,#3399);
#3397 = CARTESIAN_POINT('',(176.,-56.,190.5));
#3398 = DIRECTION('',(0.,1.,0.));
#3399 = DIRECTION('',(0.,0.,1.));
#3400 = PCURVE('',#3401,#3406);
#3401 = CYLINDRICAL_SURFACE('',#3402,4.5);
#3402 = AXIS2_PLACEMENT_3D('',#3403,#3404,#3405);
#3403 = CARTESIAN_POINT('',(176.,-63.,190.5));
#3404 = DIRECTION('',(0.,1.,0.));
#3405 = DIRECTION('',(0.,0.,1.));
#3406 = DEFINITIONAL_REPRESENTATION('',(#3407),#3411);
#3407 = LINE('',#3408,#3409);
#3408 = CARTESIAN_POINT('',(0.,7.));
#3409 = VECTOR('',#3410,1.);
#3410 = DIRECTION('',(1.,0.));
#3411 = ( GEOMETRIC_REPRESENTATION_CONTEXT(2) 
PARAMETRIC_REPRESENTATION_CONTEXT() REPRESENTATION_CONTEXT('2D SPACE',''
  ) );
#3412 = PCURVE('',#3413,#3418);
#3413 = PLANE('',#3414);
#3414 = AXIS2_PLACEMENT_3D('',#3415,#3416,#3417);
#3415 = CARTESIAN_POINT('',(176.,-56.,190.5));
#3416 = DIRECTION('',(0.,1.,0.));
#3417 = DIRECTION('',(0.,0.,1.));
#3418 = DEFINITIONAL_REPRESENTATION('',(#3419),#3423);
#3419 = CIRCLE('',#3420,4.5);
#3420 = AXIS2_PLACEMENT_2D('',#3421,#3422);
#3421 = CARTESIAN_POINT('',(0.,0.));
#3422 = DIRECTION('',(1.,0.));
#3423 = ( GEOMETRIC_REPRESENTATION_CONTEXT(2) 
PARAMETRIC_REPRESENTATION_CONTEXT() REPRESENTATION_CONTEXT('2D SPACE',''
  ) );
#3424 = ORIENTED_EDGE('',*,*,#3425,.F.);
#3425 = EDGE_CURVE('',#3426,#3392,#3428,.T.);
#3426 = VERTEX_POINT('',#3427);
#3427 = CARTESIAN_POINT('',(176.,-63.,195.));
#3428 = SEAM_CURVE('',#3429,(#3433,#3440),.PCURVE_S1.);
#3429 = LINE('',#3430,#3431);
#3430 = CARTESIAN_POINT('',(176.,-63.,195.));
#3431 = VECTOR('',#3432,1.);
#3432 = DIRECTION('',(0.,1.,0.));
#3433 = PCURVE('',#3401,#3434);
#3434 = DEFINITIONAL_REPRESENTATION('',(#3435),#3439);
#3435 = LINE('',#3436,#3437);
#3436 = CARTESIAN_POINT('',(6.28318530718,-0.));
#3437 = VECTOR('',#3438,1.);
#3438 = DIRECTION('',(0.,1.));
#3439 = ( GEOMETRIC_REPRESENTATION_CONTEXT(2) 
PARAMETRIC_REPRESENTATION_CONTEXT() REPRESENTATION_CONTEXT('2D SPACE',''
  ) );
#3440 = PCURVE('',#3401,#3441);
#3441 = DEFINITIONAL_REPRESENTATION('',(#3442),#3446);
#3442 = LINE('',#3443,#3444);
#3443 = CARTESIAN_POINT('',(0.,-0.));
#3444 = VECTOR('',#3445,1.);
#3445 = DIRECTION('',(0.,1.));
#3446 = ( GEOMETRIC_REPRESENTATION_CONTEXT(2) 
PARAMETRIC_REPRESENTATION_CONTEXT() REPRESENTATION_CONTEXT('2D SPACE',''
  ) );
#3447 = ORIENTED_EDGE('',*,*,#3448,.T.);
#3448 = EDGE_CURVE('',#3426,#3426,#3449,.T.);
#3449 = SURFACE_CURVE('',#3450,(#3455,#3462),.PCURVE_S1.);
#3450 = CIRCLE('',#3451,4.5);
#3451 = AXIS2_PLACEMENT_3D('',#3452,#3453,#3454);
#3452 = CARTESIAN_POINT('',(176.,-63.,190.5));
#3453 = DIRECTION('',(0.,1.,0.));
#3454 = DIRECTION('',(0.,0.,1.));
#3455 = PCURVE('',#3401,#3456);
#3456 = DEFINITIONAL_REPRESENTATION('',(#3457),#3461);
#3457 = LINE('',#3458,#3459);
#3458 = CARTESIAN_POINT('',(0.,0.));
#3459 = VECTOR('',#3460,1.);
#3460 = DIRECTION('',(1.,0.));
#3461 = ( GEOMETRIC_REPRESENTATION_CONTEXT(2) 
PARAMETRIC_REPRESENTATION_CONTEXT() REPRESENTATION_CONTEXT('2D SPACE',''
  ) );
#3462 = PCURVE('',#3463,#3468);
#3463 = PLANE('',#3464);
#3464 = AXIS2_PLACEMENT_3D('',#3465,#3466,#3467);
#3465 = CARTESIAN_POINT('',(176.,-63.,190.5));
#3466 = DIRECTION('',(0.,1.,0.));
#3467 = DIRECTION('',(0.,0.,1.));
#3468 = DEFINITIONAL_REPRESENTATION('',(#3469),#3473);
#3469 = CIRCLE('',#3470,4.5);
#3470 = AXIS2_PLACEMENT_2D('',#3471,#3472);
#3471 = CARTESIAN_POINT('',(0.,0.));
#3472 = DIRECTION('',(1.,0.));
#3473 = ( GEOMETRIC_REPRESENTATION_CONTEXT(2) 
PARAMETRIC_REPRESENTATION_CONTEXT() REPRESENTATION_CONTEXT('2D SPACE',''
  ) );
#3474 = ORIENTED_EDGE('',*,*,#3425,.T.);
#3475 = ADVANCED_FACE('',(#3476),#3413,.T.);
#3476 = FACE_BOUND('',#3477,.T.);
#3477 = EDGE_LOOP('',(#3478));
#3478 = ORIENTED_EDGE('',*,*,#3391,.T.);
#3479 = ADVANCED_FACE('',(#3480),#3463,.F.);
#3480 = FACE_BOUND('',#3481,.T.);
#3481 = EDGE_LOOP('',(#3482));
#3482 = ORIENTED_EDGE('',*,*,#3448,.F.);
#3483 = MANIFOLD_SOLID_BREP('',#3484);
#3484 = CLOSED_SHELL('',(#3485,#3573,#3577));
#3485 = ADVANCED_FACE('',(#3486),#3499,.T.);
#3486 = FACE_BOUND('',#3487,.T.);
#3487 = EDGE_LOOP('',(#3488,#3522,#3545,#3572));
#3488 = ORIENTED_EDGE('',*,*,#3489,.F.);
#3489 = EDGE_CURVE('',#3490,#3490,#3492,.T.);
#3490 = VERTEX_POINT('',#3491);
#3491 = CARTESIAN_POINT('',(195.,-28.,198.5));
#3492 = SURFACE_CURVE('',#3493,(#3498,#3510),.PCURVE_S1.);
#3493 = CIRCLE('',#3494,8.);
#3494 = AXIS2_PLACEMENT_3D('',#3495,#3496,#3497);
#3495 = CARTESIAN_POINT('',(195.,-28.,190.5));
#3496 = DIRECTION('',(0.,1.,0.));
#3497 = DIRECTION('',(0.,0.,1.));
#3498 = PCURVE('',#3499,#3504);
#3499 = CYLINDRICAL_SURFACE('',#3500,8.);
#3500 = AXIS2_PLACEMENT_3D('',#3501,#3502,#3503);
#3501 = CARTESIAN_POINT('',(195.,-56.,190.5));
#3502 = DIRECTION('',(0.,1.,0.));
#3503 = DIRECTION('',(0.,0.,1.));
#3504 = DEFINITIONAL_REPRESENTATION('',(#3505),#3509);
#3505 = LINE('',#3506,#3507);
#3506 = CARTESIAN_POINT('',(0.,28.));
#3507 = VECTOR('',#3508,1.);
#3508 = DIRECTION('',(1.,0.));
#3509 = ( GEOMETRIC_REPRESENTATION_CONTEXT(2) 
PARAMETRIC_REPRESENTATION_CONTEXT() REPRESENTATION_CONTEXT('2D SPACE',''
  ) );
#3510 = PCURVE('',#3511,#3516);
#3511 = PLANE('',#3512);
#3512 = AXIS2_PLACEMENT_3D('',#3513,#3514,#3515);
#3513 = CARTESIAN_POINT('',(195.,-28.,190.5));
#3514 = DIRECTION('',(0.,1.,0.));
#3515 = DIRECTION('',(0.,0.,1.));
#3516 = DEFINITIONAL_REPRESENTATION('',(#3517),#3521);
#3517 = CIRCLE('',#3518,8.);
#3518 = AXIS2_PLACEMENT_2D('',#3519,#3520);
#3519 = CARTESIAN_POINT('',(0.,0.));
#3520 = DIRECTION('',(1.,0.));
#3521 = ( GEOMETRIC_REPRESENTATION_CONTEXT(2) 
PARAMETRIC_REPRESENTATION_CONTEXT() REPRESENTATION_CONTEXT('2D SPACE',''
  ) );
#3522 = ORIENTED_EDGE('',*,*,#3523,.F.);
#3523 = EDGE_CURVE('',#3524,#3490,#3526,.T.);
#3524 = VERTEX_POINT('',#3525);
#3525 = CARTESIAN_POINT('',(195.,-56.,198.5));
#3526 = SEAM_CURVE('',#3527,(#3531,#3538),.PCURVE_S1.);
#3527 = LINE('',#3528,#3529);
#3528 = CARTESIAN_POINT('',(195.,-56.,198.5));
#3529 = VECTOR('',#3530,1.);
#3530 = DIRECTION('',(0.,1.,0.));
#3531 = PCURVE('',#3499,#3532);
#3532 = DEFINITIONAL_REPRESENTATION('',(#3533),#3537);
#3533 = LINE('',#3534,#3535);
#3534 = CARTESIAN_POINT('',(6.28318530718,-0.));
#3535 = VECTOR('',#3536,1.);
#3536 = DIRECTION('',(0.,1.));
#3537 = ( GEOMETRIC_REPRESENTATION_CONTEXT(2) 
PARAMETRIC_REPRESENTATION_CONTEXT() REPRESENTATION_CONTEXT('2D SPACE',''
  ) );
#3538 = PCURVE('',#3499,#3539);
#3539 = DEFINITIONAL_REPRESENTATION('',(#3540),#3544);
#3540 = LINE('',#3541,#3542);
#3541 = CARTESIAN_POINT('',(0.,-0.));
#3542 = VECTOR('',#3543,1.);
#3543 = DIRECTION('',(0.,1.));
#3544 = ( GEOMETRIC_REPRESENTATION_CONTEXT(2) 
PARAMETRIC_REPRESENTATION_CONTEXT() REPRESENTATION_CONTEXT('2D SPACE',''
  ) );
#3545 = ORIENTED_EDGE('',*,*,#3546,.T.);
#3546 = EDGE_CURVE('',#3524,#3524,#3547,.T.);
#3547 = SURFACE_CURVE('',#3548,(#3553,#3560),.PCURVE_S1.);
#3548 = CIRCLE('',#3549,8.);
#3549 = AXIS2_PLACEMENT_3D('',#3550,#3551,#3552);
#3550 = CARTESIAN_POINT('',(195.,-56.,190.5));
#3551 = DIRECTION('',(0.,1.,0.));
#3552 = DIRECTION('',(0.,0.,1.));
#3553 = PCURVE('',#3499,#3554);
#3554 = DEFINITIONAL_REPRESENTATION('',(#3555),#3559);
#3555 = LINE('',#3556,#3557);
#3556 = CARTESIAN_POINT('',(0.,0.));
#3557 = VECTOR('',#3558,1.);
#3558 = DIRECTION('',(1.,0.));
#3559 = ( GEOMETRIC_REPRESENTATION_CONTEXT(2) 
PARAMETRIC_REPRESENTATION_CONTEXT() REPRESENTATION_CONTEXT('2D SPACE',''
  ) );
#3560 = PCURVE('',#3561,#3566);
#3561 = PLANE('',#3562);
#3562 = AXIS2_PLACEMENT_3D('',#3563,#3564,#3565);
#3563 = CARTESIAN_POINT('',(195.,-56.,190.5));
#3564 = DIRECTION('',(0.,1.,0.));
#3565 = DIRECTION('',(0.,0.,1.));
#3566 = DEFINITIONAL_REPRESENTATION('',(#3567),#3571);
#3567 = CIRCLE('',#3568,8.);
#3568 = AXIS2_PLACEMENT_2D('',#3569,#3570);
#3569 = CARTESIAN_POINT('',(0.,0.));
#3570 = DIRECTION('',(1.,0.));
#3571 = ( GEOMETRIC_REPRESENTATION_CONTEXT(2) 
PARAMETRIC_REPRESENTATION_CONTEXT() REPRESENTATION_CONTEXT('2D SPACE',''
  ) );
#3572 = ORIENTED_EDGE('',*,*,#3523,.T.);
#3573 = ADVANCED_FACE('',(#3574),#3511,.T.);
#3574 = FACE_BOUND('',#3575,.T.);
#3575 = EDGE_LOOP('',(#3576));
#3576 = ORIENTED_EDGE('',*,*,#3489,.T.);
#3577 = ADVANCED_FACE('',(#3578),#3561,.F.);
#3578 = FACE_BOUND('',#3579,.T.);
#3579 = EDGE_LOOP('',(#3580));
#3580 = ORIENTED_EDGE('',*,*,#3546,.F.);
#3581 = MANIFOLD_SOLID_BREP('',#3582);
#3582 = CLOSED_SHELL('',(#3583,#3671,#3675));
#3583 = ADVANCED_FACE('',(#3584),#3597,.T.);
#3584 = FACE_BOUND('',#3585,.T.);
#3585 = EDGE_LOOP('',(#3586,#3620,#3643,#3670));
#3586 = ORIENTED_EDGE('',*,*,#3587,.F.);
#3587 = EDGE_CURVE('',#3588,#3588,#3590,.T.);
#3588 = VERTEX_POINT('',#3589);
#3589 = CARTESIAN_POINT('',(195.,-56.,195.));
#3590 = SURFACE_CURVE('',#3591,(#3596,#3608),.PCURVE_S1.);
#3591 = CIRCLE('',#3592,4.5);
#3592 = AXIS2_PLACEMENT_3D('',#3593,#3594,#3595);
#3593 = CARTESIAN_POINT('',(195.,-56.,190.5));
#3594 = DIRECTION('',(0.,1.,0.));
#3595 = DIRECTION('',(0.,0.,1.));
#3596 = PCURVE('',#3597,#3602);
#3597 = CYLINDRICAL_SURFACE('',#3598,4.5);
#3598 = AXIS2_PLACEMENT_3D('',#3599,#3600,#3601);
#3599 = CARTESIAN_POINT('',(195.,-63.,190.5));
#3600 = DIRECTION('',(0.,1.,0.));
#3601 = DIRECTION('',(0.,0.,1.));
#3602 = DEFINITIONAL_REPRESENTATION('',(#3603),#3607);
#3603 = LINE('',#3604,#3605);
#3604 = CARTESIAN_POINT('',(0.,7.));
#3605 = VECTOR('',#3606,1.);
#3606 = DIRECTION('',(1.,0.));
#3607 = ( GEOMETRIC_REPRESENTATION_CONTEXT(2) 
PARAMETRIC_REPRESENTATION_CONTEXT() REPRESENTATION_CONTEXT('2D SPACE',''
  ) );
#3608 = PCURVE('',#3609,#3614);
#3609 = PLANE('',#3610);
#3610 = AXIS2_PLACEMENT_3D('',#3611,#3612,#3613);
#3611 = CARTESIAN_POINT('',(195.,-56.,190.5));
#3612 = DIRECTION('',(0.,1.,0.));
#3613 = DIRECTION('',(0.,0.,1.));
#3614 = DEFINITIONAL_REPRESENTATION('',(#3615),#3619);
#3615 = CIRCLE('',#3616,4.5);
#3616 = AXIS2_PLACEMENT_2D('',#3617,#3618);
#3617 = CARTESIAN_POINT('',(0.,0.));
#3618 = DIRECTION('',(1.,0.));
#3619 = ( GEOMETRIC_REPRESENTATION_CONTEXT(2) 
PARAMETRIC_REPRESENTATION_CONTEXT() REPRESENTATION_CONTEXT('2D SPACE',''
  ) );
#3620 = ORIENTED_EDGE('',*,*,#3621,.F.);
#3621 = EDGE_CURVE('',#3622,#3588,#3624,.T.);
#3622 = VERTEX_POINT('',#3623);
#3623 = CARTESIAN_POINT('',(195.,-63.,195.));
#3624 = SEAM_CURVE('',#3625,(#3629,#3636),.PCURVE_S1.);
#3625 = LINE('',#3626,#3627);
#3626 = CARTESIAN_POINT('',(195.,-63.,195.));
#3627 = VECTOR('',#3628,1.);
#3628 = DIRECTION('',(0.,1.,0.));
#3629 = PCURVE('',#3597,#3630);
#3630 = DEFINITIONAL_REPRESENTATION('',(#3631),#3635);
#3631 = LINE('',#3632,#3633);
#3632 = CARTESIAN_POINT('',(6.28318530718,-0.));
#3633 = VECTOR('',#3634,1.);
#3634 = DIRECTION('',(0.,1.));
#3635 = ( GEOMETRIC_REPRESENTATION_CONTEXT(2) 
PARAMETRIC_REPRESENTATION_CONTEXT() REPRESENTATION_CONTEXT('2D SPACE',''
  ) );
#3636 = PCURVE('',#3597,#3637);
#3637 = DEFINITIONAL_REPRESENTATION('',(#3638),#3642);
#3638 = LINE('',#3639,#3640);
#3639 = CARTESIAN_POINT('',(0.,-0.));
#3640 = VECTOR('',#3641,1.);
#3641 = DIRECTION('',(0.,1.));
#3642 = ( GEOMETRIC_REPRESENTATION_CONTEXT(2) 
PARAMETRIC_REPRESENTATION_CONTEXT() REPRESENTATION_CONTEXT('2D SPACE',''
  ) );
#3643 = ORIENTED_EDGE('',*,*,#3644,.T.);
#3644 = EDGE_CURVE('',#3622,#3622,#3645,.T.);
#3645 = SURFACE_CURVE('',#3646,(#3651,#3658),.PCURVE_S1.);
#3646 = CIRCLE('',#3647,4.5);
#3647 = AXIS2_PLACEMENT_3D('',#3648,#3649,#3650);
#3648 = CARTESIAN_POINT('',(195.,-63.,190.5));
#3649 = DIRECTION('',(0.,1.,0.));
#3650 = DIRECTION('',(0.,0.,1.));
#3651 = PCURVE('',#3597,#3652);
#3652 = DEFINITIONAL_REPRESENTATION('',(#3653),#3657);
#3653 = LINE('',#3654,#3655);
#3654 = CARTESIAN_POINT('',(0.,0.));
#3655 = VECTOR('',#3656,1.);
#3656 = DIRECTION('',(1.,0.));
#3657 = ( GEOMETRIC_REPRESENTATION_CONTEXT(2) 
PARAMETRIC_REPRESENTATION_CONTEXT() REPRESENTATION_CONTEXT('2D SPACE',''
  ) );
#3658 = PCURVE('',#3659,#3664);
#3659 = PLANE('',#3660);
#3660 = AXIS2_PLACEMENT_3D('',#3661,#3662,#3663);
#3661 = CARTESIAN_POINT('',(195.,-63.,190.5));
#3662 = DIRECTION('',(0.,1.,0.));
#3663 = DIRECTION('',(0.,0.,1.));
#3664 = DEFINITIONAL_REPRESENTATION('',(#3665),#3669);
#3665 = CIRCLE('',#3666,4.5);
#3666 = AXIS2_PLACEMENT_2D('',#3667,#3668);
#3667 = CARTESIAN_POINT('',(0.,0.));
#3668 = DIRECTION('',(1.,0.));
#3669 = ( GEOMETRIC_REPRESENTATION_CONTEXT(2) 
PARAMETRIC_REPRESENTATION_CONTEXT() REPRESENTATION_CONTEXT('2D SPACE',''
  ) );
#3670 = ORIENTED_EDGE('',*,*,#3621,.T.);
#3671 = ADVANCED_FACE('',(#3672),#3609,.T.);
#3672 = FACE_BOUND('',#3673,.T.);
#3673 = EDGE_LOOP('',(#3674));
#3674 = ORIENTED_EDGE('',*,*,#3587,.T.);
#3675 = ADVANCED_FACE('',(#3676),#3659,.F.);
#3676 = FACE_BOUND('',#3677,.T.);
#3677 = EDGE_LOOP('',(#3678));
#3678 = ORIENTED_EDGE('',*,*,#3644,.F.);
#3679 = MANIFOLD_SOLID_BREP('',#3680);
#3680 = CLOSED_SHELL('',(#3681,#3769,#3773));
#3681 = ADVANCED_FACE('',(#3682),#3695,.T.);
#3682 = FACE_BOUND('',#3683,.T.);
#3683 = EDGE_LOOP('',(#3684,#3718,#3741,#3768));
#3684 = ORIENTED_EDGE('',*,*,#3685,.F.);
#3685 = EDGE_CURVE('',#3686,#3686,#3688,.T.);
#3686 = VERTEX_POINT('',#3687);
#3687 = CARTESIAN_POINT('',(214.,-28.,198.5));
#3688 = SURFACE_CURVE('',#3689,(#3694,#3706),.PCURVE_S1.);
#3689 = CIRCLE('',#3690,8.);
#3690 = AXIS2_PLACEMENT_3D('',#3691,#3692,#3693);
#3691 = CARTESIAN_POINT('',(214.,-28.,190.5));
#3692 = DIRECTION('',(0.,1.,0.));
#3693 = DIRECTION('',(0.,0.,1.));
#3694 = PCURVE('',#3695,#3700);
#3695 = CYLINDRICAL_SURFACE('',#3696,8.);
#3696 = AXIS2_PLACEMENT_3D('',#3697,#3698,#3699);
#3697 = CARTESIAN_POINT('',(214.,-56.,190.5));
#3698 = DIRECTION('',(0.,1.,0.));
#3699 = DIRECTION('',(0.,0.,1.));
#3700 = DEFINITIONAL_REPRESENTATION('',(#3701),#3705);
#3701 = LINE('',#3702,#3703);
#3702 = CARTESIAN_POINT('',(0.,28.));
#3703 = VECTOR('',#3704,1.);
#3704 = DIRECTION('',(1.,0.));
#3705 = ( GEOMETRIC_REPRESENTATION_CONTEXT(2) 
PARAMETRIC_REPRESENTATION_CONTEXT() REPRESENTATION_CONTEXT('2D SPACE',''
  ) );
#3706 = PCURVE('',#3707,#3712);
#3707 = PLANE('',#3708);
#3708 = AXIS2_PLACEMENT_3D('',#3709,#3710,#3711);
#3709 = CARTESIAN_POINT('',(214.,-28.,190.5));
#3710 = DIRECTION('',(0.,1.,0.));
#3711 = DIRECTION('',(0.,0.,1.));
#3712 = DEFINITIONAL_REPRESENTATION('',(#3713),#3717);
#3713 = CIRCLE('',#3714,8.);
#3714 = AXIS2_PLACEMENT_2D('',#3715,#3716);
#3715 = CARTESIAN_POINT('',(0.,0.));
#3716 = DIRECTION('',(1.,0.));
#3717 = ( GEOMETRIC_REPRESENTATION_CONTEXT(2) 
PARAMETRIC_REPRESENTATION_CONTEXT() REPRESENTATION_CONTEXT('2D SPACE',''
  ) );
#3718 = ORIENTED_EDGE('',*,*,#3719,.F.);
#3719 = EDGE_CURVE('',#3720,#3686,#3722,.T.);
#3720 = VERTEX_POINT('',#3721);
#3721 = CARTESIAN_POINT('',(214.,-56.,198.5));
#3722 = SEAM_CURVE('',#3723,(#3727,#3734),.PCURVE_S1.);
#3723 = LINE('',#3724,#3725);
#3724 = CARTESIAN_POINT('',(214.,-56.,198.5));
#3725 = VECTOR('',#3726,1.);
#3726 = DIRECTION('',(0.,1.,0.));
#3727 = PCURVE('',#3695,#3728);
#3728 = DEFINITIONAL_REPRESENTATION('',(#3729),#3733);
#3729 = LINE('',#3730,#3731);
#3730 = CARTESIAN_POINT('',(6.28318530718,-0.));
#3731 = VECTOR('',#3732,1.);
#3732 = DIRECTION('',(0.,1.));
#3733 = ( GEOMETRIC_REPRESENTATION_CONTEXT(2) 
PARAMETRIC_REPRESENTATION_CONTEXT() REPRESENTATION_CONTEXT('2D SPACE',''
  ) );
#3734 = PCURVE('',#3695,#3735);
#3735 = DEFINITIONAL_REPRESENTATION('',(#3736),#3740);
#3736 = LINE('',#3737,#3738);
#3737 = CARTESIAN_POINT('',(0.,-0.));
#3738 = VECTOR('',#3739,1.);
#3739 = DIRECTION('',(0.,1.));
#3740 = ( GEOMETRIC_REPRESENTATION_CONTEXT(2) 
PARAMETRIC_REPRESENTATION_CONTEXT() REPRESENTATION_CONTEXT('2D SPACE',''
  ) );
#3741 = ORIENTED_EDGE('',*,*,#3742,.T.);
#3742 = EDGE_CURVE('',#3720,#3720,#3743,.T.);
#3743 = SURFACE_CURVE('',#3744,(#3749,#3756),.PCURVE_S1.);
#3744 = CIRCLE('',#3745,8.);
#3745 = AXIS2_PLACEMENT_3D('',#3746,#3747,#3748);
#3746 = CARTESIAN_POINT('',(214.,-56.,190.5));
#3747 = DIRECTION('',(0.,1.,0.));
#3748 = DIRECTION('',(0.,0.,1.));
#3749 = PCURVE('',#3695,#3750);
#3750 = DEFINITIONAL_REPRESENTATION('',(#3751),#3755);
#3751 = LINE('',#3752,#3753);
#3752 = CARTESIAN_POINT('',(0.,0.));
#3753 = VECTOR('',#3754,1.);
#3754 = DIRECTION('',(1.,0.));
#3755 = ( GEOMETRIC_REPRESENTATION_CONTEXT(2) 
PARAMETRIC_REPRESENTATION_CONTEXT() REPRESENTATION_CONTEXT('2D SPACE',''
  ) );
#3756 = PCURVE('',#3757,#3762);
#3757 = PLANE('',#3758);
#3758 = AXIS2_PLACEMENT_3D('',#3759,#3760,#3761);
#3759 = CARTESIAN_POINT('',(214.,-56.,190.5));
#3760 = DIRECTION('',(0.,1.,0.));
#3761 = DIRECTION('',(0.,0.,1.));
#3762 = DEFINITIONAL_REPRESENTATION('',(#3763),#3767);
#3763 = CIRCLE('',#3764,8.);
#3764 = AXIS2_PLACEMENT_2D('',#3765,#3766);
#3765 = CARTESIAN_POINT('',(0.,0.));
#3766 = DIRECTION('',(1.,0.));
#3767 = ( GEOMETRIC_REPRESENTATION_CONTEXT(2) 
PARAMETRIC_REPRESENTATION_CONTEXT() REPRESENTATION_CONTEXT('2D SPACE',''
  ) );
#3768 = ORIENTED_EDGE('',*,*,#3719,.T.);
#3769 = ADVANCED_FACE('',(#3770),#3707,.T.);
#3770 = FACE_BOUND('',#3771,.T.);
#3771 = EDGE_LOOP('',(#3772));
#3772 = ORIENTED_EDGE('',*,*,#3685,.T.);
#3773 = ADVANCED_FACE('',(#3774),#3757,.F.);
#3774 = FACE_BOUND('',#3775,.T.);
#3775 = EDGE_LOOP('',(#3776));
#3776 = ORIENTED_EDGE('',*,*,#3742,.F.);
#3777 = MANIFOLD_SOLID_BREP('',#3778);
#3778 = CLOSED_SHELL('',(#3779,#3867,#3871));
#3779 = ADVANCED_FACE('',(#3780),#3793,.T.);
#3780 = FACE_BOUND('',#3781,.T.);
#3781 = EDGE_LOOP('',(#3782,#3816,#3839,#3866));
#3782 = ORIENTED_EDGE('',*,*,#3783,.F.);
#3783 = EDGE_CURVE('',#3784,#3784,#3786,.T.);
#3784 = VERTEX_POINT('',#3785);
#3785 = CARTESIAN_POINT('',(214.,-56.,195.));
#3786 = SURFACE_CURVE('',#3787,(#3792,#3804),.PCURVE_S1.);
#3787 = CIRCLE('',#3788,4.5);
#3788 = AXIS2_PLACEMENT_3D('',#3789,#3790,#3791);
#3789 = CARTESIAN_POINT('',(214.,-56.,190.5));
#3790 = DIRECTION('',(0.,1.,0.));
#3791 = DIRECTION('',(0.,0.,1.));
#3792 = PCURVE('',#3793,#3798);
#3793 = CYLINDRICAL_SURFACE('',#3794,4.5);
#3794 = AXIS2_PLACEMENT_3D('',#3795,#3796,#3797);
#3795 = CARTESIAN_POINT('',(214.,-63.,190.5));
#3796 = DIRECTION('',(0.,1.,0.));
#3797 = DIRECTION('',(0.,0.,1.));
#3798 = DEFINITIONAL_REPRESENTATION('',(#3799),#3803);
#3799 = LINE('',#3800,#3801);
#3800 = CARTESIAN_POINT('',(0.,7.));
#3801 = VECTOR('',#3802,1.);
#3802 = DIRECTION('',(1.,0.));
#3803 = ( GEOMETRIC_REPRESENTATION_CONTEXT(2) 
PARAMETRIC_REPRESENTATION_CONTEXT() REPRESENTATION_CONTEXT('2D SPACE',''
  ) );
#3804 = PCURVE('',#3805,#3810);
#3805 = PLANE('',#3806);
#3806 = AXIS2_PLACEMENT_3D('',#3807,#3808,#3809);
#3807 = CARTESIAN_POINT('',(214.,-56.,190.5));
#3808 = DIRECTION('',(0.,1.,0.));
#3809 = DIRECTION('',(0.,0.,1.));
#3810 = DEFINITIONAL_REPRESENTATION('',(#3811),#3815);
#3811 = CIRCLE('',#3812,4.5);
#3812 = AXIS2_PLACEMENT_2D('',#3813,#3814);
#3813 = CARTESIAN_POINT('',(0.,0.));
#3814 = DIRECTION('',(1.,0.));
#3815 = ( GEOMETRIC_REPRESENTATION_CONTEXT(2) 
PARAMETRIC_REPRESENTATION_CONTEXT() REPRESENTATION_CONTEXT('2D SPACE',''
  ) );
#3816 = ORIENTED_EDGE('',*,*,#3817,.F.);
#3817 = EDGE_CURVE('',#3818,#3784,#3820,.T.);
#3818 = VERTEX_POINT('',#3819);
#3819 = CARTESIAN_POINT('',(214.,-63.,195.));
#3820 = SEAM_CURVE('',#3821,(#3825,#3832),.PCURVE_S1.);
#3821 = LINE('',#3822,#3823);
#3822 = CARTESIAN_POINT('',(214.,-63.,195.));
#3823 = VECTOR('',#3824,1.);
#3824 = DIRECTION('',(0.,1.,0.));
#3825 = PCURVE('',#3793,#3826);
#3826 = DEFINITIONAL_REPRESENTATION('',(#3827),#3831);
#3827 = LINE('',#3828,#3829);
#3828 = CARTESIAN_POINT('',(6.28318530718,-0.));
#3829 = VECTOR('',#3830,1.);
#3830 = DIRECTION('',(0.,1.));
#3831 = ( GEOMETRIC_REPRESENTATION_CONTEXT(2) 
PARAMETRIC_REPRESENTATION_CONTEXT() REPRESENTATION_CONTEXT('2D SPACE',''
  ) );
#3832 = PCURVE('',#3793,#3833);
#3833 = DEFINITIONAL_REPRESENTATION('',(#3834),#3838);
#3834 = LINE('',#3835,#3836);
#3835 = CARTESIAN_POINT('',(0.,-0.));
#3836 = VECTOR('',#3837,1.);
#3837 = DIRECTION('',(0.,1.));
#3838 = ( GEOMETRIC_REPRESENTATION_CONTEXT(2) 
PARAMETRIC_REPRESENTATION_CONTEXT() REPRESENTATION_CONTEXT('2D SPACE',''
  ) );
#3839 = ORIENTED_EDGE('',*,*,#3840,.T.);
#3840 = EDGE_CURVE('',#3818,#3818,#3841,.T.);
#3841 = SURFACE_CURVE('',#3842,(#3847,#3854),.PCURVE_S1.);
#3842 = CIRCLE('',#3843,4.5);
#3843 = AXIS2_PLACEMENT_3D('',#3844,#3845,#3846);
#3844 = CARTESIAN_POINT('',(214.,-63.,190.5));
#3845 = DIRECTION('',(0.,1.,0.));
#3846 = DIRECTION('',(0.,0.,1.));
#3847 = PCURVE('',#3793,#3848);
#3848 = DEFINITIONAL_REPRESENTATION('',(#3849),#3853);
#3849 = LINE('',#3850,#3851);
#3850 = CARTESIAN_POINT('',(0.,0.));
#3851 = VECTOR('',#3852,1.);
#3852 = DIRECTION('',(1.,0.));
#3853 = ( GEOMETRIC_REPRESENTATION_CONTEXT(2) 
PARAMETRIC_REPRESENTATION_CONTEXT() REPRESENTATION_CONTEXT('2D SPACE',''
  ) );
#3854 = PCURVE('',#3855,#3860);
#3855 = PLANE('',#3856);
#3856 = AXIS2_PLACEMENT_3D('',#3857,#3858,#3859);
#3857 = CARTESIAN_POINT('',(214.,-63.,190.5));
#3858 = DIRECTION('',(0.,1.,0.));
#3859 = DIRECTION('',(0.,0.,1.));
#3860 = DEFINITIONAL_REPRESENTATION('',(#3861),#3865);
#3861 = CIRCLE('',#3862,4.5);
#3862 = AXIS2_PLACEMENT_2D('',#3863,#3864);
#3863 = CARTESIAN_POINT('',(0.,0.));
#3864 = DIRECTION('',(1.,0.));
#3865 = ( GEOMETRIC_REPRESENTATION_CONTEXT(2) 
PARAMETRIC_REPRESENTATION_CONTEXT() REPRESENTATION_CONTEXT('2D SPACE',''
  ) );
#3866 = ORIENTED_EDGE('',*,*,#3817,.T.);
#3867 = ADVANCED_FACE('',(#3868),#3805,.T.);
#3868 = FACE_BOUND('',#3869,.T.);
#3869 = EDGE_LOOP('',(#3870));
#3870 = ORIENTED_EDGE('',*,*,#3783,.T.);
#3871 = ADVANCED_FACE('',(#3872),#3855,.F.);
#3872 = FACE_BOUND('',#3873,.T.);
#3873 = EDGE_LOOP('',(#3874));
#3874 = ORIENTED_EDGE('',*,*,#3840,.F.);
#3875 = MANIFOLD_SOLID_BREP('',#3876);
#3876 = CLOSED_SHELL('',(#3877,#3965,#3969));
#3877 = ADVANCED_FACE('',(#3878),#3891,.T.);
#3878 = FACE_BOUND('',#3879,.T.);
#3879 = EDGE_LOOP('',(#3880,#3914,#3937,#3964));
#3880 = ORIENTED_EDGE('',*,*,#3881,.F.);
#3881 = EDGE_CURVE('',#3882,#3882,#3884,.T.);
#3882 = VERTEX_POINT('',#3883);
#3883 = CARTESIAN_POINT('',(176.,-28.,217.5));
#3884 = SURFACE_CURVE('',#3885,(#3890,#3902),.PCURVE_S1.);
#3885 = CIRCLE('',#3886,8.);
#3886 = AXIS2_PLACEMENT_3D('',#3887,#3888,#3889);
#3887 = CARTESIAN_POINT('',(176.,-28.,209.5));
#3888 = DIRECTION('',(0.,1.,0.));
#3889 = DIRECTION('',(0.,0.,1.));
#3890 = PCURVE('',#3891,#3896);
#3891 = CYLINDRICAL_SURFACE('',#3892,8.);
#3892 = AXIS2_PLACEMENT_3D('',#3893,#3894,#3895);
#3893 = CARTESIAN_POINT('',(176.,-56.,209.5));
#3894 = DIRECTION('',(0.,1.,0.));
#3895 = DIRECTION('',(0.,0.,1.));
#3896 = DEFINITIONAL_REPRESENTATION('',(#3897),#3901);
#3897 = LINE('',#3898,#3899);
#3898 = CARTESIAN_POINT('',(0.,28.));
#3899 = VECTOR('',#3900,1.);
#3900 = DIRECTION('',(1.,0.));
#3901 = ( GEOMETRIC_REPRESENTATION_CONTEXT(2) 
PARAMETRIC_REPRESENTATION_CONTEXT() REPRESENTATION_CONTEXT('2D SPACE',''
  ) );
#3902 = PCURVE('',#3903,#3908);
#3903 = PLANE('',#3904);
#3904 = AXIS2_PLACEMENT_3D('',#3905,#3906,#3907);
#3905 = CARTESIAN_POINT('',(176.,-28.,209.5));
#3906 = DIRECTION('',(0.,1.,0.));
#3907 = DIRECTION('',(0.,0.,1.));
#3908 = DEFINITIONAL_REPRESENTATION('',(#3909),#3913);
#3909 = CIRCLE('',#3910,8.);
#3910 = AXIS2_PLACEMENT_2D('',#3911,#3912);
#3911 = CARTESIAN_POINT('',(0.,0.));
#3912 = DIRECTION('',(1.,0.));
#3913 = ( GEOMETRIC_REPRESENTATION_CONTEXT(2) 
PARAMETRIC_REPRESENTATION_CONTEXT() REPRESENTATION_CONTEXT('2D SPACE',''
  ) );
#3914 = ORIENTED_EDGE('',*,*,#3915,.F.);
#3915 = EDGE_CURVE('',#3916,#3882,#3918,.T.);
#3916 = VERTEX_POINT('',#3917);
#3917 = CARTESIAN_POINT('',(176.,-56.,217.5));
#3918 = SEAM_CURVE('',#3919,(#3923,#3930),.PCURVE_S1.);
#3919 = LINE('',#3920,#3921);
#3920 = CARTESIAN_POINT('',(176.,-56.,217.5));
#3921 = VECTOR('',#3922,1.);
#3922 = DIRECTION('',(0.,1.,0.));
#3923 = PCURVE('',#3891,#3924);
#3924 = DEFINITIONAL_REPRESENTATION('',(#3925),#3929);
#3925 = LINE('',#3926,#3927);
#3926 = CARTESIAN_POINT('',(6.28318530718,-0.));
#3927 = VECTOR('',#3928,1.);
#3928 = DIRECTION('',(0.,1.));
#3929 = ( GEOMETRIC_REPRESENTATION_CONTEXT(2) 
PARAMETRIC_REPRESENTATION_CONTEXT() REPRESENTATION_CONTEXT('2D SPACE',''
  ) );
#3930 = PCURVE('',#3891,#3931);
#3931 = DEFINITIONAL_REPRESENTATION('',(#3932),#3936);
#3932 = LINE('',#3933,#3934);
#3933 = CARTESIAN_POINT('',(0.,-0.));
#3934 = VECTOR('',#3935,1.);
#3935 = DIRECTION('',(0.,1.));
#3936 = ( GEOMETRIC_REPRESENTATION_CONTEXT(2) 
PARAMETRIC_REPRESENTATION_CONTEXT() REPRESENTATION_CONTEXT('2D SPACE',''
  ) );
#3937 = ORIENTED_EDGE('',*,*,#3938,.T.);
#3938 = EDGE_CURVE('',#3916,#3916,#3939,.T.);
#3939 = SURFACE_CURVE('',#3940,(#3945,#3952),.PCURVE_S1.);
#3940 = CIRCLE('',#3941,8.);
#3941 = AXIS2_PLACEMENT_3D('',#3942,#3943,#3944);
#3942 = CARTESIAN_POINT('',(176.,-56.,209.5));
#3943 = DIRECTION('',(0.,1.,0.));
#3944 = DIRECTION('',(0.,0.,1.));
#3945 = PCURVE('',#3891,#3946);
#3946 = DEFINITIONAL_REPRESENTATION('',(#3947),#3951);
#3947 = LINE('',#3948,#3949);
#3948 = CARTESIAN_POINT('',(0.,0.));
#3949 = VECTOR('',#3950,1.);
#3950 = DIRECTION('',(1.,0.));
#3951 = ( GEOMETRIC_REPRESENTATION_CONTEXT(2) 
PARAMETRIC_REPRESENTATION_CONTEXT() REPRESENTATION_CONTEXT('2D SPACE',''
  ) );
#3952 = PCURVE('',#3953,#3958);
#3953 = PLANE('',#3954);
#3954 = AXIS2_PLACEMENT_3D('',#3955,#3956,#3957);
#3955 = CARTESIAN_POINT('',(176.,-56.,209.5));
#3956 = DIRECTION('',(0.,1.,0.));
#3957 = DIRECTION('',(0.,0.,1.));
#3958 = DEFINITIONAL_REPRESENTATION('',(#3959),#3963);
#3959 = CIRCLE('',#3960,8.);
#3960 = AXIS2_PLACEMENT_2D('',#3961,#3962);
#3961 = CARTESIAN_POINT('',(0.,0.));
#3962 = DIRECTION('',(1.,0.));
#3963 = ( GEOMETRIC_REPRESENTATION_CONTEXT(2) 
PARAMETRIC_REPRESENTATION_CONTEXT() REPRESENTATION_CONTEXT('2D SPACE',''
  ) );
#3964 = ORIENTED_EDGE('',*,*,#3915,.T.);
#3965 = ADVANCED_FACE('',(#3966),#3903,.T.);
#3966 = FACE_BOUND('',#3967,.T.);
#3967 = EDGE_LOOP('',(#3968));
#3968 = ORIENTED_EDGE('',*,*,#3881,.T.);
#3969 = ADVANCED_FACE('',(#3970),#3953,.F.);
#3970 = FACE_BOUND('',#3971,.T.);
#3971 = EDGE_LOOP('',(#3972));
#3972 = ORIENTED_EDGE('',*,*,#3938,.F.);
#3973 = MANIFOLD_SOLID_BREP('',#3974);
#3974 = CLOSED_SHELL('',(#3975,#4063,#4067));
#3975 = ADVANCED_FACE('',(#3976),#3989,.T.);
#3976 = FACE_BOUND('',#3977,.T.);
#3977 = EDGE_LOOP('',(#3978,#4012,#4035,#4062));
#3978 = ORIENTED_EDGE('',*,*,#3979,.F.);
#3979 = EDGE_CURVE('',#3980,#3980,#3982,.T.);
#3980 = VERTEX_POINT('',#3981);
#3981 = CARTESIAN_POINT('',(176.,-56.,214.));
#3982 = SURFACE_CURVE('',#3983,(#3988,#4000),.PCURVE_S1.);
#3983 = CIRCLE('',#3984,4.5);
#3984 = AXIS2_PLACEMENT_3D('',#3985,#3986,#3987);
#3985 = CARTESIAN_POINT('',(176.,-56.,209.5));
#3986 = DIRECTION('',(0.,1.,0.));
#3987 = DIRECTION('',(0.,0.,1.));
#3988 = PCURVE('',#3989,#3994);
#3989 = CYLINDRICAL_SURFACE('',#3990,4.5);
#3990 = AXIS2_PLACEMENT_3D('',#3991,#3992,#3993);
#3991 = CARTESIAN_POINT('',(176.,-63.,209.5));
#3992 = DIRECTION('',(0.,1.,0.));
#3993 = DIRECTION('',(0.,0.,1.));
#3994 = DEFINITIONAL_REPRESENTATION('',(#3995),#3999);
#3995 = LINE('',#3996,#3997);
#3996 = CARTESIAN_POINT('',(0.,7.));
#3997 = VECTOR('',#3998,1.);
#3998 = DIRECTION('',(1.,0.));
#3999 = ( GEOMETRIC_REPRESENTATION_CONTEXT(2) 
PARAMETRIC_REPRESENTATION_CONTEXT() REPRESENTATION_CONTEXT('2D SPACE',''
  ) );
#4000 = PCURVE('',#4001,#4006);
#4001 = PLANE('',#4002);
#4002 = AXIS2_PLACEMENT_3D('',#4003,#4004,#4005);
#4003 = CARTESIAN_POINT('',(176.,-56.,209.5));
#4004 = DIRECTION('',(0.,1.,0.));
#4005 = DIRECTION('',(0.,0.,1.));
#4006 = DEFINITIONAL_REPRESENTATION('',(#4007),#4011);
#4007 = CIRCLE('',#4008,4.5);
#4008 = AXIS2_PLACEMENT_2D('',#4009,#4010);
#4009 = CARTESIAN_POINT('',(0.,0.));
#4010 = DIRECTION('',(1.,0.));
#4011 = ( GEOMETRIC_REPRESENTATION_CONTEXT(2) 
PARAMETRIC_REPRESENTATION_CONTEXT() REPRESENTATION_CONTEXT('2D SPACE',''
  ) );
#4012 = ORIENTED_EDGE('',*,*,#4013,.F.);
#4013 = EDGE_CURVE('',#4014,#3980,#4016,.T.);
#4014 = VERTEX_POINT('',#4015);
#4015 = CARTESIAN_POINT('',(176.,-63.,214.));
#4016 = SEAM_CURVE('',#4017,(#4021,#4028),.PCURVE_S1.);
#4017 = LINE('',#4018,#4019);
#4018 = CARTESIAN_POINT('',(176.,-63.,214.));
#4019 = VECTOR('',#4020,1.);
#4020 = DIRECTION('',(0.,1.,0.));
#4021 = PCURVE('',#3989,#4022);
#4022 = DEFINITIONAL_REPRESENTATION('',(#4023),#4027);
#4023 = LINE('',#4024,#4025);
#4024 = CARTESIAN_POINT('',(6.28318530718,-0.));
#4025 = VECTOR('',#4026,1.);
#4026 = DIRECTION('',(0.,1.));
#4027 = ( GEOMETRIC_REPRESENTATION_CONTEXT(2) 
PARAMETRIC_REPRESENTATION_CONTEXT() REPRESENTATION_CONTEXT('2D SPACE',''
  ) );
#4028 = PCURVE('',#3989,#4029);
#4029 = DEFINITIONAL_REPRESENTATION('',(#4030),#4034);
#4030 = LINE('',#4031,#4032);
#4031 = CARTESIAN_POINT('',(0.,-0.));
#4032 = VECTOR('',#4033,1.);
#4033 = DIRECTION('',(0.,1.));
#4034 = ( GEOMETRIC_REPRESENTATION_CONTEXT(2) 
PARAMETRIC_REPRESENTATION_CONTEXT() REPRESENTATION_CONTEXT('2D SPACE',''
  ) );
#4035 = ORIENTED_EDGE('',*,*,#4036,.T.);
#4036 = EDGE_CURVE('',#4014,#4014,#4037,.T.);
#4037 = SURFACE_CURVE('',#4038,(#4043,#4050),.PCURVE_S1.);
#4038 = CIRCLE('',#4039,4.5);
#4039 = AXIS2_PLACEMENT_3D('',#4040,#4041,#4042);
#4040 = CARTESIAN_POINT('',(176.,-63.,209.5));
#4041 = DIRECTION('',(0.,1.,0.));
#4042 = DIRECTION('',(0.,0.,1.));
#4043 = PCURVE('',#3989,#4044);
#4044 = DEFINITIONAL_REPRESENTATION('',(#4045),#4049);
#4045 = LINE('',#4046,#4047);
#4046 = CARTESIAN_POINT('',(0.,0.));
#4047 = VECTOR('',#4048,1.);
#4048 = DIRECTION('',(1.,0.));
#4049 = ( GEOMETRIC_REPRESENTATION_CONTEXT(2) 
PARAMETRIC_REPRESENTATION_CONTEXT() REPRESENTATION_CONTEXT('2D SPACE',''
  ) );
#4050 = PCURVE('',#4051,#4056);
#4051 = PLANE('',#4052);
#4052 = AXIS2_PLACEMENT_3D('',#4053,#4054,#4055);
#4053 = CARTESIAN_POINT('',(176.,-63.,209.5));
#4054 = DIRECTION('',(0.,1.,0.));
#4055 = DIRECTION('',(0.,0.,1.));
#4056 = DEFINITIONAL_REPRESENTATION('',(#4057),#4061);
#4057 = CIRCLE('',#4058,4.5);
#4058 = AXIS2_PLACEMENT_2D('',#4059,#4060);
#4059 = CARTESIAN_POINT('',(0.,0.));
#4060 = DIRECTION('',(1.,0.));
#4061 = ( GEOMETRIC_REPRESENTATION_CONTEXT(2) 
PARAMETRIC_REPRESENTATION_CONTEXT() REPRESENTATION_CONTEXT('2D SPACE',''
  ) );
#4062 = ORIENTED_EDGE('',*,*,#4013,.T.);
#4063 = ADVANCED_FACE('',(#4064),#4001,.T.);
#4064 = FACE_BOUND('',#4065,.T.);
#4065 = EDGE_LOOP('',(#4066));
#4066 = ORIENTED_EDGE('',*,*,#3979,.T.);
#4067 = ADVANCED_FACE('',(#4068),#4051,.F.);
#4068 = FACE_BOUND('',#4069,.T.);
#4069 = EDGE_LOOP('',(#4070));
#4070 = ORIENTED_EDGE('',*,*,#4036,.F.);
#4071 = MANIFOLD_SOLID_BREP('',#4072);
#4072 = CLOSED_SHELL('',(#4073,#4161,#4165));
#4073 = ADVANCED_FACE('',(#4074),#4087,.T.);
#4074 = FACE_BOUND('',#4075,.T.);
#4075 = EDGE_LOOP('',(#4076,#4110,#4133,#4160));
#4076 = ORIENTED_EDGE('',*,*,#4077,.F.);
#4077 = EDGE_CURVE('',#4078,#4078,#4080,.T.);
#4078 = VERTEX_POINT('',#4079);
#4079 = CARTESIAN_POINT('',(195.,-28.,217.5));
#4080 = SURFACE_CURVE('',#4081,(#4086,#4098),.PCURVE_S1.);
#4081 = CIRCLE('',#4082,8.);
#4082 = AXIS2_PLACEMENT_3D('',#4083,#4084,#4085);
#4083 = CARTESIAN_POINT('',(195.,-28.,209.5));
#4084 = DIRECTION('',(0.,1.,0.));
#4085 = DIRECTION('',(0.,0.,1.));
#4086 = PCURVE('',#4087,#4092);
#4087 = CYLINDRICAL_SURFACE('',#4088,8.);
#4088 = AXIS2_PLACEMENT_3D('',#4089,#4090,#4091);
#4089 = CARTESIAN_POINT('',(195.,-56.,209.5));
#4090 = DIRECTION('',(0.,1.,0.));
#4091 = DIRECTION('',(0.,0.,1.));
#4092 = DEFINITIONAL_REPRESENTATION('',(#4093),#4097);
#4093 = LINE('',#4094,#4095);
#4094 = CARTESIAN_POINT('',(0.,28.));
#4095 = VECTOR('',#4096,1.);
#4096 = DIRECTION('',(1.,0.));
#4097 = ( GEOMETRIC_REPRESENTATION_CONTEXT(2) 
PARAMETRIC_REPRESENTATION_CONTEXT() REPRESENTATION_CONTEXT('2D SPACE',''
  ) );
#4098 = PCURVE('',#4099,#4104);
#4099 = PLANE('',#4100);
#4100 = AXIS2_PLACEMENT_3D('',#4101,#4102,#4103);
#4101 = CARTESIAN_POINT('',(195.,-28.,209.5));
#4102 = DIRECTION('',(0.,1.,0.));
#4103 = DIRECTION('',(0.,0.,1.));
#4104 = DEFINITIONAL_REPRESENTATION('',(#4105),#4109);
#4105 = CIRCLE('',#4106,8.);
#4106 = AXIS2_PLACEMENT_2D('',#4107,#4108);
#4107 = CARTESIAN_POINT('',(0.,0.));
#4108 = DIRECTION('',(1.,0.));
#4109 = ( GEOMETRIC_REPRESENTATION_CONTEXT(2) 
PARAMETRIC_REPRESENTATION_CONTEXT() REPRESENTATION_CONTEXT('2D SPACE',''
  ) );
#4110 = ORIENTED_EDGE('',*,*,#4111,.F.);
#4111 = EDGE_CURVE('',#4112,#4078,#4114,.T.);
#4112 = VERTEX_POINT('',#4113);
#4113 = CARTESIAN_POINT('',(195.,-56.,217.5));
#4114 = SEAM_CURVE('',#4115,(#4119,#4126),.PCURVE_S1.);
#4115 = LINE('',#4116,#4117);
#4116 = CARTESIAN_POINT('',(195.,-56.,217.5));
#4117 = VECTOR('',#4118,1.);
#4118 = DIRECTION('',(0.,1.,0.));
#4119 = PCURVE('',#4087,#4120);
#4120 = DEFINITIONAL_REPRESENTATION('',(#4121),#4125);
#4121 = LINE('',#4122,#4123);
#4122 = CARTESIAN_POINT('',(6.28318530718,-0.));
#4123 = VECTOR('',#4124,1.);
#4124 = DIRECTION('',(0.,1.));
#4125 = ( GEOMETRIC_REPRESENTATION_CONTEXT(2) 
PARAMETRIC_REPRESENTATION_CONTEXT() REPRESENTATION_CONTEXT('2D SPACE',''
  ) );
#4126 = PCURVE('',#4087,#4127);
#4127 = DEFINITIONAL_REPRESENTATION('',(#4128),#4132);
#4128 = LINE('',#4129,#4130);
#4129 = CARTESIAN_POINT('',(0.,-0.));
#4130 = VECTOR('',#4131,1.);
#4131 = DIRECTION('',(0.,1.));
#4132 = ( GEOMETRIC_REPRESENTATION_CONTEXT(2) 
PARAMETRIC_REPRESENTATION_CONTEXT() REPRESENTATION_CONTEXT('2D SPACE',''
  ) );
#4133 = ORIENTED_EDGE('',*,*,#4134,.T.);
#4134 = EDGE_CURVE('',#4112,#4112,#4135,.T.);
#4135 = SURFACE_CURVE('',#4136,(#4141,#4148),.PCURVE_S1.);
#4136 = CIRCLE('',#4137,8.);
#4137 = AXIS2_PLACEMENT_3D('',#4138,#4139,#4140);
#4138 = CARTESIAN_POINT('',(195.,-56.,209.5));
#4139 = DIRECTION('',(0.,1.,0.));
#4140 = DIRECTION('',(0.,0.,1.));
#4141 = PCURVE('',#4087,#4142);
#4142 = DEFINITIONAL_REPRESENTATION('',(#4143),#4147);
#4143 = LINE('',#4144,#4145);
#4144 = CARTESIAN_POINT('',(0.,0.));
#4145 = VECTOR('',#4146,1.);
#4146 = DIRECTION('',(1.,0.));
#4147 = ( GEOMETRIC_REPRESENTATION_CONTEXT(2) 
PARAMETRIC_REPRESENTATION_CONTEXT() REPRESENTATION_CONTEXT('2D SPACE',''
  ) );
#4148 = PCURVE('',#4149,#4154);
#4149 = PLANE('',#4150);
#4150 = AXIS2_PLACEMENT_3D('',#4151,#4152,#4153);
#4151 = CARTESIAN_POINT('',(195.,-56.,209.5));
#4152 = DIRECTION('',(0.,1.,0.));
#4153 = DIRECTION('',(0.,0.,1.));
#4154 = DEFINITIONAL_REPRESENTATION('',(#4155),#4159);
#4155 = CIRCLE('',#4156,8.);
#4156 = AXIS2_PLACEMENT_2D('',#4157,#4158);
#4157 = CARTESIAN_POINT('',(0.,0.));
#4158 = DIRECTION('',(1.,0.));
#4159 = ( GEOMETRIC_REPRESENTATION_CONTEXT(2) 
PARAMETRIC_REPRESENTATION_CONTEXT() REPRESENTATION_CONTEXT('2D SPACE',''
  ) );
#4160 = ORIENTED_EDGE('',*,*,#4111,.T.);
#4161 = ADVANCED_FACE('',(#4162),#4099,.T.);
#4162 = FACE_BOUND('',#4163,.T.);
#4163 = EDGE_LOOP('',(#4164));
#4164 = ORIENTED_EDGE('',*,*,#4077,.T.);
#4165 = ADVANCED_FACE('',(#4166),#4149,.F.);
#4166 = FACE_BOUND('',#4167,.T.);
#4167 = EDGE_LOOP('',(#4168));
#4168 = ORIENTED_EDGE('',*,*,#4134,.F.);
#4169 = MANIFOLD_SOLID_BREP('',#4170);
#4170 = CLOSED_SHELL('',(#4171,#4259,#4263));
#4171 = ADVANCED_FACE('',(#4172),#4185,.T.);
#4172 = FACE_BOUND('',#4173,.T.);
#4173 = EDGE_LOOP('',(#4174,#4208,#4231,#4258));
#4174 = ORIENTED_EDGE('',*,*,#4175,.F.);
#4175 = EDGE_CURVE('',#4176,#4176,#4178,.T.);
#4176 = VERTEX_POINT('',#4177);
#4177 = CARTESIAN_POINT('',(195.,-56.,214.));
#4178 = SURFACE_CURVE('',#4179,(#4184,#4196),.PCURVE_S1.);
#4179 = CIRCLE('',#4180,4.5);
#4180 = AXIS2_PLACEMENT_3D('',#4181,#4182,#4183);
#4181 = CARTESIAN_POINT('',(195.,-56.,209.5));
#4182 = DIRECTION('',(0.,1.,0.));
#4183 = DIRECTION('',(0.,0.,1.));
#4184 = PCURVE('',#4185,#4190);
#4185 = CYLINDRICAL_SURFACE('',#4186,4.5);
#4186 = AXIS2_PLACEMENT_3D('',#4187,#4188,#4189);
#4187 = CARTESIAN_POINT('',(195.,-63.,209.5));
#4188 = DIRECTION('',(0.,1.,0.));
#4189 = DIRECTION('',(0.,0.,1.));
#4190 = DEFINITIONAL_REPRESENTATION('',(#4191),#4195);
#4191 = LINE('',#4192,#4193);
#4192 = CARTESIAN_POINT('',(0.,7.));
#4193 = VECTOR('',#4194,1.);
#4194 = DIRECTION('',(1.,0.));
#4195 = ( GEOMETRIC_REPRESENTATION_CONTEXT(2) 
PARAMETRIC_REPRESENTATION_CONTEXT() REPRESENTATION_CONTEXT('2D SPACE',''
  ) );
#4196 = PCURVE('',#4197,#4202);
#4197 = PLANE('',#4198);
#4198 = AXIS2_PLACEMENT_3D('',#4199,#4200,#4201);
#4199 = CARTESIAN_POINT('',(195.,-56.,209.5));
#4200 = DIRECTION('',(0.,1.,0.));
#4201 = DIRECTION('',(0.,0.,1.));
#4202 = DEFINITIONAL_REPRESENTATION('',(#4203),#4207);
#4203 = CIRCLE('',#4204,4.5);
#4204 = AXIS2_PLACEMENT_2D('',#4205,#4206);
#4205 = CARTESIAN_POINT('',(0.,0.));
#4206 = DIRECTION('',(1.,0.));
#4207 = ( GEOMETRIC_REPRESENTATION_CONTEXT(2) 
PARAMETRIC_REPRESENTATION_CONTEXT() REPRESENTATION_CONTEXT('2D SPACE',''
  ) );
#4208 = ORIENTED_EDGE('',*,*,#4209,.F.);
#4209 = EDGE_CURVE('',#4210,#4176,#4212,.T.);
#4210 = VERTEX_POINT('',#4211);
#4211 = CARTESIAN_POINT('',(195.,-63.,214.));
#4212 = SEAM_CURVE('',#4213,(#4217,#4224),.PCURVE_S1.);
#4213 = LINE('',#4214,#4215);
#4214 = CARTESIAN_POINT('',(195.,-63.,214.));
#4215 = VECTOR('',#4216,1.);
#4216 = DIRECTION('',(0.,1.,0.));
#4217 = PCURVE('',#4185,#4218);
#4218 = DEFINITIONAL_REPRESENTATION('',(#4219),#4223);
#4219 = LINE('',#4220,#4221);
#4220 = CARTESIAN_POINT('',(6.28318530718,-0.));
#4221 = VECTOR('',#4222,1.);
#4222 = DIRECTION('',(0.,1.));
#4223 = ( GEOMETRIC_REPRESENTATION_CONTEXT(2) 
PARAMETRIC_REPRESENTATION_CONTEXT() REPRESENTATION_CONTEXT('2D SPACE',''
  ) );
#4224 = PCURVE('',#4185,#4225);
#4225 = DEFINITIONAL_REPRESENTATION('',(#4226),#4230);
#4226 = LINE('',#4227,#4228);
#4227 = CARTESIAN_POINT('',(0.,-0.));
#4228 = VECTOR('',#4229,1.);
#4229 = DIRECTION('',(0.,1.));
#4230 = ( GEOMETRIC_REPRESENTATION_CONTEXT(2) 
PARAMETRIC_REPRESENTATION_CONTEXT() REPRESENTATION_CONTEXT('2D SPACE',''
  ) );
#4231 = ORIENTED_EDGE('',*,*,#4232,.T.);
#4232 = EDGE_CURVE('',#4210,#4210,#4233,.T.);
#4233 = SURFACE_CURVE('',#4234,(#4239,#4246),.PCURVE_S1.);
#4234 = CIRCLE('',#4235,4.5);
#4235 = AXIS2_PLACEMENT_3D('',#4236,#4237,#4238);
#4236 = CARTESIAN_POINT('',(195.,-63.,209.5));
#4237 = DIRECTION('',(0.,1.,0.));
#4238 = DIRECTION('',(0.,0.,1.));
#4239 = PCURVE('',#4185,#4240);
#4240 = DEFINITIONAL_REPRESENTATION('',(#4241),#4245);
#4241 = LINE('',#4242,#4243);
#4242 = CARTESIAN_POINT('',(0.,0.));
#4243 = VECTOR('',#4244,1.);
#4244 = DIRECTION('',(1.,0.));
#4245 = ( GEOMETRIC_REPRESENTATION_CONTEXT(2) 
PARAMETRIC_REPRESENTATION_CONTEXT() REPRESENTATION_CONTEXT('2D SPACE',''
  ) );
#4246 = PCURVE('',#4247,#4252);
#4247 = PLANE('',#4248);
#4248 = AXIS2_PLACEMENT_3D('',#4249,#4250,#4251);
#4249 = CARTESIAN_POINT('',(195.,-63.,209.5));
#4250 = DIRECTION('',(0.,1.,0.));
#4251 = DIRECTION('',(0.,0.,1.));
#4252 = DEFINITIONAL_REPRESENTATION('',(#4253),#4257);
#4253 = CIRCLE('',#4254,4.5);
#4254 = AXIS2_PLACEMENT_2D('',#4255,#4256);
#4255 = CARTESIAN_POINT('',(0.,0.));
#4256 = DIRECTION('',(1.,0.));
#4257 = ( GEOMETRIC_REPRESENTATION_CONTEXT(2) 
PARAMETRIC_REPRESENTATION_CONTEXT() REPRESENTATION_CONTEXT('2D SPACE',''
  ) );
#4258 = ORIENTED_EDGE('',*,*,#4209,.T.);
#4259 = ADVANCED_FACE('',(#4260),#4197,.T.);
#4260 = FACE_BOUND('',#4261,.T.);
#4261 = EDGE_LOOP('',(#4262));
#4262 = ORIENTED_EDGE('',*,*,#4175,.T.);
#4263 = ADVANCED_FACE('',(#4264),#4247,.F.);
#4264 = FACE_BOUND('',#4265,.T.);
#4265 = EDGE_LOOP('',(#4266));
#4266 = ORIENTED_EDGE('',*,*,#4232,.F.);
#4267 = MANIFOLD_SOLID_BREP('',#4268);
#4268 = CLOSED_SHELL('',(#4269,#4357,#4361));
#4269 = ADVANCED_FACE('',(#4270),#4283,.T.);
#4270 = FACE_BOUND('',#4271,.T.);
#4271 = EDGE_LOOP('',(#4272,#4306,#4329,#4356));
#4272 = ORIENTED_EDGE('',*,*,#4273,.F.);
#4273 = EDGE_CURVE('',#4274,#4274,#4276,.T.);
#4274 = VERTEX_POINT('',#4275);
#4275 = CARTESIAN_POINT('',(-19.,56.,198.5));
#4276 = SURFACE_CURVE('',#4277,(#4282,#4294),.PCURVE_S1.);
#4277 = CIRCLE('',#4278,8.);
#4278 = AXIS2_PLACEMENT_3D('',#4279,#4280,#4281);
#4279 = CARTESIAN_POINT('',(-19.,56.,190.5));
#4280 = DIRECTION('',(0.,1.,0.));
#4281 = DIRECTION('',(0.,0.,1.));
#4282 = PCURVE('',#4283,#4288);
#4283 = CYLINDRICAL_SURFACE('',#4284,8.);
#4284 = AXIS2_PLACEMENT_3D('',#4285,#4286,#4287);
#4285 = CARTESIAN_POINT('',(-19.,28.,190.5));
#4286 = DIRECTION('',(0.,1.,0.));
#4287 = DIRECTION('',(0.,0.,1.));
#4288 = DEFINITIONAL_REPRESENTATION('',(#4289),#4293);
#4289 = LINE('',#4290,#4291);
#4290 = CARTESIAN_POINT('',(0.,28.));
#4291 = VECTOR('',#4292,1.);
#4292 = DIRECTION('',(1.,0.));
#4293 = ( GEOMETRIC_REPRESENTATION_CONTEXT(2) 
PARAMETRIC_REPRESENTATION_CONTEXT() REPRESENTATION_CONTEXT('2D SPACE',''
  ) );
#4294 = PCURVE('',#4295,#4300);
#4295 = PLANE('',#4296);
#4296 = AXIS2_PLACEMENT_3D('',#4297,#4298,#4299);
#4297 = CARTESIAN_POINT('',(-19.,56.,190.5));
#4298 = DIRECTION('',(0.,1.,0.));
#4299 = DIRECTION('',(0.,0.,1.));
#4300 = DEFINITIONAL_REPRESENTATION('',(#4301),#4305);
#4301 = CIRCLE('',#4302,8.);
#4302 = AXIS2_PLACEMENT_2D('',#4303,#4304);
#4303 = CARTESIAN_POINT('',(0.,0.));
#4304 = DIRECTION('',(1.,0.));
#4305 = ( GEOMETRIC_REPRESENTATION_CONTEXT(2) 
PARAMETRIC_REPRESENTATION_CONTEXT() REPRESENTATION_CONTEXT('2D SPACE',''
  ) );
#4306 = ORIENTED_EDGE('',*,*,#4307,.F.);
#4307 = EDGE_CURVE('',#4308,#4274,#4310,.T.);
#4308 = VERTEX_POINT('',#4309);
#4309 = CARTESIAN_POINT('',(-19.,28.,198.5));
#4310 = SEAM_CURVE('',#4311,(#4315,#4322),.PCURVE_S1.);
#4311 = LINE('',#4312,#4313);
#4312 = CARTESIAN_POINT('',(-19.,28.,198.5));
#4313 = VECTOR('',#4314,1.);
#4314 = DIRECTION('',(0.,1.,0.));
#4315 = PCURVE('',#4283,#4316);
#4316 = DEFINITIONAL_REPRESENTATION('',(#4317),#4321);
#4317 = LINE('',#4318,#4319);
#4318 = CARTESIAN_POINT('',(6.28318530718,-0.));
#4319 = VECTOR('',#4320,1.);
#4320 = DIRECTION('',(0.,1.));
#4321 = ( GEOMETRIC_REPRESENTATION_CONTEXT(2) 
PARAMETRIC_REPRESENTATION_CONTEXT() REPRESENTATION_CONTEXT('2D SPACE',''
  ) );
#4322 = PCURVE('',#4283,#4323);
#4323 = DEFINITIONAL_REPRESENTATION('',(#4324),#4328);
#4324 = LINE('',#4325,#4326);
#4325 = CARTESIAN_POINT('',(0.,-0.));
#4326 = VECTOR('',#4327,1.);
#4327 = DIRECTION('',(0.,1.));
#4328 = ( GEOMETRIC_REPRESENTATION_CONTEXT(2) 
PARAMETRIC_REPRESENTATION_CONTEXT() REPRESENTATION_CONTEXT('2D SPACE',''
  ) );
#4329 = ORIENTED_EDGE('',*,*,#4330,.T.);
#4330 = EDGE_CURVE('',#4308,#4308,#4331,.T.);
#4331 = SURFACE_CURVE('',#4332,(#4337,#4344),.PCURVE_S1.);
#4332 = CIRCLE('',#4333,8.);
#4333 = AXIS2_PLACEMENT_3D('',#4334,#4335,#4336);
#4334 = CARTESIAN_POINT('',(-19.,28.,190.5));
#4335 = DIRECTION('',(0.,1.,0.));
#4336 = DIRECTION('',(0.,0.,1.));
#4337 = PCURVE('',#4283,#4338);
#4338 = DEFINITIONAL_REPRESENTATION('',(#4339),#4343);
#4339 = LINE('',#4340,#4341);
#4340 = CARTESIAN_POINT('',(0.,0.));
#4341 = VECTOR('',#4342,1.);
#4342 = DIRECTION('',(1.,0.));
#4343 = ( GEOMETRIC_REPRESENTATION_CONTEXT(2) 
PARAMETRIC_REPRESENTATION_CONTEXT() REPRESENTATION_CONTEXT('2D SPACE',''
  ) );
#4344 = PCURVE('',#4345,#4350);
#4345 = PLANE('',#4346);
#4346 = AXIS2_PLACEMENT_3D('',#4347,#4348,#4349);
#4347 = CARTESIAN_POINT('',(-19.,28.,190.5));
#4348 = DIRECTION('',(0.,1.,0.));
#4349 = DIRECTION('',(0.,0.,1.));
#4350 = DEFINITIONAL_REPRESENTATION('',(#4351),#4355);
#4351 = CIRCLE('',#4352,8.);
#4352 = AXIS2_PLACEMENT_2D('',#4353,#4354);
#4353 = CARTESIAN_POINT('',(0.,0.));
#4354 = DIRECTION('',(1.,0.));
#4355 = ( GEOMETRIC_REPRESENTATION_CONTEXT(2) 
PARAMETRIC_REPRESENTATION_CONTEXT() REPRESENTATION_CONTEXT('2D SPACE',''
  ) );
#4356 = ORIENTED_EDGE('',*,*,#4307,.T.);
#4357 = ADVANCED_FACE('',(#4358),#4295,.T.);
#4358 = FACE_BOUND('',#4359,.T.);
#4359 = EDGE_LOOP('',(#4360));
#4360 = ORIENTED_EDGE('',*,*,#4273,.T.);
#4361 = ADVANCED_FACE('',(#4362),#4345,.F.);
#4362 = FACE_BOUND('',#4363,.T.);
#4363 = EDGE_LOOP('',(#4364));
#4364 = ORIENTED_EDGE('',*,*,#4330,.F.);
#4365 = MANIFOLD_SOLID_BREP('',#4366);
#4366 = CLOSED_SHELL('',(#4367,#4455,#4459));
#4367 = ADVANCED_FACE('',(#4368),#4381,.T.);
#4368 = FACE_BOUND('',#4369,.T.);
#4369 = EDGE_LOOP('',(#4370,#4404,#4427,#4454));
#4370 = ORIENTED_EDGE('',*,*,#4371,.F.);
#4371 = EDGE_CURVE('',#4372,#4372,#4374,.T.);
#4372 = VERTEX_POINT('',#4373);
#4373 = CARTESIAN_POINT('',(-19.,63.,195.));
#4374 = SURFACE_CURVE('',#4375,(#4380,#4392),.PCURVE_S1.);
#4375 = CIRCLE('',#4376,4.5);
#4376 = AXIS2_PLACEMENT_3D('',#4377,#4378,#4379);
#4377 = CARTESIAN_POINT('',(-19.,63.,190.5));
#4378 = DIRECTION('',(0.,1.,0.));
#4379 = DIRECTION('',(0.,0.,1.));
#4380 = PCURVE('',#4381,#4386);
#4381 = CYLINDRICAL_SURFACE('',#4382,4.5);
#4382 = AXIS2_PLACEMENT_3D('',#4383,#4384,#4385);
#4383 = CARTESIAN_POINT('',(-19.,56.,190.5));
#4384 = DIRECTION('',(0.,1.,0.));
#4385 = DIRECTION('',(0.,0.,1.));
#4386 = DEFINITIONAL_REPRESENTATION('',(#4387),#4391);
#4387 = LINE('',#4388,#4389);
#4388 = CARTESIAN_POINT('',(0.,7.));
#4389 = VECTOR('',#4390,1.);
#4390 = DIRECTION('',(1.,0.));
#4391 = ( GEOMETRIC_REPRESENTATION_CONTEXT(2) 
PARAMETRIC_REPRESENTATION_CONTEXT() REPRESENTATION_CONTEXT('2D SPACE',''
  ) );
#4392 = PCURVE('',#4393,#4398);
#4393 = PLANE('',#4394);
#4394 = AXIS2_PLACEMENT_3D('',#4395,#4396,#4397);
#4395 = CARTESIAN_POINT('',(-19.,63.,190.5));
#4396 = DIRECTION('',(0.,1.,0.));
#4397 = DIRECTION('',(0.,0.,1.));
#4398 = DEFINITIONAL_REPRESENTATION('',(#4399),#4403);
#4399 = CIRCLE('',#4400,4.5);
#4400 = AXIS2_PLACEMENT_2D('',#4401,#4402);
#4401 = CARTESIAN_POINT('',(0.,0.));
#4402 = DIRECTION('',(1.,0.));
#4403 = ( GEOMETRIC_REPRESENTATION_CONTEXT(2) 
PARAMETRIC_REPRESENTATION_CONTEXT() REPRESENTATION_CONTEXT('2D SPACE',''
  ) );
#4404 = ORIENTED_EDGE('',*,*,#4405,.F.);
#4405 = EDGE_CURVE('',#4406,#4372,#4408,.T.);
#4406 = VERTEX_POINT('',#4407);
#4407 = CARTESIAN_POINT('',(-19.,56.,195.));
#4408 = SEAM_CURVE('',#4409,(#4413,#4420),.PCURVE_S1.);
#4409 = LINE('',#4410,#4411);
#4410 = CARTESIAN_POINT('',(-19.,56.,195.));
#4411 = VECTOR('',#4412,1.);
#4412 = DIRECTION('',(0.,1.,0.));
#4413 = PCURVE('',#4381,#4414);
#4414 = DEFINITIONAL_REPRESENTATION('',(#4415),#4419);
#4415 = LINE('',#4416,#4417);
#4416 = CARTESIAN_POINT('',(6.28318530718,-0.));
#4417 = VECTOR('',#4418,1.);
#4418 = DIRECTION('',(0.,1.));
#4419 = ( GEOMETRIC_REPRESENTATION_CONTEXT(2) 
PARAMETRIC_REPRESENTATION_CONTEXT() REPRESENTATION_CONTEXT('2D SPACE',''
  ) );
#4420 = PCURVE('',#4381,#4421);
#4421 = DEFINITIONAL_REPRESENTATION('',(#4422),#4426);
#4422 = LINE('',#4423,#4424);
#4423 = CARTESIAN_POINT('',(0.,-0.));
#4424 = VECTOR('',#4425,1.);
#4425 = DIRECTION('',(0.,1.));
#4426 = ( GEOMETRIC_REPRESENTATION_CONTEXT(2) 
PARAMETRIC_REPRESENTATION_CONTEXT() REPRESENTATION_CONTEXT('2D SPACE',''
  ) );
#4427 = ORIENTED_EDGE('',*,*,#4428,.T.);
#4428 = EDGE_CURVE('',#4406,#4406,#4429,.T.);
#4429 = SURFACE_CURVE('',#4430,(#4435,#4442),.PCURVE_S1.);
#4430 = CIRCLE('',#4431,4.5);
#4431 = AXIS2_PLACEMENT_3D('',#4432,#4433,#4434);
#4432 = CARTESIAN_POINT('',(-19.,56.,190.5));
#4433 = DIRECTION('',(0.,1.,0.));
#4434 = DIRECTION('',(0.,0.,1.));
#4435 = PCURVE('',#4381,#4436);
#4436 = DEFINITIONAL_REPRESENTATION('',(#4437),#4441);
#4437 = LINE('',#4438,#4439);
#4438 = CARTESIAN_POINT('',(0.,0.));
#4439 = VECTOR('',#4440,1.);
#4440 = DIRECTION('',(1.,0.));
#4441 = ( GEOMETRIC_REPRESENTATION_CONTEXT(2) 
PARAMETRIC_REPRESENTATION_CONTEXT() REPRESENTATION_CONTEXT('2D SPACE',''
  ) );
#4442 = PCURVE('',#4443,#4448);
#4443 = PLANE('',#4444);
#4444 = AXIS2_PLACEMENT_3D('',#4445,#4446,#4447);
#4445 = CARTESIAN_POINT('',(-19.,56.,190.5));
#4446 = DIRECTION('',(0.,1.,0.));
#4447 = DIRECTION('',(0.,0.,1.));
#4448 = DEFINITIONAL_REPRESENTATION('',(#4449),#4453);
#4449 = CIRCLE('',#4450,4.5);
#4450 = AXIS2_PLACEMENT_2D('',#4451,#4452);
#4451 = CARTESIAN_POINT('',(0.,0.));
#4452 = DIRECTION('',(1.,0.));
#4453 = ( GEOMETRIC_REPRESENTATION_CONTEXT(2) 
PARAMETRIC_REPRESENTATION_CONTEXT() REPRESENTATION_CONTEXT('2D SPACE',''
  ) );
#4454 = ORIENTED_EDGE('',*,*,#4405,.T.);
#4455 = ADVANCED_FACE('',(#4456),#4393,.T.);
#4456 = FACE_BOUND('',#4457,.T.);
#4457 = EDGE_LOOP('',(#4458));
#4458 = ORIENTED_EDGE('',*,*,#4371,.T.);
#4459 = ADVANCED_FACE('',(#4460),#4443,.F.);
#4460 = FACE_BOUND('',#4461,.T.);
#4461 = EDGE_LOOP('',(#4462));
#4462 = ORIENTED_EDGE('',*,*,#4428,.F.);
#4463 = MANIFOLD_SOLID_BREP('',#4464);
#4464 = CLOSED_SHELL('',(#4465,#4553,#4557));
#4465 = ADVANCED_FACE('',(#4466),#4479,.T.);
#4466 = FACE_BOUND('',#4467,.T.);
#4467 = EDGE_LOOP('',(#4468,#4502,#4525,#4552));
#4468 = ORIENTED_EDGE('',*,*,#4469,.F.);
#4469 = EDGE_CURVE('',#4470,#4470,#4472,.T.);
#4470 = VERTEX_POINT('',#4471);
#4471 = CARTESIAN_POINT('',(-1.959434878636E-15,56.,198.5));
#4472 = SURFACE_CURVE('',#4473,(#4478,#4490),.PCURVE_S1.);
#4473 = CIRCLE('',#4474,8.);
#4474 = AXIS2_PLACEMENT_3D('',#4475,#4476,#4477);
#4475 = CARTESIAN_POINT('',(0.,56.,190.5));
#4476 = DIRECTION('',(0.,1.,0.));
#4477 = DIRECTION('',(0.,0.,1.));
#4478 = PCURVE('',#4479,#4484);
#4479 = CYLINDRICAL_SURFACE('',#4480,8.);
#4480 = AXIS2_PLACEMENT_3D('',#4481,#4482,#4483);
#4481 = CARTESIAN_POINT('',(0.,28.,190.5));
#4482 = DIRECTION('',(0.,1.,0.));
#4483 = DIRECTION('',(0.,0.,1.));
#4484 = DEFINITIONAL_REPRESENTATION('',(#4485),#4489);
#4485 = LINE('',#4486,#4487);
#4486 = CARTESIAN_POINT('',(0.,28.));
#4487 = VECTOR('',#4488,1.);
#4488 = DIRECTION('',(1.,0.));
#4489 = ( GEOMETRIC_REPRESENTATION_CONTEXT(2) 
PARAMETRIC_REPRESENTATION_CONTEXT() REPRESENTATION_CONTEXT('2D SPACE',''
  ) );
#4490 = PCURVE('',#4491,#4496);
#4491 = PLANE('',#4492);
#4492 = AXIS2_PLACEMENT_3D('',#4493,#4494,#4495);
#4493 = CARTESIAN_POINT('',(0.,56.,190.5));
#4494 = DIRECTION('',(0.,1.,0.));
#4495 = DIRECTION('',(0.,0.,1.));
#4496 = DEFINITIONAL_REPRESENTATION('',(#4497),#4501);
#4497 = CIRCLE('',#4498,8.);
#4498 = AXIS2_PLACEMENT_2D('',#4499,#4500);
#4499 = CARTESIAN_POINT('',(0.,0.));
#4500 = DIRECTION('',(1.,0.));
#4501 = ( GEOMETRIC_REPRESENTATION_CONTEXT(2) 
PARAMETRIC_REPRESENTATION_CONTEXT() REPRESENTATION_CONTEXT('2D SPACE',''
  ) );
#4502 = ORIENTED_EDGE('',*,*,#4503,.F.);
#4503 = EDGE_CURVE('',#4504,#4470,#4506,.T.);
#4504 = VERTEX_POINT('',#4505);
#4505 = CARTESIAN_POINT('',(-1.959434878636E-15,28.,198.5));
#4506 = SEAM_CURVE('',#4507,(#4511,#4518),.PCURVE_S1.);
#4507 = LINE('',#4508,#4509);
#4508 = CARTESIAN_POINT('',(-1.959434878636E-15,28.,198.5));
#4509 = VECTOR('',#4510,1.);
#4510 = DIRECTION('',(0.,1.,0.));
#4511 = PCURVE('',#4479,#4512);
#4512 = DEFINITIONAL_REPRESENTATION('',(#4513),#4517);
#4513 = LINE('',#4514,#4515);
#4514 = CARTESIAN_POINT('',(6.28318530718,-0.));
#4515 = VECTOR('',#4516,1.);
#4516 = DIRECTION('',(0.,1.));
#4517 = ( GEOMETRIC_REPRESENTATION_CONTEXT(2) 
PARAMETRIC_REPRESENTATION_CONTEXT() REPRESENTATION_CONTEXT('2D SPACE',''
  ) );
#4518 = PCURVE('',#4479,#4519);
#4519 = DEFINITIONAL_REPRESENTATION('',(#4520),#4524);
#4520 = LINE('',#4521,#4522);
#4521 = CARTESIAN_POINT('',(0.,-0.));
#4522 = VECTOR('',#4523,1.);
#4523 = DIRECTION('',(0.,1.));
#4524 = ( GEOMETRIC_REPRESENTATION_CONTEXT(2) 
PARAMETRIC_REPRESENTATION_CONTEXT() REPRESENTATION_CONTEXT('2D SPACE',''
  ) );
#4525 = ORIENTED_EDGE('',*,*,#4526,.T.);
#4526 = EDGE_CURVE('',#4504,#4504,#4527,.T.);
#4527 = SURFACE_CURVE('',#4528,(#4533,#4540),.PCURVE_S1.);
#4528 = CIRCLE('',#4529,8.);
#4529 = AXIS2_PLACEMENT_3D('',#4530,#4531,#4532);
#4530 = CARTESIAN_POINT('',(0.,28.,190.5));
#4531 = DIRECTION('',(0.,1.,0.));
#4532 = DIRECTION('',(0.,0.,1.));
#4533 = PCURVE('',#4479,#4534);
#4534 = DEFINITIONAL_REPRESENTATION('',(#4535),#4539);
#4535 = LINE('',#4536,#4537);
#4536 = CARTESIAN_POINT('',(0.,0.));
#4537 = VECTOR('',#4538,1.);
#4538 = DIRECTION('',(1.,0.));
#4539 = ( GEOMETRIC_REPRESENTATION_CONTEXT(2) 
PARAMETRIC_REPRESENTATION_CONTEXT() REPRESENTATION_CONTEXT('2D SPACE',''
  ) );
#4540 = PCURVE('',#4541,#4546);
#4541 = PLANE('',#4542);
#4542 = AXIS2_PLACEMENT_3D('',#4543,#4544,#4545);
#4543 = CARTESIAN_POINT('',(0.,28.,190.5));
#4544 = DIRECTION('',(0.,1.,0.));
#4545 = DIRECTION('',(0.,0.,1.));
#4546 = DEFINITIONAL_REPRESENTATION('',(#4547),#4551);
#4547 = CIRCLE('',#4548,8.);
#4548 = AXIS2_PLACEMENT_2D('',#4549,#4550);
#4549 = CARTESIAN_POINT('',(0.,0.));
#4550 = DIRECTION('',(1.,0.));
#4551 = ( GEOMETRIC_REPRESENTATION_CONTEXT(2) 
PARAMETRIC_REPRESENTATION_CONTEXT() REPRESENTATION_CONTEXT('2D SPACE',''
  ) );
#4552 = ORIENTED_EDGE('',*,*,#4503,.T.);
#4553 = ADVANCED_FACE('',(#4554),#4491,.T.);
#4554 = FACE_BOUND('',#4555,.T.);
#4555 = EDGE_LOOP('',(#4556));
#4556 = ORIENTED_EDGE('',*,*,#4469,.T.);
#4557 = ADVANCED_FACE('',(#4558),#4541,.F.);
#4558 = FACE_BOUND('',#4559,.T.);
#4559 = EDGE_LOOP('',(#4560));
#4560 = ORIENTED_EDGE('',*,*,#4526,.F.);
#4561 = MANIFOLD_SOLID_BREP('',#4562);
#4562 = CLOSED_SHELL('',(#4563,#4651,#4655));
#4563 = ADVANCED_FACE('',(#4564),#4577,.T.);
#4564 = FACE_BOUND('',#4565,.T.);
#4565 = EDGE_LOOP('',(#4566,#4600,#4623,#4650));
#4566 = ORIENTED_EDGE('',*,*,#4567,.F.);
#4567 = EDGE_CURVE('',#4568,#4568,#4570,.T.);
#4568 = VERTEX_POINT('',#4569);
#4569 = CARTESIAN_POINT('',(-1.102182119233E-15,63.,195.));
#4570 = SURFACE_CURVE('',#4571,(#4576,#4588),.PCURVE_S1.);
#4571 = CIRCLE('',#4572,4.5);
#4572 = AXIS2_PLACEMENT_3D('',#4573,#4574,#4575);
#4573 = CARTESIAN_POINT('',(0.,63.,190.5));
#4574 = DIRECTION('',(0.,1.,0.));
#4575 = DIRECTION('',(0.,0.,1.));
#4576 = PCURVE('',#4577,#4582);
#4577 = CYLINDRICAL_SURFACE('',#4578,4.5);
#4578 = AXIS2_PLACEMENT_3D('',#4579,#4580,#4581);
#4579 = CARTESIAN_POINT('',(0.,56.,190.5));
#4580 = DIRECTION('',(0.,1.,0.));
#4581 = DIRECTION('',(0.,0.,1.));
#4582 = DEFINITIONAL_REPRESENTATION('',(#4583),#4587);
#4583 = LINE('',#4584,#4585);
#4584 = CARTESIAN_POINT('',(0.,7.));
#4585 = VECTOR('',#4586,1.);
#4586 = DIRECTION('',(1.,0.));
#4587 = ( GEOMETRIC_REPRESENTATION_CONTEXT(2) 
PARAMETRIC_REPRESENTATION_CONTEXT() REPRESENTATION_CONTEXT('2D SPACE',''
  ) );
#4588 = PCURVE('',#4589,#4594);
#4589 = PLANE('',#4590);
#4590 = AXIS2_PLACEMENT_3D('',#4591,#4592,#4593);
#4591 = CARTESIAN_POINT('',(0.,63.,190.5));
#4592 = DIRECTION('',(0.,1.,0.));
#4593 = DIRECTION('',(0.,0.,1.));
#4594 = DEFINITIONAL_REPRESENTATION('',(#4595),#4599);
#4595 = CIRCLE('',#4596,4.5);
#4596 = AXIS2_PLACEMENT_2D('',#4597,#4598);
#4597 = CARTESIAN_POINT('',(0.,0.));
#4598 = DIRECTION('',(1.,0.));
#4599 = ( GEOMETRIC_REPRESENTATION_CONTEXT(2) 
PARAMETRIC_REPRESENTATION_CONTEXT() REPRESENTATION_CONTEXT('2D SPACE',''
  ) );
#4600 = ORIENTED_EDGE('',*,*,#4601,.F.);
#4601 = EDGE_CURVE('',#4602,#4568,#4604,.T.);
#4602 = VERTEX_POINT('',#4603);
#4603 = CARTESIAN_POINT('',(-1.102182119233E-15,56.,195.));
#4604 = SEAM_CURVE('',#4605,(#4609,#4616),.PCURVE_S1.);
#4605 = LINE('',#4606,#4607);
#4606 = CARTESIAN_POINT('',(-1.102182119233E-15,56.,195.));
#4607 = VECTOR('',#4608,1.);
#4608 = DIRECTION('',(0.,1.,0.));
#4609 = PCURVE('',#4577,#4610);
#4610 = DEFINITIONAL_REPRESENTATION('',(#4611),#4615);
#4611 = LINE('',#4612,#4613);
#4612 = CARTESIAN_POINT('',(6.28318530718,-0.));
#4613 = VECTOR('',#4614,1.);
#4614 = DIRECTION('',(0.,1.));
#4615 = ( GEOMETRIC_REPRESENTATION_CONTEXT(2) 
PARAMETRIC_REPRESENTATION_CONTEXT() REPRESENTATION_CONTEXT('2D SPACE',''
  ) );
#4616 = PCURVE('',#4577,#4617);
#4617 = DEFINITIONAL_REPRESENTATION('',(#4618),#4622);
#4618 = LINE('',#4619,#4620);
#4619 = CARTESIAN_POINT('',(0.,-0.));
#4620 = VECTOR('',#4621,1.);
#4621 = DIRECTION('',(0.,1.));
#4622 = ( GEOMETRIC_REPRESENTATION_CONTEXT(2) 
PARAMETRIC_REPRESENTATION_CONTEXT() REPRESENTATION_CONTEXT('2D SPACE',''
  ) );
#4623 = ORIENTED_EDGE('',*,*,#4624,.T.);
#4624 = EDGE_CURVE('',#4602,#4602,#4625,.T.);
#4625 = SURFACE_CURVE('',#4626,(#4631,#4638),.PCURVE_S1.);
#4626 = CIRCLE('',#4627,4.5);
#4627 = AXIS2_PLACEMENT_3D('',#4628,#4629,#4630);
#4628 = CARTESIAN_POINT('',(0.,56.,190.5));
#4629 = DIRECTION('',(0.,1.,0.));
#4630 = DIRECTION('',(0.,0.,1.));
#4631 = PCURVE('',#4577,#4632);
#4632 = DEFINITIONAL_REPRESENTATION('',(#4633),#4637);
#4633 = LINE('',#4634,#4635);
#4634 = CARTESIAN_POINT('',(0.,0.));
#4635 = VECTOR('',#4636,1.);
#4636 = DIRECTION('',(1.,0.));
#4637 = ( GEOMETRIC_REPRESENTATION_CONTEXT(2) 
PARAMETRIC_REPRESENTATION_CONTEXT() REPRESENTATION_CONTEXT('2D SPACE',''
  ) );
#4638 = PCURVE('',#4639,#4644);
#4639 = PLANE('',#4640);
#4640 = AXIS2_PLACEMENT_3D('',#4641,#4642,#4643);
#4641 = CARTESIAN_POINT('',(0.,56.,190.5));
#4642 = DIRECTION('',(0.,1.,0.));
#4643 = DIRECTION('',(0.,0.,1.));
#4644 = DEFINITIONAL_REPRESENTATION('',(#4645),#4649);
#4645 = CIRCLE('',#4646,4.5);
#4646 = AXIS2_PLACEMENT_2D('',#4647,#4648);
#4647 = CARTESIAN_POINT('',(0.,0.));
#4648 = DIRECTION('',(1.,0.));
#4649 = ( GEOMETRIC_REPRESENTATION_CONTEXT(2) 
PARAMETRIC_REPRESENTATION_CONTEXT() REPRESENTATION_CONTEXT('2D SPACE',''
  ) );
#4650 = ORIENTED_EDGE('',*,*,#4601,.T.);
#4651 = ADVANCED_FACE('',(#4652),#4589,.T.);
#4652 = FACE_BOUND('',#4653,.T.);
#4653 = EDGE_LOOP('',(#4654));
#4654 = ORIENTED_EDGE('',*,*,#4567,.T.);
#4655 = ADVANCED_FACE('',(#4656),#4639,.F.);
#4656 = FACE_BOUND('',#4657,.T.);
#4657 = EDGE_LOOP('',(#4658));
#4658 = ORIENTED_EDGE('',*,*,#4624,.F.);
#4659 = MANIFOLD_SOLID_BREP('',#4660);
#4660 = CLOSED_SHELL('',(#4661,#4749,#4753));
#4661 = ADVANCED_FACE('',(#4662),#4675,.T.);
#4662 = FACE_BOUND('',#4663,.T.);
#4663 = EDGE_LOOP('',(#4664,#4698,#4721,#4748));
#4664 = ORIENTED_EDGE('',*,*,#4665,.F.);
#4665 = EDGE_CURVE('',#4666,#4666,#4668,.T.);
#4666 = VERTEX_POINT('',#4667);
#4667 = CARTESIAN_POINT('',(19.,56.,198.5));
#4668 = SURFACE_CURVE('',#4669,(#4674,#4686),.PCURVE_S1.);
#4669 = CIRCLE('',#4670,8.);
#4670 = AXIS2_PLACEMENT_3D('',#4671,#4672,#4673);
#4671 = CARTESIAN_POINT('',(19.,56.,190.5));
#4672 = DIRECTION('',(0.,1.,0.));
#4673 = DIRECTION('',(0.,0.,1.));
#4674 = PCURVE('',#4675,#4680);
#4675 = CYLINDRICAL_SURFACE('',#4676,8.);
#4676 = AXIS2_PLACEMENT_3D('',#4677,#4678,#4679);
#4677 = CARTESIAN_POINT('',(19.,28.,190.5));
#4678 = DIRECTION('',(0.,1.,0.));
#4679 = DIRECTION('',(0.,0.,1.));
#4680 = DEFINITIONAL_REPRESENTATION('',(#4681),#4685);
#4681 = LINE('',#4682,#4683);
#4682 = CARTESIAN_POINT('',(0.,28.));
#4683 = VECTOR('',#4684,1.);
#4684 = DIRECTION('',(1.,0.));
#4685 = ( GEOMETRIC_REPRESENTATION_CONTEXT(2) 
PARAMETRIC_REPRESENTATION_CONTEXT() REPRESENTATION_CONTEXT('2D SPACE',''
  ) );
#4686 = PCURVE('',#4687,#4692);
#4687 = PLANE('',#4688);
#4688 = AXIS2_PLACEMENT_3D('',#4689,#4690,#4691);
#4689 = CARTESIAN_POINT('',(19.,56.,190.5));
#4690 = DIRECTION('',(0.,1.,0.));
#4691 = DIRECTION('',(0.,0.,1.));
#4692 = DEFINITIONAL_REPRESENTATION('',(#4693),#4697);
#4693 = CIRCLE('',#4694,8.);
#4694 = AXIS2_PLACEMENT_2D('',#4695,#4696);
#4695 = CARTESIAN_POINT('',(0.,0.));
#4696 = DIRECTION('',(1.,0.));
#4697 = ( GEOMETRIC_REPRESENTATION_CONTEXT(2) 
PARAMETRIC_REPRESENTATION_CONTEXT() REPRESENTATION_CONTEXT('2D SPACE',''
  ) );
#4698 = ORIENTED_EDGE('',*,*,#4699,.F.);
#4699 = EDGE_CURVE('',#4700,#4666,#4702,.T.);
#4700 = VERTEX_POINT('',#4701);
#4701 = CARTESIAN_POINT('',(19.,28.,198.5));
#4702 = SEAM_CURVE('',#4703,(#4707,#4714),.PCURVE_S1.);
#4703 = LINE('',#4704,#4705);
#4704 = CARTESIAN_POINT('',(19.,28.,198.5));
#4705 = VECTOR('',#4706,1.);
#4706 = DIRECTION('',(0.,1.,0.));
#4707 = PCURVE('',#4675,#4708);
#4708 = DEFINITIONAL_REPRESENTATION('',(#4709),#4713);
#4709 = LINE('',#4710,#4711);
#4710 = CARTESIAN_POINT('',(6.28318530718,-0.));
#4711 = VECTOR('',#4712,1.);
#4712 = DIRECTION('',(0.,1.));
#4713 = ( GEOMETRIC_REPRESENTATION_CONTEXT(2) 
PARAMETRIC_REPRESENTATION_CONTEXT() REPRESENTATION_CONTEXT('2D SPACE',''
  ) );
#4714 = PCURVE('',#4675,#4715);
#4715 = DEFINITIONAL_REPRESENTATION('',(#4716),#4720);
#4716 = LINE('',#4717,#4718);
#4717 = CARTESIAN_POINT('',(0.,-0.));
#4718 = VECTOR('',#4719,1.);
#4719 = DIRECTION('',(0.,1.));
#4720 = ( GEOMETRIC_REPRESENTATION_CONTEXT(2) 
PARAMETRIC_REPRESENTATION_CONTEXT() REPRESENTATION_CONTEXT('2D SPACE',''
  ) );
#4721 = ORIENTED_EDGE('',*,*,#4722,.T.);
#4722 = EDGE_CURVE('',#4700,#4700,#4723,.T.);
#4723 = SURFACE_CURVE('',#4724,(#4729,#4736),.PCURVE_S1.);
#4724 = CIRCLE('',#4725,8.);
#4725 = AXIS2_PLACEMENT_3D('',#4726,#4727,#4728);
#4726 = CARTESIAN_POINT('',(19.,28.,190.5));
#4727 = DIRECTION('',(0.,1.,0.));
#4728 = DIRECTION('',(0.,0.,1.));
#4729 = PCURVE('',#4675,#4730);
#4730 = DEFINITIONAL_REPRESENTATION('',(#4731),#4735);
#4731 = LINE('',#4732,#4733);
#4732 = CARTESIAN_POINT('',(0.,0.));
#4733 = VECTOR('',#4734,1.);
#4734 = DIRECTION('',(1.,0.));
#4735 = ( GEOMETRIC_REPRESENTATION_CONTEXT(2) 
PARAMETRIC_REPRESENTATION_CONTEXT() REPRESENTATION_CONTEXT('2D SPACE',''
  ) );
#4736 = PCURVE('',#4737,#4742);
#4737 = PLANE('',#4738);
#4738 = AXIS2_PLACEMENT_3D('',#4739,#4740,#4741);
#4739 = CARTESIAN_POINT('',(19.,28.,190.5));
#4740 = DIRECTION('',(0.,1.,0.));
#4741 = DIRECTION('',(0.,0.,1.));
#4742 = DEFINITIONAL_REPRESENTATION('',(#4743),#4747);
#4743 = CIRCLE('',#4744,8.);
#4744 = AXIS2_PLACEMENT_2D('',#4745,#4746);
#4745 = CARTESIAN_POINT('',(0.,0.));
#4746 = DIRECTION('',(1.,0.));
#4747 = ( GEOMETRIC_REPRESENTATION_CONTEXT(2) 
PARAMETRIC_REPRESENTATION_CONTEXT() REPRESENTATION_CONTEXT('2D SPACE',''
  ) );
#4748 = ORIENTED_EDGE('',*,*,#4699,.T.);
#4749 = ADVANCED_FACE('',(#4750),#4687,.T.);
#4750 = FACE_BOUND('',#4751,.T.);
#4751 = EDGE_LOOP('',(#4752));
#4752 = ORIENTED_EDGE('',*,*,#4665,.T.);
#4753 = ADVANCED_FACE('',(#4754),#4737,.F.);
#4754 = FACE_BOUND('',#4755,.T.);
#4755 = EDGE_LOOP('',(#4756));
#4756 = ORIENTED_EDGE('',*,*,#4722,.F.);
#4757 = MANIFOLD_SOLID_BREP('',#4758);
#4758 = CLOSED_SHELL('',(#4759,#4847,#4851));
#4759 = ADVANCED_FACE('',(#4760),#4773,.T.);
#4760 = FACE_BOUND('',#4761,.T.);
#4761 = EDGE_LOOP('',(#4762,#4796,#4819,#4846));
#4762 = ORIENTED_EDGE('',*,*,#4763,.F.);
#4763 = EDGE_CURVE('',#4764,#4764,#4766,.T.);
#4764 = VERTEX_POINT('',#4765);
#4765 = CARTESIAN_POINT('',(19.,63.,195.));
#4766 = SURFACE_CURVE('',#4767,(#4772,#4784),.PCURVE_S1.);
#4767 = CIRCLE('',#4768,4.5);
#4768 = AXIS2_PLACEMENT_3D('',#4769,#4770,#4771);
#4769 = CARTESIAN_POINT('',(19.,63.,190.5));
#4770 = DIRECTION('',(0.,1.,0.));
#4771 = DIRECTION('',(0.,0.,1.));
#4772 = PCURVE('',#4773,#4778);
#4773 = CYLINDRICAL_SURFACE('',#4774,4.5);
#4774 = AXIS2_PLACEMENT_3D('',#4775,#4776,#4777);
#4775 = CARTESIAN_POINT('',(19.,56.,190.5));
#4776 = DIRECTION('',(0.,1.,0.));
#4777 = DIRECTION('',(0.,0.,1.));
#4778 = DEFINITIONAL_REPRESENTATION('',(#4779),#4783);
#4779 = LINE('',#4780,#4781);
#4780 = CARTESIAN_POINT('',(0.,7.));
#4781 = VECTOR('',#4782,1.);
#4782 = DIRECTION('',(1.,0.));
#4783 = ( GEOMETRIC_REPRESENTATION_CONTEXT(2) 
PARAMETRIC_REPRESENTATION_CONTEXT() REPRESENTATION_CONTEXT('2D SPACE',''
  ) );
#4784 = PCURVE('',#4785,#4790);
#4785 = PLANE('',#4786);
#4786 = AXIS2_PLACEMENT_3D('',#4787,#4788,#4789);
#4787 = CARTESIAN_POINT('',(19.,63.,190.5));
#4788 = DIRECTION('',(0.,1.,0.));
#4789 = DIRECTION('',(0.,0.,1.));
#4790 = DEFINITIONAL_REPRESENTATION('',(#4791),#4795);
#4791 = CIRCLE('',#4792,4.5);
#4792 = AXIS2_PLACEMENT_2D('',#4793,#4794);
#4793 = CARTESIAN_POINT('',(0.,0.));
#4794 = DIRECTION('',(1.,0.));
#4795 = ( GEOMETRIC_REPRESENTATION_CONTEXT(2) 
PARAMETRIC_REPRESENTATION_CONTEXT() REPRESENTATION_CONTEXT('2D SPACE',''
  ) );
#4796 = ORIENTED_EDGE('',*,*,#4797,.F.);
#4797 = EDGE_CURVE('',#4798,#4764,#4800,.T.);
#4798 = VERTEX_POINT('',#4799);
#4799 = CARTESIAN_POINT('',(19.,56.,195.));
#4800 = SEAM_CURVE('',#4801,(#4805,#4812),.PCURVE_S1.);
#4801 = LINE('',#4802,#4803);
#4802 = CARTESIAN_POINT('',(19.,56.,195.));
#4803 = VECTOR('',#4804,1.);
#4804 = DIRECTION('',(0.,1.,0.));
#4805 = PCURVE('',#4773,#4806);
#4806 = DEFINITIONAL_REPRESENTATION('',(#4807),#4811);
#4807 = LINE('',#4808,#4809);
#4808 = CARTESIAN_POINT('',(6.28318530718,-0.));
#4809 = VECTOR('',#4810,1.);
#4810 = DIRECTION('',(0.,1.));
#4811 = ( GEOMETRIC_REPRESENTATION_CONTEXT(2) 
PARAMETRIC_REPRESENTATION_CONTEXT() REPRESENTATION_CONTEXT('2D SPACE',''
  ) );
#4812 = PCURVE('',#4773,#4813);
#4813 = DEFINITIONAL_REPRESENTATION('',(#4814),#4818);
#4814 = LINE('',#4815,#4816);
#4815 = CARTESIAN_POINT('',(0.,-0.));
#4816 = VECTOR('',#4817,1.);
#4817 = DIRECTION('',(0.,1.));
#4818 = ( GEOMETRIC_REPRESENTATION_CONTEXT(2) 
PARAMETRIC_REPRESENTATION_CONTEXT() REPRESENTATION_CONTEXT('2D SPACE',''
  ) );
#4819 = ORIENTED_EDGE('',*,*,#4820,.T.);
#4820 = EDGE_CURVE('',#4798,#4798,#4821,.T.);
#4821 = SURFACE_CURVE('',#4822,(#4827,#4834),.PCURVE_S1.);
#4822 = CIRCLE('',#4823,4.5);
#4823 = AXIS2_PLACEMENT_3D('',#4824,#4825,#4826);
#4824 = CARTESIAN_POINT('',(19.,56.,190.5));
#4825 = DIRECTION('',(0.,1.,0.));
#4826 = DIRECTION('',(0.,0.,1.));
#4827 = PCURVE('',#4773,#4828);
#4828 = DEFINITIONAL_REPRESENTATION('',(#4829),#4833);
#4829 = LINE('',#4830,#4831);
#4830 = CARTESIAN_POINT('',(0.,0.));
#4831 = VECTOR('',#4832,1.);
#4832 = DIRECTION('',(1.,0.));
#4833 = ( GEOMETRIC_REPRESENTATION_CONTEXT(2) 
PARAMETRIC_REPRESENTATION_CONTEXT() REPRESENTATION_CONTEXT('2D SPACE',''
  ) );
#4834 = PCURVE('',#4835,#4840);
#4835 = PLANE('',#4836);
#4836 = AXIS2_PLACEMENT_3D('',#4837,#4838,#4839);
#4837 = CARTESIAN_POINT('',(19.,56.,190.5));
#4838 = DIRECTION('',(0.,1.,0.));
#4839 = DIRECTION('',(0.,0.,1.));
#4840 = DEFINITIONAL_REPRESENTATION('',(#4841),#4845);
#4841 = CIRCLE('',#4842,4.5);
#4842 = AXIS2_PLACEMENT_2D('',#4843,#4844);
#4843 = CARTESIAN_POINT('',(0.,0.));
#4844 = DIRECTION('',(1.,0.));
#4845 = ( GEOMETRIC_REPRESENTATION_CONTEXT(2) 
PARAMETRIC_REPRESENTATION_CONTEXT() REPRESENTATION_CONTEXT('2D SPACE',''
  ) );
#4846 = ORIENTED_EDGE('',*,*,#4797,.T.);
#4847 = ADVANCED_FACE('',(#4848),#4785,.T.);
#4848 = FACE_BOUND('',#4849,.T.);
#4849 = EDGE_LOOP('',(#4850));
#4850 = ORIENTED_EDGE('',*,*,#4763,.T.);
#4851 = ADVANCED_FACE('',(#4852),#4835,.F.);
#4852 = FACE_BOUND('',#4853,.T.);
#4853 = EDGE_LOOP('',(#4854));
#4854 = ORIENTED_EDGE('',*,*,#4820,.F.);
#4855 = MANIFOLD_SOLID_BREP('',#4856);
#4856 = CLOSED_SHELL('',(#4857,#4945,#4949));
#4857 = ADVANCED_FACE('',(#4858),#4871,.T.);
#4858 = FACE_BOUND('',#4859,.T.);
#4859 = EDGE_LOOP('',(#4860,#4894,#4917,#4944));
#4860 = ORIENTED_EDGE('',*,*,#4861,.F.);
#4861 = EDGE_CURVE('',#4862,#4862,#4864,.T.);
#4862 = VERTEX_POINT('',#4863);
#4863 = CARTESIAN_POINT('',(-19.,56.,217.5));
#4864 = SURFACE_CURVE('',#4865,(#4870,#4882),.PCURVE_S1.);
#4865 = CIRCLE('',#4866,8.);
#4866 = AXIS2_PLACEMENT_3D('',#4867,#4868,#4869);
#4867 = CARTESIAN_POINT('',(-19.,56.,209.5));
#4868 = DIRECTION('',(0.,1.,0.));
#4869 = DIRECTION('',(0.,0.,1.));
#4870 = PCURVE('',#4871,#4876);
#4871 = CYLINDRICAL_SURFACE('',#4872,8.);
#4872 = AXIS2_PLACEMENT_3D('',#4873,#4874,#4875);
#4873 = CARTESIAN_POINT('',(-19.,28.,209.5));
#4874 = DIRECTION('',(0.,1.,0.));
#4875 = DIRECTION('',(0.,0.,1.));
#4876 = DEFINITIONAL_REPRESENTATION('',(#4877),#4881);
#4877 = LINE('',#4878,#4879);
#4878 = CARTESIAN_POINT('',(0.,28.));
#4879 = VECTOR('',#4880,1.);
#4880 = DIRECTION('',(1.,0.));
#4881 = ( GEOMETRIC_REPRESENTATION_CONTEXT(2) 
PARAMETRIC_REPRESENTATION_CONTEXT() REPRESENTATION_CONTEXT('2D SPACE',''
  ) );
#4882 = PCURVE('',#4883,#4888);
#4883 = PLANE('',#4884);
#4884 = AXIS2_PLACEMENT_3D('',#4885,#4886,#4887);
#4885 = CARTESIAN_POINT('',(-19.,56.,209.5));
#4886 = DIRECTION('',(0.,1.,0.));
#4887 = DIRECTION('',(0.,0.,1.));
#4888 = DEFINITIONAL_REPRESENTATION('',(#4889),#4893);
#4889 = CIRCLE('',#4890,8.);
#4890 = AXIS2_PLACEMENT_2D('',#4891,#4892);
#4891 = CARTESIAN_POINT('',(0.,0.));
#4892 = DIRECTION('',(1.,0.));
#4893 = ( GEOMETRIC_REPRESENTATION_CONTEXT(2) 
PARAMETRIC_REPRESENTATION_CONTEXT() REPRESENTATION_CONTEXT('2D SPACE',''
  ) );
#4894 = ORIENTED_EDGE('',*,*,#4895,.F.);
#4895 = EDGE_CURVE('',#4896,#4862,#4898,.T.);
#4896 = VERTEX_POINT('',#4897);
#4897 = CARTESIAN_POINT('',(-19.,28.,217.5));
#4898 = SEAM_CURVE('',#4899,(#4903,#4910),.PCURVE_S1.);
#4899 = LINE('',#4900,#4901);
#4900 = CARTESIAN_POINT('',(-19.,28.,217.5));
#4901 = VECTOR('',#4902,1.);
#4902 = DIRECTION('',(0.,1.,0.));
#4903 = PCURVE('',#4871,#4904);
#4904 = DEFINITIONAL_REPRESENTATION('',(#4905),#4909);
#4905 = LINE('',#4906,#4907);
#4906 = CARTESIAN_POINT('',(6.28318530718,-0.));
#4907 = VECTOR('',#4908,1.);
#4908 = DIRECTION('',(0.,1.));
#4909 = ( GEOMETRIC_REPRESENTATION_CONTEXT(2) 
PARAMETRIC_REPRESENTATION_CONTEXT() REPRESENTATION_CONTEXT('2D SPACE',''
  ) );
#4910 = PCURVE('',#4871,#4911);
#4911 = DEFINITIONAL_REPRESENTATION('',(#4912),#4916);
#4912 = LINE('',#4913,#4914);
#4913 = CARTESIAN_POINT('',(0.,-0.));
#4914 = VECTOR('',#4915,1.);
#4915 = DIRECTION('',(0.,1.));
#4916 = ( GEOMETRIC_REPRESENTATION_CONTEXT(2) 
PARAMETRIC_REPRESENTATION_CONTEXT() REPRESENTATION_CONTEXT('2D SPACE',''
  ) );
#4917 = ORIENTED_EDGE('',*,*,#4918,.T.);
#4918 = EDGE_CURVE('',#4896,#4896,#4919,.T.);
#4919 = SURFACE_CURVE('',#4920,(#4925,#4932),.PCURVE_S1.);
#4920 = CIRCLE('',#4921,8.);
#4921 = AXIS2_PLACEMENT_3D('',#4922,#4923,#4924);
#4922 = CARTESIAN_POINT('',(-19.,28.,209.5));
#4923 = DIRECTION('',(0.,1.,0.));
#4924 = DIRECTION('',(0.,0.,1.));
#4925 = PCURVE('',#4871,#4926);
#4926 = DEFINITIONAL_REPRESENTATION('',(#4927),#4931);
#4927 = LINE('',#4928,#4929);
#4928 = CARTESIAN_POINT('',(0.,0.));
#4929 = VECTOR('',#4930,1.);
#4930 = DIRECTION('',(1.,0.));
#4931 = ( GEOMETRIC_REPRESENTATION_CONTEXT(2) 
PARAMETRIC_REPRESENTATION_CONTEXT() REPRESENTATION_CONTEXT('2D SPACE',''
  ) );
#4932 = PCURVE('',#4933,#4938);
#4933 = PLANE('',#4934);
#4934 = AXIS2_PLACEMENT_3D('',#4935,#4936,#4937);
#4935 = CARTESIAN_POINT('',(-19.,28.,209.5));
#4936 = DIRECTION('',(0.,1.,0.));
#4937 = DIRECTION('',(0.,0.,1.));
#4938 = DEFINITIONAL_REPRESENTATION('',(#4939),#4943);
#4939 = CIRCLE('',#4940,8.);
#4940 = AXIS2_PLACEMENT_2D('',#4941,#4942);
#4941 = CARTESIAN_POINT('',(0.,0.));
#4942 = DIRECTION('',(1.,0.));
#4943 = ( GEOMETRIC_REPRESENTATION_CONTEXT(2) 
PARAMETRIC_REPRESENTATION_CONTEXT() REPRESENTATION_CONTEXT('2D SPACE',''
  ) );
#4944 = ORIENTED_EDGE('',*,*,#4895,.T.);
#4945 = ADVANCED_FACE('',(#4946),#4883,.T.);
#4946 = FACE_BOUND('',#4947,.T.);
#4947 = EDGE_LOOP('',(#4948));
#4948 = ORIENTED_EDGE('',*,*,#4861,.T.);
#4949 = ADVANCED_FACE('',(#4950),#4933,.F.);
#4950 = FACE_BOUND('',#4951,.T.);
#4951 = EDGE_LOOP('',(#4952));
#4952 = ORIENTED_EDGE('',*,*,#4918,.F.);
#4953 = MANIFOLD_SOLID_BREP('',#4954);
#4954 = CLOSED_SHELL('',(#4955,#5043,#5047));
#4955 = ADVANCED_FACE('',(#4956),#4969,.T.);
#4956 = FACE_BOUND('',#4957,.T.);
#4957 = EDGE_LOOP('',(#4958,#4992,#5015,#5042));
#4958 = ORIENTED_EDGE('',*,*,#4959,.F.);
#4959 = EDGE_CURVE('',#4960,#4960,#4962,.T.);
#4960 = VERTEX_POINT('',#4961);
#4961 = CARTESIAN_POINT('',(-19.,63.,214.));
#4962 = SURFACE_CURVE('',#4963,(#4968,#4980),.PCURVE_S1.);
#4963 = CIRCLE('',#4964,4.5);
#4964 = AXIS2_PLACEMENT_3D('',#4965,#4966,#4967);
#4965 = CARTESIAN_POINT('',(-19.,63.,209.5));
#4966 = DIRECTION('',(0.,1.,0.));
#4967 = DIRECTION('',(0.,0.,1.));
#4968 = PCURVE('',#4969,#4974);
#4969 = CYLINDRICAL_SURFACE('',#4970,4.5);
#4970 = AXIS2_PLACEMENT_3D('',#4971,#4972,#4973);
#4971 = CARTESIAN_POINT('',(-19.,56.,209.5));
#4972 = DIRECTION('',(0.,1.,0.));
#4973 = DIRECTION('',(0.,0.,1.));
#4974 = DEFINITIONAL_REPRESENTATION('',(#4975),#4979);
#4975 = LINE('',#4976,#4977);
#4976 = CARTESIAN_POINT('',(0.,7.));
#4977 = VECTOR('',#4978,1.);
#4978 = DIRECTION('',(1.,0.));
#4979 = ( GEOMETRIC_REPRESENTATION_CONTEXT(2) 
PARAMETRIC_REPRESENTATION_CONTEXT() REPRESENTATION_CONTEXT('2D SPACE',''
  ) );
#4980 = PCURVE('',#4981,#4986);
#4981 = PLANE('',#4982);
#4982 = AXIS2_PLACEMENT_3D('',#4983,#4984,#4985);
#4983 = CARTESIAN_POINT('',(-19.,63.,209.5));
#4984 = DIRECTION('',(0.,1.,0.));
#4985 = DIRECTION('',(0.,0.,1.));
#4986 = DEFINITIONAL_REPRESENTATION('',(#4987),#4991);
#4987 = CIRCLE('',#4988,4.5);
#4988 = AXIS2_PLACEMENT_2D('',#4989,#4990);
#4989 = CARTESIAN_POINT('',(0.,0.));
#4990 = DIRECTION('',(1.,0.));
#4991 = ( GEOMETRIC_REPRESENTATION_CONTEXT(2) 
PARAMETRIC_REPRESENTATION_CONTEXT() REPRESENTATION_CONTEXT('2D SPACE',''
  ) );
#4992 = ORIENTED_EDGE('',*,*,#4993,.F.);
#4993 = EDGE_CURVE('',#4994,#4960,#4996,.T.);
#4994 = VERTEX_POINT('',#4995);
#4995 = CARTESIAN_POINT('',(-19.,56.,214.));
#4996 = SEAM_CURVE('',#4997,(#5001,#5008),.PCURVE_S1.);
#4997 = LINE('',#4998,#4999);
#4998 = CARTESIAN_POINT('',(-19.,56.,214.));
#4999 = VECTOR('',#5000,1.);
#5000 = DIRECTION('',(0.,1.,0.));
#5001 = PCURVE('',#4969,#5002);
#5002 = DEFINITIONAL_REPRESENTATION('',(#5003),#5007);
#5003 = LINE('',#5004,#5005);
#5004 = CARTESIAN_POINT('',(6.28318530718,-0.));
#5005 = VECTOR('',#5006,1.);
#5006 = DIRECTION('',(0.,1.));
#5007 = ( GEOMETRIC_REPRESENTATION_CONTEXT(2) 
PARAMETRIC_REPRESENTATION_CONTEXT() REPRESENTATION_CONTEXT('2D SPACE',''
  ) );
#5008 = PCURVE('',#4969,#5009);
#5009 = DEFINITIONAL_REPRESENTATION('',(#5010),#5014);
#5010 = LINE('',#5011,#5012);
#5011 = CARTESIAN_POINT('',(0.,-0.));
#5012 = VECTOR('',#5013,1.);
#5013 = DIRECTION('',(0.,1.));
#5014 = ( GEOMETRIC_REPRESENTATION_CONTEXT(2) 
PARAMETRIC_REPRESENTATION_CONTEXT() REPRESENTATION_CONTEXT('2D SPACE',''
  ) );
#5015 = ORIENTED_EDGE('',*,*,#5016,.T.);
#5016 = EDGE_CURVE('',#4994,#4994,#5017,.T.);
#5017 = SURFACE_CURVE('',#5018,(#5023,#5030),.PCURVE_S1.);
#5018 = CIRCLE('',#5019,4.5);
#5019 = AXIS2_PLACEMENT_3D('',#5020,#5021,#5022);
#5020 = CARTESIAN_POINT('',(-19.,56.,209.5));
#5021 = DIRECTION('',(0.,1.,0.));
#5022 = DIRECTION('',(0.,0.,1.));
#5023 = PCURVE('',#4969,#5024);
#5024 = DEFINITIONAL_REPRESENTATION('',(#5025),#5029);
#5025 = LINE('',#5026,#5027);
#5026 = CARTESIAN_POINT('',(0.,0.));
#5027 = VECTOR('',#5028,1.);
#5028 = DIRECTION('',(1.,0.));
#5029 = ( GEOMETRIC_REPRESENTATION_CONTEXT(2) 
PARAMETRIC_REPRESENTATION_CONTEXT() REPRESENTATION_CONTEXT('2D SPACE',''
  ) );
#5030 = PCURVE('',#5031,#5036);
#5031 = PLANE('',#5032);
#5032 = AXIS2_PLACEMENT_3D('',#5033,#5034,#5035);
#5033 = CARTESIAN_POINT('',(-19.,56.,209.5));
#5034 = DIRECTION('',(0.,1.,0.));
#5035 = DIRECTION('',(0.,0.,1.));
#5036 = DEFINITIONAL_REPRESENTATION('',(#5037),#5041);
#5037 = CIRCLE('',#5038,4.5);
#5038 = AXIS2_PLACEMENT_2D('',#5039,#5040);
#5039 = CARTESIAN_POINT('',(0.,0.));
#5040 = DIRECTION('',(1.,0.));
#5041 = ( GEOMETRIC_REPRESENTATION_CONTEXT(2) 
PARAMETRIC_REPRESENTATION_CONTEXT() REPRESENTATION_CONTEXT('2D SPACE',''
  ) );
#5042 = ORIENTED_EDGE('',*,*,#4993,.T.);
#5043 = ADVANCED_FACE('',(#5044),#4981,.T.);
#5044 = FACE_BOUND('',#5045,.T.);
#5045 = EDGE_LOOP('',(#5046));
#5046 = ORIENTED_EDGE('',*,*,#4959,.T.);
#5047 = ADVANCED_FACE('',(#5048),#5031,.F.);
#5048 = FACE_BOUND('',#5049,.T.);
#5049 = EDGE_LOOP('',(#5050));
#5050 = ORIENTED_EDGE('',*,*,#5016,.F.);
#5051 = MANIFOLD_SOLID_BREP('',#5052);
#5052 = CLOSED_SHELL('',(#5053,#5141,#5145));
#5053 = ADVANCED_FACE('',(#5054),#5067,.T.);
#5054 = FACE_BOUND('',#5055,.T.);
#5055 = EDGE_LOOP('',(#5056,#5090,#5113,#5140));
#5056 = ORIENTED_EDGE('',*,*,#5057,.F.);
#5057 = EDGE_CURVE('',#5058,#5058,#5060,.T.);
#5058 = VERTEX_POINT('',#5059);
#5059 = CARTESIAN_POINT('',(-1.959434878636E-15,56.,217.5));
#5060 = SURFACE_CURVE('',#5061,(#5066,#5078),.PCURVE_S1.);
#5061 = CIRCLE('',#5062,8.);
#5062 = AXIS2_PLACEMENT_3D('',#5063,#5064,#5065);
#5063 = CARTESIAN_POINT('',(0.,56.,209.5));
#5064 = DIRECTION('',(0.,1.,0.));
#5065 = DIRECTION('',(0.,0.,1.));
#5066 = PCURVE('',#5067,#5072);
#5067 = CYLINDRICAL_SURFACE('',#5068,8.);
#5068 = AXIS2_PLACEMENT_3D('',#5069,#5070,#5071);
#5069 = CARTESIAN_POINT('',(0.,28.,209.5));
#5070 = DIRECTION('',(0.,1.,0.));
#5071 = DIRECTION('',(0.,0.,1.));
#5072 = DEFINITIONAL_REPRESENTATION('',(#5073),#5077);
#5073 = LINE('',#5074,#5075);
#5074 = CARTESIAN_POINT('',(0.,28.));
#5075 = VECTOR('',#5076,1.);
#5076 = DIRECTION('',(1.,0.));
#5077 = ( GEOMETRIC_REPRESENTATION_CONTEXT(2) 
PARAMETRIC_REPRESENTATION_CONTEXT() REPRESENTATION_CONTEXT('2D SPACE',''
  ) );
#5078 = PCURVE('',#5079,#5084);
#5079 = PLANE('',#5080);
#5080 = AXIS2_PLACEMENT_3D('',#5081,#5082,#5083);
#5081 = CARTESIAN_POINT('',(0.,56.,209.5));
#5082 = DIRECTION('',(0.,1.,0.));
#5083 = DIRECTION('',(0.,0.,1.));
#5084 = DEFINITIONAL_REPRESENTATION('',(#5085),#5089);
#5085 = CIRCLE('',#5086,8.);
#5086 = AXIS2_PLACEMENT_2D('',#5087,#5088);
#5087 = CARTESIAN_POINT('',(0.,0.));
#5088 = DIRECTION('',(1.,0.));
#5089 = ( GEOMETRIC_REPRESENTATION_CONTEXT(2) 
PARAMETRIC_REPRESENTATION_CONTEXT() REPRESENTATION_CONTEXT('2D SPACE',''
  ) );
#5090 = ORIENTED_EDGE('',*,*,#5091,.F.);
#5091 = EDGE_CURVE('',#5092,#5058,#5094,.T.);
#5092 = VERTEX_POINT('',#5093);
#5093 = CARTESIAN_POINT('',(-1.959434878636E-15,28.,217.5));
#5094 = SEAM_CURVE('',#5095,(#5099,#5106),.PCURVE_S1.);
#5095 = LINE('',#5096,#5097);
#5096 = CARTESIAN_POINT('',(-1.959434878636E-15,28.,217.5));
#5097 = VECTOR('',#5098,1.);
#5098 = DIRECTION('',(0.,1.,0.));
#5099 = PCURVE('',#5067,#5100);
#5100 = DEFINITIONAL_REPRESENTATION('',(#5101),#5105);
#5101 = LINE('',#5102,#5103);
#5102 = CARTESIAN_POINT('',(6.28318530718,-0.));
#5103 = VECTOR('',#5104,1.);
#5104 = DIRECTION('',(0.,1.));
#5105 = ( GEOMETRIC_REPRESENTATION_CONTEXT(2) 
PARAMETRIC_REPRESENTATION_CONTEXT() REPRESENTATION_CONTEXT('2D SPACE',''
  ) );
#5106 = PCURVE('',#5067,#5107);
#5107 = DEFINITIONAL_REPRESENTATION('',(#5108),#5112);
#5108 = LINE('',#5109,#5110);
#5109 = CARTESIAN_POINT('',(0.,-0.));
#5110 = VECTOR('',#5111,1.);
#5111 = DIRECTION('',(0.,1.));
#5112 = ( GEOMETRIC_REPRESENTATION_CONTEXT(2) 
PARAMETRIC_REPRESENTATION_CONTEXT() REPRESENTATION_CONTEXT('2D SPACE',''
  ) );
#5113 = ORIENTED_EDGE('',*,*,#5114,.T.);
#5114 = EDGE_CURVE('',#5092,#5092,#5115,.T.);
#5115 = SURFACE_CURVE('',#5116,(#5121,#5128),.PCURVE_S1.);
#5116 = CIRCLE('',#5117,8.);
#5117 = AXIS2_PLACEMENT_3D('',#5118,#5119,#5120);
#5118 = CARTESIAN_POINT('',(0.,28.,209.5));
#5119 = DIRECTION('',(0.,1.,0.));
#5120 = DIRECTION('',(0.,0.,1.));
#5121 = PCURVE('',#5067,#5122);
#5122 = DEFINITIONAL_REPRESENTATION('',(#5123),#5127);
#5123 = LINE('',#5124,#5125);
#5124 = CARTESIAN_POINT('',(0.,0.));
#5125 = VECTOR('',#5126,1.);
#5126 = DIRECTION('',(1.,0.));
#5127 = ( GEOMETRIC_REPRESENTATION_CONTEXT(2) 
PARAMETRIC_REPRESENTATION_CONTEXT() REPRESENTATION_CONTEXT('2D SPACE',''
  ) );
#5128 = PCURVE('',#5129,#5134);
#5129 = PLANE('',#5130);
#5130 = AXIS2_PLACEMENT_3D('',#5131,#5132,#5133);
#5131 = CARTESIAN_POINT('',(0.,28.,209.5));
#5132 = DIRECTION('',(0.,1.,0.));
#5133 = DIRECTION('',(0.,0.,1.));
#5134 = DEFINITIONAL_REPRESENTATION('',(#5135),#5139);
#5135 = CIRCLE('',#5136,8.);
#5136 = AXIS2_PLACEMENT_2D('',#5137,#5138);
#5137 = CARTESIAN_POINT('',(0.,0.));
#5138 = DIRECTION('',(1.,0.));
#5139 = ( GEOMETRIC_REPRESENTATION_CONTEXT(2) 
PARAMETRIC_REPRESENTATION_CONTEXT() REPRESENTATION_CONTEXT('2D SPACE',''
  ) );
#5140 = ORIENTED_EDGE('',*,*,#5091,.T.);
#5141 = ADVANCED_FACE('',(#5142),#5079,.T.);
#5142 = FACE_BOUND('',#5143,.T.);
#5143 = EDGE_LOOP('',(#5144));
#5144 = ORIENTED_EDGE('',*,*,#5057,.T.);
#5145 = ADVANCED_FACE('',(#5146),#5129,.F.);
#5146 = FACE_BOUND('',#5147,.T.);
#5147 = EDGE_LOOP('',(#5148));
#5148 = ORIENTED_EDGE('',*,*,#5114,.F.);
#5149 = MANIFOLD_SOLID_BREP('',#5150);
#5150 = CLOSED_SHELL('',(#5151,#5239,#5243));
#5151 = ADVANCED_FACE('',(#5152),#5165,.T.);
#5152 = FACE_BOUND('',#5153,.T.);
#5153 = EDGE_LOOP('',(#5154,#5188,#5211,#5238));
#5154 = ORIENTED_EDGE('',*,*,#5155,.F.);
#5155 = EDGE_CURVE('',#5156,#5156,#5158,.T.);
#5156 = VERTEX_POINT('',#5157);
#5157 = CARTESIAN_POINT('',(-1.102182119233E-15,63.,214.));
#5158 = SURFACE_CURVE('',#5159,(#5164,#5176),.PCURVE_S1.);
#5159 = CIRCLE('',#5160,4.5);
#5160 = AXIS2_PLACEMENT_3D('',#5161,#5162,#5163);
#5161 = CARTESIAN_POINT('',(0.,63.,209.5));
#5162 = DIRECTION('',(0.,1.,0.));
#5163 = DIRECTION('',(0.,0.,1.));
#5164 = PCURVE('',#5165,#5170);
#5165 = CYLINDRICAL_SURFACE('',#5166,4.5);
#5166 = AXIS2_PLACEMENT_3D('',#5167,#5168,#5169);
#5167 = CARTESIAN_POINT('',(0.,56.,209.5));
#5168 = DIRECTION('',(0.,1.,0.));
#5169 = DIRECTION('',(0.,0.,1.));
#5170 = DEFINITIONAL_REPRESENTATION('',(#5171),#5175);
#5171 = LINE('',#5172,#5173);
#5172 = CARTESIAN_POINT('',(0.,7.));
#5173 = VECTOR('',#5174,1.);
#5174 = DIRECTION('',(1.,0.));
#5175 = ( GEOMETRIC_REPRESENTATION_CONTEXT(2) 
PARAMETRIC_REPRESENTATION_CONTEXT() REPRESENTATION_CONTEXT('2D SPACE',''
  ) );
#5176 = PCURVE('',#5177,#5182);
#5177 = PLANE('',#5178);
#5178 = AXIS2_PLACEMENT_3D('',#5179,#5180,#5181);
#5179 = CARTESIAN_POINT('',(0.,63.,209.5));
#5180 = DIRECTION('',(0.,1.,0.));
#5181 = DIRECTION('',(0.,0.,1.));
#5182 = DEFINITIONAL_REPRESENTATION('',(#5183),#5187);
#5183 = CIRCLE('',#5184,4.5);
#5184 = AXIS2_PLACEMENT_2D('',#5185,#5186);
#5185 = CARTESIAN_POINT('',(0.,0.));
#5186 = DIRECTION('',(1.,0.));
#5187 = ( GEOMETRIC_REPRESENTATION_CONTEXT(2) 
PARAMETRIC_REPRESENTATION_CONTEXT() REPRESENTATION_CONTEXT('2D SPACE',''
  ) );
#5188 = ORIENTED_EDGE('',*,*,#5189,.F.);
#5189 = EDGE_CURVE('',#5190,#5156,#5192,.T.);
#5190 = VERTEX_POINT('',#5191);
#5191 = CARTESIAN_POINT('',(-1.102182119233E-15,56.,214.));
#5192 = SEAM_CURVE('',#5193,(#5197,#5204),.PCURVE_S1.);
#5193 = LINE('',#5194,#5195);
#5194 = CARTESIAN_POINT('',(-1.102182119233E-15,56.,214.));
#5195 = VECTOR('',#5196,1.);
#5196 = DIRECTION('',(0.,1.,0.));
#5197 = PCURVE('',#5165,#5198);
#5198 = DEFINITIONAL_REPRESENTATION('',(#5199),#5203);
#5199 = LINE('',#5200,#5201);
#5200 = CARTESIAN_POINT('',(6.28318530718,-0.));
#5201 = VECTOR('',#5202,1.);
#5202 = DIRECTION('',(0.,1.));
#5203 = ( GEOMETRIC_REPRESENTATION_CONTEXT(2) 
PARAMETRIC_REPRESENTATION_CONTEXT() REPRESENTATION_CONTEXT('2D SPACE',''
  ) );
#5204 = PCURVE('',#5165,#5205);
#5205 = DEFINITIONAL_REPRESENTATION('',(#5206),#5210);
#5206 = LINE('',#5207,#5208);
#5207 = CARTESIAN_POINT('',(0.,-0.));
#5208 = VECTOR('',#5209,1.);
#5209 = DIRECTION('',(0.,1.));
#5210 = ( GEOMETRIC_REPRESENTATION_CONTEXT(2) 
PARAMETRIC_REPRESENTATION_CONTEXT() REPRESENTATION_CONTEXT('2D SPACE',''
  ) );
#5211 = ORIENTED_EDGE('',*,*,#5212,.T.);
#5212 = EDGE_CURVE('',#5190,#5190,#5213,.T.);
#5213 = SURFACE_CURVE('',#5214,(#5219,#5226),.PCURVE_S1.);
#5214 = CIRCLE('',#5215,4.5);
#5215 = AXIS2_PLACEMENT_3D('',#5216,#5217,#5218);
#5216 = CARTESIAN_POINT('',(0.,56.,209.5));
#5217 = DIRECTION('',(0.,1.,0.));
#5218 = DIRECTION('',(0.,0.,1.));
#5219 = PCURVE('',#5165,#5220);
#5220 = DEFINITIONAL_REPRESENTATION('',(#5221),#5225);
#5221 = LINE('',#5222,#5223);
#5222 = CARTESIAN_POINT('',(0.,0.));
#5223 = VECTOR('',#5224,1.);
#5224 = DIRECTION('',(1.,0.));
#5225 = ( GEOMETRIC_REPRESENTATION_CONTEXT(2) 
PARAMETRIC_REPRESENTATION_CONTEXT() REPRESENTATION_CONTEXT('2D SPACE',''
  ) );
#5226 = PCURVE('',#5227,#5232);
#5227 = PLANE('',#5228);
#5228 = AXIS2_PLACEMENT_3D('',#5229,#5230,#5231);
#5229 = CARTESIAN_POINT('',(0.,56.,209.5));
#5230 = DIRECTION('',(0.,1.,0.));
#5231 = DIRECTION('',(0.,0.,1.));
#5232 = DEFINITIONAL_REPRESENTATION('',(#5233),#5237);
#5233 = CIRCLE('',#5234,4.5);
#5234 = AXIS2_PLACEMENT_2D('',#5235,#5236);
#5235 = CARTESIAN_POINT('',(0.,0.));
#5236 = DIRECTION('',(1.,0.));
#5237 = ( GEOMETRIC_REPRESENTATION_CONTEXT(2) 
PARAMETRIC_REPRESENTATION_CONTEXT() REPRESENTATION_CONTEXT('2D SPACE',''
  ) );
#5238 = ORIENTED_EDGE('',*,*,#5189,.T.);
#5239 = ADVANCED_FACE('',(#5240),#5177,.T.);
#5240 = FACE_BOUND('',#5241,.T.);
#5241 = EDGE_LOOP('',(#5242));
#5242 = ORIENTED_EDGE('',*,*,#5155,.T.);
#5243 = ADVANCED_FACE('',(#5244),#5227,.F.);
#5244 = FACE_BOUND('',#5245,.T.);
#5245 = EDGE_LOOP('',(#5246));
#5246 = ORIENTED_EDGE('',*,*,#5212,.F.);
#5247 = MANIFOLD_SOLID_BREP('',#5248);
#5248 = CLOSED_SHELL('',(#5249,#5337,#5341));
#5249 = ADVANCED_FACE('',(#5250),#5263,.T.);
#5250 = FACE_BOUND('',#5251,.T.);
#5251 = EDGE_LOOP('',(#5252,#5286,#5309,#5336));
#5252 = ORIENTED_EDGE('',*,*,#5253,.F.);
#5253 = EDGE_CURVE('',#5254,#5254,#5256,.T.);
#5254 = VERTEX_POINT('',#5255);
#5255 = CARTESIAN_POINT('',(-19.,-28.,198.5));
#5256 = SURFACE_CURVE('',#5257,(#5262,#5274),.PCURVE_S1.);
#5257 = CIRCLE('',#5258,8.);
#5258 = AXIS2_PLACEMENT_3D('',#5259,#5260,#5261);
#5259 = CARTESIAN_POINT('',(-19.,-28.,190.5));
#5260 = DIRECTION('',(0.,1.,0.));
#5261 = DIRECTION('',(0.,0.,1.));
#5262 = PCURVE('',#5263,#5268);
#5263 = CYLINDRICAL_SURFACE('',#5264,8.);
#5264 = AXIS2_PLACEMENT_3D('',#5265,#5266,#5267);
#5265 = CARTESIAN_POINT('',(-19.,-56.,190.5));
#5266 = DIRECTION('',(0.,1.,0.));
#5267 = DIRECTION('',(0.,0.,1.));
#5268 = DEFINITIONAL_REPRESENTATION('',(#5269),#5273);
#5269 = LINE('',#5270,#5271);
#5270 = CARTESIAN_POINT('',(0.,28.));
#5271 = VECTOR('',#5272,1.);
#5272 = DIRECTION('',(1.,0.));
#5273 = ( GEOMETRIC_REPRESENTATION_CONTEXT(2) 
PARAMETRIC_REPRESENTATION_CONTEXT() REPRESENTATION_CONTEXT('2D SPACE',''
  ) );
#5274 = PCURVE('',#5275,#5280);
#5275 = PLANE('',#5276);
#5276 = AXIS2_PLACEMENT_3D('',#5277,#5278,#5279);
#5277 = CARTESIAN_POINT('',(-19.,-28.,190.5));
#5278 = DIRECTION('',(0.,1.,0.));
#5279 = DIRECTION('',(0.,0.,1.));
#5280 = DEFINITIONAL_REPRESENTATION('',(#5281),#5285);
#5281 = CIRCLE('',#5282,8.);
#5282 = AXIS2_PLACEMENT_2D('',#5283,#5284);
#5283 = CARTESIAN_POINT('',(0.,0.));
#5284 = DIRECTION('',(1.,0.));
#5285 = ( GEOMETRIC_REPRESENTATION_CONTEXT(2) 
PARAMETRIC_REPRESENTATION_CONTEXT() REPRESENTATION_CONTEXT('2D SPACE',''
  ) );
#5286 = ORIENTED_EDGE('',*,*,#5287,.F.);
#5287 = EDGE_CURVE('',#5288,#5254,#5290,.T.);
#5288 = VERTEX_POINT('',#5289);
#5289 = CARTESIAN_POINT('',(-19.,-56.,198.5));
#5290 = SEAM_CURVE('',#5291,(#5295,#5302),.PCURVE_S1.);
#5291 = LINE('',#5292,#5293);
#5292 = CARTESIAN_POINT('',(-19.,-56.,198.5));
#5293 = VECTOR('',#5294,1.);
#5294 = DIRECTION('',(0.,1.,0.));
#5295 = PCURVE('',#5263,#5296);
#5296 = DEFINITIONAL_REPRESENTATION('',(#5297),#5301);
#5297 = LINE('',#5298,#5299);
#5298 = CARTESIAN_POINT('',(6.28318530718,-0.));
#5299 = VECTOR('',#5300,1.);
#5300 = DIRECTION('',(0.,1.));
#5301 = ( GEOMETRIC_REPRESENTATION_CONTEXT(2) 
PARAMETRIC_REPRESENTATION_CONTEXT() REPRESENTATION_CONTEXT('2D SPACE',''
  ) );
#5302 = PCURVE('',#5263,#5303);
#5303 = DEFINITIONAL_REPRESENTATION('',(#5304),#5308);
#5304 = LINE('',#5305,#5306);
#5305 = CARTESIAN_POINT('',(0.,-0.));
#5306 = VECTOR('',#5307,1.);
#5307 = DIRECTION('',(0.,1.));
#5308 = ( GEOMETRIC_REPRESENTATION_CONTEXT(2) 
PARAMETRIC_REPRESENTATION_CONTEXT() REPRESENTATION_CONTEXT('2D SPACE',''
  ) );
#5309 = ORIENTED_EDGE('',*,*,#5310,.T.);
#5310 = EDGE_CURVE('',#5288,#5288,#5311,.T.);
#5311 = SURFACE_CURVE('',#5312,(#5317,#5324),.PCURVE_S1.);
#5312 = CIRCLE('',#5313,8.);
#5313 = AXIS2_PLACEMENT_3D('',#5314,#5315,#5316);
#5314 = CARTESIAN_POINT('',(-19.,-56.,190.5));
#5315 = DIRECTION('',(0.,1.,0.));
#5316 = DIRECTION('',(0.,0.,1.));
#5317 = PCURVE('',#5263,#5318);
#5318 = DEFINITIONAL_REPRESENTATION('',(#5319),#5323);
#5319 = LINE('',#5320,#5321);
#5320 = CARTESIAN_POINT('',(0.,0.));
#5321 = VECTOR('',#5322,1.);
#5322 = DIRECTION('',(1.,0.));
#5323 = ( GEOMETRIC_REPRESENTATION_CONTEXT(2) 
PARAMETRIC_REPRESENTATION_CONTEXT() REPRESENTATION_CONTEXT('2D SPACE',''
  ) );
#5324 = PCURVE('',#5325,#5330);
#5325 = PLANE('',#5326);
#5326 = AXIS2_PLACEMENT_3D('',#5327,#5328,#5329);
#5327 = CARTESIAN_POINT('',(-19.,-56.,190.5));
#5328 = DIRECTION('',(0.,1.,0.));
#5329 = DIRECTION('',(0.,0.,1.));
#5330 = DEFINITIONAL_REPRESENTATION('',(#5331),#5335);
#5331 = CIRCLE('',#5332,8.);
#5332 = AXIS2_PLACEMENT_2D('',#5333,#5334);
#5333 = CARTESIAN_POINT('',(0.,0.));
#5334 = DIRECTION('',(1.,0.));
#5335 = ( GEOMETRIC_REPRESENTATION_CONTEXT(2) 
PARAMETRIC_REPRESENTATION_CONTEXT() REPRESENTATION_CONTEXT('2D SPACE',''
  ) );
#5336 = ORIENTED_EDGE('',*,*,#5287,.T.);
#5337 = ADVANCED_FACE('',(#5338),#5275,.T.);
#5338 = FACE_BOUND('',#5339,.T.);
#5339 = EDGE_LOOP('',(#5340));
#5340 = ORIENTED_EDGE('',*,*,#5253,.T.);
#5341 = ADVANCED_FACE('',(#5342),#5325,.F.);
#5342 = FACE_BOUND('',#5343,.T.);
#5343 = EDGE_LOOP('',(#5344));
#5344 = ORIENTED_EDGE('',*,*,#5310,.F.);
#5345 = MANIFOLD_SOLID_BREP('',#5346);
#5346 = CLOSED_SHELL('',(#5347,#5435,#5439));
#5347 = ADVANCED_FACE('',(#5348),#5361,.T.);
#5348 = FACE_BOUND('',#5349,.T.);
#5349 = EDGE_LOOP('',(#5350,#5384,#5407,#5434));
#5350 = ORIENTED_EDGE('',*,*,#5351,.F.);
#5351 = EDGE_CURVE('',#5352,#5352,#5354,.T.);
#5352 = VERTEX_POINT('',#5353);
#5353 = CARTESIAN_POINT('',(-19.,-56.,195.));
#5354 = SURFACE_CURVE('',#5355,(#5360,#5372),.PCURVE_S1.);
#5355 = CIRCLE('',#5356,4.5);
#5356 = AXIS2_PLACEMENT_3D('',#5357,#5358,#5359);
#5357 = CARTESIAN_POINT('',(-19.,-56.,190.5));
#5358 = DIRECTION('',(0.,1.,0.));
#5359 = DIRECTION('',(0.,0.,1.));
#5360 = PCURVE('',#5361,#5366);
#5361 = CYLINDRICAL_SURFACE('',#5362,4.5);
#5362 = AXIS2_PLACEMENT_3D('',#5363,#5364,#5365);
#5363 = CARTESIAN_POINT('',(-19.,-63.,190.5));
#5364 = DIRECTION('',(0.,1.,0.));
#5365 = DIRECTION('',(0.,0.,1.));
#5366 = DEFINITIONAL_REPRESENTATION('',(#5367),#5371);
#5367 = LINE('',#5368,#5369);
#5368 = CARTESIAN_POINT('',(0.,7.));
#5369 = VECTOR('',#5370,1.);
#5370 = DIRECTION('',(1.,0.));
#5371 = ( GEOMETRIC_REPRESENTATION_CONTEXT(2) 
PARAMETRIC_REPRESENTATION_CONTEXT() REPRESENTATION_CONTEXT('2D SPACE',''
  ) );
#5372 = PCURVE('',#5373,#5378);
#5373 = PLANE('',#5374);
#5374 = AXIS2_PLACEMENT_3D('',#5375,#5376,#5377);
#5375 = CARTESIAN_POINT('',(-19.,-56.,190.5));
#5376 = DIRECTION('',(0.,1.,0.));
#5377 = DIRECTION('',(0.,0.,1.));
#5378 = DEFINITIONAL_REPRESENTATION('',(#5379),#5383);
#5379 = CIRCLE('',#5380,4.5);
#5380 = AXIS2_PLACEMENT_2D('',#5381,#5382);
#5381 = CARTESIAN_POINT('',(0.,0.));
#5382 = DIRECTION('',(1.,0.));
#5383 = ( GEOMETRIC_REPRESENTATION_CONTEXT(2) 
PARAMETRIC_REPRESENTATION_CONTEXT() REPRESENTATION_CONTEXT('2D SPACE',''
  ) );
#5384 = ORIENTED_EDGE('',*,*,#5385,.F.);
#5385 = EDGE_CURVE('',#5386,#5352,#5388,.T.);
#5386 = VERTEX_POINT('',#5387);
#5387 = CARTESIAN_POINT('',(-19.,-63.,195.));
#5388 = SEAM_CURVE('',#5389,(#5393,#5400),.PCURVE_S1.);
#5389 = LINE('',#5390,#5391);
#5390 = CARTESIAN_POINT('',(-19.,-63.,195.));
#5391 = VECTOR('',#5392,1.);
#5392 = DIRECTION('',(0.,1.,0.));
#5393 = PCURVE('',#5361,#5394);
#5394 = DEFINITIONAL_REPRESENTATION('',(#5395),#5399);
#5395 = LINE('',#5396,#5397);
#5396 = CARTESIAN_POINT('',(6.28318530718,-0.));
#5397 = VECTOR('',#5398,1.);
#5398 = DIRECTION('',(0.,1.));
#5399 = ( GEOMETRIC_REPRESENTATION_CONTEXT(2) 
PARAMETRIC_REPRESENTATION_CONTEXT() REPRESENTATION_CONTEXT('2D SPACE',''
  ) );
#5400 = PCURVE('',#5361,#5401);
#5401 = DEFINITIONAL_REPRESENTATION('',(#5402),#5406);
#5402 = LINE('',#5403,#5404);
#5403 = CARTESIAN_POINT('',(0.,-0.));
#5404 = VECTOR('',#5405,1.);
#5405 = DIRECTION('',(0.,1.));
#5406 = ( GEOMETRIC_REPRESENTATION_CONTEXT(2) 
PARAMETRIC_REPRESENTATION_CONTEXT() REPRESENTATION_CONTEXT('2D SPACE',''
  ) );
#5407 = ORIENTED_EDGE('',*,*,#5408,.T.);
#5408 = EDGE_CURVE('',#5386,#5386,#5409,.T.);
#5409 = SURFACE_CURVE('',#5410,(#5415,#5422),.PCURVE_S1.);
#5410 = CIRCLE('',#5411,4.5);
#5411 = AXIS2_PLACEMENT_3D('',#5412,#5413,#5414);
#5412 = CARTESIAN_POINT('',(-19.,-63.,190.5));
#5413 = DIRECTION('',(0.,1.,0.));
#5414 = DIRECTION('',(0.,0.,1.));
#5415 = PCURVE('',#5361,#5416);
#5416 = DEFINITIONAL_REPRESENTATION('',(#5417),#5421);
#5417 = LINE('',#5418,#5419);
#5418 = CARTESIAN_POINT('',(0.,0.));
#5419 = VECTOR('',#5420,1.);
#5420 = DIRECTION('',(1.,0.));
#5421 = ( GEOMETRIC_REPRESENTATION_CONTEXT(2) 
PARAMETRIC_REPRESENTATION_CONTEXT() REPRESENTATION_CONTEXT('2D SPACE',''
  ) );
#5422 = PCURVE('',#5423,#5428);
#5423 = PLANE('',#5424);
#5424 = AXIS2_PLACEMENT_3D('',#5425,#5426,#5427);
#5425 = CARTESIAN_POINT('',(-19.,-63.,190.5));
#5426 = DIRECTION('',(0.,1.,0.));
#5427 = DIRECTION('',(0.,0.,1.));
#5428 = DEFINITIONAL_REPRESENTATION('',(#5429),#5433);
#5429 = CIRCLE('',#5430,4.5);
#5430 = AXIS2_PLACEMENT_2D('',#5431,#5432);
#5431 = CARTESIAN_POINT('',(0.,0.));
#5432 = DIRECTION('',(1.,0.));
#5433 = ( GEOMETRIC_REPRESENTATION_CONTEXT(2) 
PARAMETRIC_REPRESENTATION_CONTEXT() REPRESENTATION_CONTEXT('2D SPACE',''
  ) );
#5434 = ORIENTED_EDGE('',*,*,#5385,.T.);
#5435 = ADVANCED_FACE('',(#5436),#5373,.T.);
#5436 = FACE_BOUND('',#5437,.T.);
#5437 = EDGE_LOOP('',(#5438));
#5438 = ORIENTED_EDGE('',*,*,#5351,.T.);
#5439 = ADVANCED_FACE('',(#5440),#5423,.F.);
#5440 = FACE_BOUND('',#5441,.T.);
#5441 = EDGE_LOOP('',(#5442));
#5442 = ORIENTED_EDGE('',*,*,#5408,.F.);
#5443 = MANIFOLD_SOLID_BREP('',#5444);
#5444 = CLOSED_SHELL('',(#5445,#5533,#5537));
#5445 = ADVANCED_FACE('',(#5446),#5459,.T.);
#5446 = FACE_BOUND('',#5447,.T.);
#5447 = EDGE_LOOP('',(#5448,#5482,#5505,#5532));
#5448 = ORIENTED_EDGE('',*,*,#5449,.F.);
#5449 = EDGE_CURVE('',#5450,#5450,#5452,.T.);
#5450 = VERTEX_POINT('',#5451);
#5451 = CARTESIAN_POINT('',(-1.959434878636E-15,-28.,198.5));
#5452 = SURFACE_CURVE('',#5453,(#5458,#5470),.PCURVE_S1.);
#5453 = CIRCLE('',#5454,8.);
#5454 = AXIS2_PLACEMENT_3D('',#5455,#5456,#5457);
#5455 = CARTESIAN_POINT('',(0.,-28.,190.5));
#5456 = DIRECTION('',(0.,1.,0.));
#5457 = DIRECTION('',(0.,0.,1.));
#5458 = PCURVE('',#5459,#5464);
#5459 = CYLINDRICAL_SURFACE('',#5460,8.);
#5460 = AXIS2_PLACEMENT_3D('',#5461,#5462,#5463);
#5461 = CARTESIAN_POINT('',(0.,-56.,190.5));
#5462 = DIRECTION('',(0.,1.,0.));
#5463 = DIRECTION('',(0.,0.,1.));
#5464 = DEFINITIONAL_REPRESENTATION('',(#5465),#5469);
#5465 = LINE('',#5466,#5467);
#5466 = CARTESIAN_POINT('',(0.,28.));
#5467 = VECTOR('',#5468,1.);
#5468 = DIRECTION('',(1.,0.));
#5469 = ( GEOMETRIC_REPRESENTATION_CONTEXT(2) 
PARAMETRIC_REPRESENTATION_CONTEXT() REPRESENTATION_CONTEXT('2D SPACE',''
  ) );
#5470 = PCURVE('',#5471,#5476);
#5471 = PLANE('',#5472);
#5472 = AXIS2_PLACEMENT_3D('',#5473,#5474,#5475);
#5473 = CARTESIAN_POINT('',(0.,-28.,190.5));
#5474 = DIRECTION('',(0.,1.,0.));
#5475 = DIRECTION('',(0.,0.,1.));
#5476 = DEFINITIONAL_REPRESENTATION('',(#5477),#5481);
#5477 = CIRCLE('',#5478,8.);
#5478 = AXIS2_PLACEMENT_2D('',#5479,#5480);
#5479 = CARTESIAN_POINT('',(0.,0.));
#5480 = DIRECTION('',(1.,0.));
#5481 = ( GEOMETRIC_REPRESENTATION_CONTEXT(2) 
PARAMETRIC_REPRESENTATION_CONTEXT() REPRESENTATION_CONTEXT('2D SPACE',''
  ) );
#5482 = ORIENTED_EDGE('',*,*,#5483,.F.);
#5483 = EDGE_CURVE('',#5484,#5450,#5486,.T.);
#5484 = VERTEX_POINT('',#5485);
#5485 = CARTESIAN_POINT('',(-1.959434878636E-15,-56.,198.5));
#5486 = SEAM_CURVE('',#5487,(#5491,#5498),.PCURVE_S1.);
#5487 = LINE('',#5488,#5489);
#5488 = CARTESIAN_POINT('',(-1.959434878636E-15,-56.,198.5));
#5489 = VECTOR('',#5490,1.);
#5490 = DIRECTION('',(0.,1.,0.));
#5491 = PCURVE('',#5459,#5492);
#5492 = DEFINITIONAL_REPRESENTATION('',(#5493),#5497);
#5493 = LINE('',#5494,#5495);
#5494 = CARTESIAN_POINT('',(6.28318530718,-0.));
#5495 = VECTOR('',#5496,1.);
#5496 = DIRECTION('',(0.,1.));
#5497 = ( GEOMETRIC_REPRESENTATION_CONTEXT(2) 
PARAMETRIC_REPRESENTATION_CONTEXT() REPRESENTATION_CONTEXT('2D SPACE',''
  ) );
#5498 = PCURVE('',#5459,#5499);
#5499 = DEFINITIONAL_REPRESENTATION('',(#5500),#5504);
#5500 = LINE('',#5501,#5502);
#5501 = CARTESIAN_POINT('',(0.,-0.));
#5502 = VECTOR('',#5503,1.);
#5503 = DIRECTION('',(0.,1.));
#5504 = ( GEOMETRIC_REPRESENTATION_CONTEXT(2) 
PARAMETRIC_REPRESENTATION_CONTEXT() REPRESENTATION_CONTEXT('2D SPACE',''
  ) );
#5505 = ORIENTED_EDGE('',*,*,#5506,.T.);
#5506 = EDGE_CURVE('',#5484,#5484,#5507,.T.);
#5507 = SURFACE_CURVE('',#5508,(#5513,#5520),.PCURVE_S1.);
#5508 = CIRCLE('',#5509,8.);
#5509 = AXIS2_PLACEMENT_3D('',#5510,#5511,#5512);
#5510 = CARTESIAN_POINT('',(0.,-56.,190.5));
#5511 = DIRECTION('',(0.,1.,0.));
#5512 = DIRECTION('',(0.,0.,1.));
#5513 = PCURVE('',#5459,#5514);
#5514 = DEFINITIONAL_REPRESENTATION('',(#5515),#5519);
#5515 = LINE('',#5516,#5517);
#5516 = CARTESIAN_POINT('',(0.,0.));
#5517 = VECTOR('',#5518,1.);
#5518 = DIRECTION('',(1.,0.));
#5519 = ( GEOMETRIC_REPRESENTATION_CONTEXT(2) 
PARAMETRIC_REPRESENTATION_CONTEXT() REPRESENTATION_CONTEXT('2D SPACE',''
  ) );
#5520 = PCURVE('',#5521,#5526);
#5521 = PLANE('',#5522);
#5522 = AXIS2_PLACEMENT_3D('',#5523,#5524,#5525);
#5523 = CARTESIAN_POINT('',(0.,-56.,190.5));
#5524 = DIRECTION('',(0.,1.,0.));
#5525 = DIRECTION('',(0.,0.,1.));
#5526 = DEFINITIONAL_REPRESENTATION('',(#5527),#5531);
#5527 = CIRCLE('',#5528,8.);
#5528 = AXIS2_PLACEMENT_2D('',#5529,#5530);
#5529 = CARTESIAN_POINT('',(0.,0.));
#5530 = DIRECTION('',(1.,0.));
#5531 = ( GEOMETRIC_REPRESENTATION_CONTEXT(2) 
PARAMETRIC_REPRESENTATION_CONTEXT() REPRESENTATION_CONTEXT('2D SPACE',''
  ) );
#5532 = ORIENTED_EDGE('',*,*,#5483,.T.);
#5533 = ADVANCED_FACE('',(#5534),#5471,.T.);
#5534 = FACE_BOUND('',#5535,.T.);
#5535 = EDGE_LOOP('',(#5536));
#5536 = ORIENTED_EDGE('',*,*,#5449,.T.);
#5537 = ADVANCED_FACE('',(#5538),#5521,.F.);
#5538 = FACE_BOUND('',#5539,.T.);
#5539 = EDGE_LOOP('',(#5540));
#5540 = ORIENTED_EDGE('',*,*,#5506,.F.);
#5541 = MANIFOLD_SOLID_BREP('',#5542);
#5542 = CLOSED_SHELL('',(#5543,#5631,#5635));
#5543 = ADVANCED_FACE('',(#5544),#5557,.T.);
#5544 = FACE_BOUND('',#5545,.T.);
#5545 = EDGE_LOOP('',(#5546,#5580,#5603,#5630));
#5546 = ORIENTED_EDGE('',*,*,#5547,.F.);
#5547 = EDGE_CURVE('',#5548,#5548,#5550,.T.);
#5548 = VERTEX_POINT('',#5549);
#5549 = CARTESIAN_POINT('',(-1.102182119233E-15,-56.,195.));
#5550 = SURFACE_CURVE('',#5551,(#5556,#5568),.PCURVE_S1.);
#5551 = CIRCLE('',#5552,4.5);
#5552 = AXIS2_PLACEMENT_3D('',#5553,#5554,#5555);
#5553 = CARTESIAN_POINT('',(0.,-56.,190.5));
#5554 = DIRECTION('',(0.,1.,0.));
#5555 = DIRECTION('',(0.,0.,1.));
#5556 = PCURVE('',#5557,#5562);
#5557 = CYLINDRICAL_SURFACE('',#5558,4.5);
#5558 = AXIS2_PLACEMENT_3D('',#5559,#5560,#5561);
#5559 = CARTESIAN_POINT('',(0.,-63.,190.5));
#5560 = DIRECTION('',(0.,1.,0.));
#5561 = DIRECTION('',(0.,0.,1.));
#5562 = DEFINITIONAL_REPRESENTATION('',(#5563),#5567);
#5563 = LINE('',#5564,#5565);
#5564 = CARTESIAN_POINT('',(0.,7.));
#5565 = VECTOR('',#5566,1.);
#5566 = DIRECTION('',(1.,0.));
#5567 = ( GEOMETRIC_REPRESENTATION_CONTEXT(2) 
PARAMETRIC_REPRESENTATION_CONTEXT() REPRESENTATION_CONTEXT('2D SPACE',''
  ) );
#5568 = PCURVE('',#5569,#5574);
#5569 = PLANE('',#5570);
#5570 = AXIS2_PLACEMENT_3D('',#5571,#5572,#5573);
#5571 = CARTESIAN_POINT('',(0.,-56.,190.5));
#5572 = DIRECTION('',(0.,1.,0.));
#5573 = DIRECTION('',(0.,0.,1.));
#5574 = DEFINITIONAL_REPRESENTATION('',(#5575),#5579);
#5575 = CIRCLE('',#5576,4.5);
#5576 = AXIS2_PLACEMENT_2D('',#5577,#5578);
#5577 = CARTESIAN_POINT('',(0.,0.));
#5578 = DIRECTION('',(1.,0.));
#5579 = ( GEOMETRIC_REPRESENTATION_CONTEXT(2) 
PARAMETRIC_REPRESENTATION_CONTEXT() REPRESENTATION_CONTEXT('2D SPACE',''
  ) );
#5580 = ORIENTED_EDGE('',*,*,#5581,.F.);
#5581 = EDGE_CURVE('',#5582,#5548,#5584,.T.);
#5582 = VERTEX_POINT('',#5583);
#5583 = CARTESIAN_POINT('',(-1.102182119233E-15,-63.,195.));
#5584 = SEAM_CURVE('',#5585,(#5589,#5596),.PCURVE_S1.);
#5585 = LINE('',#5586,#5587);
#5586 = CARTESIAN_POINT('',(-1.102182119233E-15,-63.,195.));
#5587 = VECTOR('',#5588,1.);
#5588 = DIRECTION('',(0.,1.,0.));
#5589 = PCURVE('',#5557,#5590);
#5590 = DEFINITIONAL_REPRESENTATION('',(#5591),#5595);
#5591 = LINE('',#5592,#5593);
#5592 = CARTESIAN_POINT('',(6.28318530718,-0.));
#5593 = VECTOR('',#5594,1.);
#5594 = DIRECTION('',(0.,1.));
#5595 = ( GEOMETRIC_REPRESENTATION_CONTEXT(2) 
PARAMETRIC_REPRESENTATION_CONTEXT() REPRESENTATION_CONTEXT('2D SPACE',''
  ) );
#5596 = PCURVE('',#5557,#5597);
#5597 = DEFINITIONAL_REPRESENTATION('',(#5598),#5602);
#5598 = LINE('',#5599,#5600);
#5599 = CARTESIAN_POINT('',(0.,-0.));
#5600 = VECTOR('',#5601,1.);
#5601 = DIRECTION('',(0.,1.));
#5602 = ( GEOMETRIC_REPRESENTATION_CONTEXT(2) 
PARAMETRIC_REPRESENTATION_CONTEXT() REPRESENTATION_CONTEXT('2D SPACE',''
  ) );
#5603 = ORIENTED_EDGE('',*,*,#5604,.T.);
#5604 = EDGE_CURVE('',#5582,#5582,#5605,.T.);
#5605 = SURFACE_CURVE('',#5606,(#5611,#5618),.PCURVE_S1.);
#5606 = CIRCLE('',#5607,4.5);
#5607 = AXIS2_PLACEMENT_3D('',#5608,#5609,#5610);
#5608 = CARTESIAN_POINT('',(0.,-63.,190.5));
#5609 = DIRECTION('',(0.,1.,0.));
#5610 = DIRECTION('',(0.,0.,1.));
#5611 = PCURVE('',#5557,#5612);
#5612 = DEFINITIONAL_REPRESENTATION('',(#5613),#5617);
#5613 = LINE('',#5614,#5615);
#5614 = CARTESIAN_POINT('',(0.,0.));
#5615 = VECTOR('',#5616,1.);
#5616 = DIRECTION('',(1.,0.));
#5617 = ( GEOMETRIC_REPRESENTATION_CONTEXT(2) 
PARAMETRIC_REPRESENTATION_CONTEXT() REPRESENTATION_CONTEXT('2D SPACE',''
  ) );
#5618 = PCURVE('',#5619,#5624);
#5619 = PLANE('',#5620);
#5620 = AXIS2_PLACEMENT_3D('',#5621,#5622,#5623);
#5621 = CARTESIAN_POINT('',(0.,-63.,190.5));
#5622 = DIRECTION('',(0.,1.,0.));
#5623 = DIRECTION('',(0.,0.,1.));
#5624 = DEFINITIONAL_REPRESENTATION('',(#5625),#5629);
#5625 = CIRCLE('',#5626,4.5);
#5626 = AXIS2_PLACEMENT_2D('',#5627,#5628);
#5627 = CARTESIAN_POINT('',(0.,0.));
#5628 = DIRECTION('',(1.,0.));
#5629 = ( GEOMETRIC_REPRESENTATION_CONTEXT(2) 
PARAMETRIC_REPRESENTATION_CONTEXT() REPRESENTATION_CONTEXT('2D SPACE',''
  ) );
#5630 = ORIENTED_EDGE('',*,*,#5581,.T.);
#5631 = ADVANCED_FACE('',(#5632),#5569,.T.);
#5632 = FACE_BOUND('',#5633,.T.);
#5633 = EDGE_LOOP('',(#5634));
#5634 = ORIENTED_EDGE('',*,*,#5547,.T.);
#5635 = ADVANCED_FACE('',(#5636),#5619,.F.);
#5636 = FACE_BOUND('',#5637,.T.);
#5637 = EDGE_LOOP('',(#5638));
#5638 = ORIENTED_EDGE('',*,*,#5604,.F.);
#5639 = MANIFOLD_SOLID_BREP('',#5640);
#5640 = CLOSED_SHELL('',(#5641,#5729,#5733));
#5641 = ADVANCED_FACE('',(#5642),#5655,.T.);
#5642 = FACE_BOUND('',#5643,.T.);
#5643 = EDGE_LOOP('',(#5644,#5678,#5701,#5728));
#5644 = ORIENTED_EDGE('',*,*,#5645,.F.);
#5645 = EDGE_CURVE('',#5646,#5646,#5648,.T.);
#5646 = VERTEX_POINT('',#5647);
#5647 = CARTESIAN_POINT('',(19.,-28.,198.5));
#5648 = SURFACE_CURVE('',#5649,(#5654,#5666),.PCURVE_S1.);
#5649 = CIRCLE('',#5650,8.);
#5650 = AXIS2_PLACEMENT_3D('',#5651,#5652,#5653);
#5651 = CARTESIAN_POINT('',(19.,-28.,190.5));
#5652 = DIRECTION('',(0.,1.,0.));
#5653 = DIRECTION('',(0.,0.,1.));
#5654 = PCURVE('',#5655,#5660);
#5655 = CYLINDRICAL_SURFACE('',#5656,8.);
#5656 = AXIS2_PLACEMENT_3D('',#5657,#5658,#5659);
#5657 = CARTESIAN_POINT('',(19.,-56.,190.5));
#5658 = DIRECTION('',(0.,1.,0.));
#5659 = DIRECTION('',(0.,0.,1.));
#5660 = DEFINITIONAL_REPRESENTATION('',(#5661),#5665);
#5661 = LINE('',#5662,#5663);
#5662 = CARTESIAN_POINT('',(0.,28.));
#5663 = VECTOR('',#5664,1.);
#5664 = DIRECTION('',(1.,0.));
#5665 = ( GEOMETRIC_REPRESENTATION_CONTEXT(2) 
PARAMETRIC_REPRESENTATION_CONTEXT() REPRESENTATION_CONTEXT('2D SPACE',''
  ) );
#5666 = PCURVE('',#5667,#5672);
#5667 = PLANE('',#5668);
#5668 = AXIS2_PLACEMENT_3D('',#5669,#5670,#5671);
#5669 = CARTESIAN_POINT('',(19.,-28.,190.5));
#5670 = DIRECTION('',(0.,1.,0.));
#5671 = DIRECTION('',(0.,0.,1.));
#5672 = DEFINITIONAL_REPRESENTATION('',(#5673),#5677);
#5673 = CIRCLE('',#5674,8.);
#5674 = AXIS2_PLACEMENT_2D('',#5675,#5676);
#5675 = CARTESIAN_POINT('',(0.,0.));
#5676 = DIRECTION('',(1.,0.));
#5677 = ( GEOMETRIC_REPRESENTATION_CONTEXT(2) 
PARAMETRIC_REPRESENTATION_CONTEXT() REPRESENTATION_CONTEXT('2D SPACE',''
  ) );
#5678 = ORIENTED_EDGE('',*,*,#5679,.F.);
#5679 = EDGE_CURVE('',#5680,#5646,#5682,.T.);
#5680 = VERTEX_POINT('',#5681);
#5681 = CARTESIAN_POINT('',(19.,-56.,198.5));
#5682 = SEAM_CURVE('',#5683,(#5687,#5694),.PCURVE_S1.);
#5683 = LINE('',#5684,#5685);
#5684 = CARTESIAN_POINT('',(19.,-56.,198.5));
#5685 = VECTOR('',#5686,1.);
#5686 = DIRECTION('',(0.,1.,0.));
#5687 = PCURVE('',#5655,#5688);
#5688 = DEFINITIONAL_REPRESENTATION('',(#5689),#5693);
#5689 = LINE('',#5690,#5691);
#5690 = CARTESIAN_POINT('',(6.28318530718,-0.));
#5691 = VECTOR('',#5692,1.);
#5692 = DIRECTION('',(0.,1.));
#5693 = ( GEOMETRIC_REPRESENTATION_CONTEXT(2) 
PARAMETRIC_REPRESENTATION_CONTEXT() REPRESENTATION_CONTEXT('2D SPACE',''
  ) );
#5694 = PCURVE('',#5655,#5695);
#5695 = DEFINITIONAL_REPRESENTATION('',(#5696),#5700);
#5696 = LINE('',#5697,#5698);
#5697 = CARTESIAN_POINT('',(0.,-0.));
#5698 = VECTOR('',#5699,1.);
#5699 = DIRECTION('',(0.,1.));
#5700 = ( GEOMETRIC_REPRESENTATION_CONTEXT(2) 
PARAMETRIC_REPRESENTATION_CONTEXT() REPRESENTATION_CONTEXT('2D SPACE',''
  ) );
#5701 = ORIENTED_EDGE('',*,*,#5702,.T.);
#5702 = EDGE_CURVE('',#5680,#5680,#5703,.T.);
#5703 = SURFACE_CURVE('',#5704,(#5709,#5716),.PCURVE_S1.);
#5704 = CIRCLE('',#5705,8.);
#5705 = AXIS2_PLACEMENT_3D('',#5706,#5707,#5708);
#5706 = CARTESIAN_POINT('',(19.,-56.,190.5));
#5707 = DIRECTION('',(0.,1.,0.));
#5708 = DIRECTION('',(0.,0.,1.));
#5709 = PCURVE('',#5655,#5710);
#5710 = DEFINITIONAL_REPRESENTATION('',(#5711),#5715);
#5711 = LINE('',#5712,#5713);
#5712 = CARTESIAN_POINT('',(0.,0.));
#5713 = VECTOR('',#5714,1.);
#5714 = DIRECTION('',(1.,0.));
#5715 = ( GEOMETRIC_REPRESENTATION_CONTEXT(2) 
PARAMETRIC_REPRESENTATION_CONTEXT() REPRESENTATION_CONTEXT('2D SPACE',''
  ) );
#5716 = PCURVE('',#5717,#5722);
#5717 = PLANE('',#5718);
#5718 = AXIS2_PLACEMENT_3D('',#5719,#5720,#5721);
#5719 = CARTESIAN_POINT('',(19.,-56.,190.5));
#5720 = DIRECTION('',(0.,1.,0.));
#5721 = DIRECTION('',(0.,0.,1.));
#5722 = DEFINITIONAL_REPRESENTATION('',(#5723),#5727);
#5723 = CIRCLE('',#5724,8.);
#5724 = AXIS2_PLACEMENT_2D('',#5725,#5726);
#5725 = CARTESIAN_POINT('',(0.,0.));
#5726 = DIRECTION('',(1.,0.));
#5727 = ( GEOMETRIC_REPRESENTATION_CONTEXT(2) 
PARAMETRIC_REPRESENTATION_CONTEXT() REPRESENTATION_CONTEXT('2D SPACE',''
  ) );
#5728 = ORIENTED_EDGE('',*,*,#5679,.T.);
#5729 = ADVANCED_FACE('',(#5730),#5667,.T.);
#5730 = FACE_BOUND('',#5731,.T.);
#5731 = EDGE_LOOP('',(#5732));
#5732 = ORIENTED_EDGE('',*,*,#5645,.T.);
#5733 = ADVANCED_FACE('',(#5734),#5717,.F.);
#5734 = FACE_BOUND('',#5735,.T.);
#5735 = EDGE_LOOP('',(#5736));
#5736 = ORIENTED_EDGE('',*,*,#5702,.F.);
#5737 = MANIFOLD_SOLID_BREP('',#5738);
#5738 = CLOSED_SHELL('',(#5739,#5827,#5831));
#5739 = ADVANCED_FACE('',(#5740),#5753,.T.);
#5740 = FACE_BOUND('',#5741,.T.);
#5741 = EDGE_LOOP('',(#5742,#5776,#5799,#5826));
#5742 = ORIENTED_EDGE('',*,*,#5743,.F.);
#5743 = EDGE_CURVE('',#5744,#5744,#5746,.T.);
#5744 = VERTEX_POINT('',#5745);
#5745 = CARTESIAN_POINT('',(19.,-56.,195.));
#5746 = SURFACE_CURVE('',#5747,(#5752,#5764),.PCURVE_S1.);
#5747 = CIRCLE('',#5748,4.5);
#5748 = AXIS2_PLACEMENT_3D('',#5749,#5750,#5751);
#5749 = CARTESIAN_POINT('',(19.,-56.,190.5));
#5750 = DIRECTION('',(0.,1.,0.));
#5751 = DIRECTION('',(0.,0.,1.));
#5752 = PCURVE('',#5753,#5758);
#5753 = CYLINDRICAL_SURFACE('',#5754,4.5);
#5754 = AXIS2_PLACEMENT_3D('',#5755,#5756,#5757);
#5755 = CARTESIAN_POINT('',(19.,-63.,190.5));
#5756 = DIRECTION('',(0.,1.,0.));
#5757 = DIRECTION('',(0.,0.,1.));
#5758 = DEFINITIONAL_REPRESENTATION('',(#5759),#5763);
#5759 = LINE('',#5760,#5761);
#5760 = CARTESIAN_POINT('',(0.,7.));
#5761 = VECTOR('',#5762,1.);
#5762 = DIRECTION('',(1.,0.));
#5763 = ( GEOMETRIC_REPRESENTATION_CONTEXT(2) 
PARAMETRIC_REPRESENTATION_CONTEXT() REPRESENTATION_CONTEXT('2D SPACE',''
  ) );
#5764 = PCURVE('',#5765,#5770);
#5765 = PLANE('',#5766);
#5766 = AXIS2_PLACEMENT_3D('',#5767,#5768,#5769);
#5767 = CARTESIAN_POINT('',(19.,-56.,190.5));
#5768 = DIRECTION('',(0.,1.,0.));
#5769 = DIRECTION('',(0.,0.,1.));
#5770 = DEFINITIONAL_REPRESENTATION('',(#5771),#5775);
#5771 = CIRCLE('',#5772,4.5);
#5772 = AXIS2_PLACEMENT_2D('',#5773,#5774);
#5773 = CARTESIAN_POINT('',(0.,0.));
#5774 = DIRECTION('',(1.,0.));
#5775 = ( GEOMETRIC_REPRESENTATION_CONTEXT(2) 
PARAMETRIC_REPRESENTATION_CONTEXT() REPRESENTATION_CONTEXT('2D SPACE',''
  ) );
#5776 = ORIENTED_EDGE('',*,*,#5777,.F.);
#5777 = EDGE_CURVE('',#5778,#5744,#5780,.T.);
#5778 = VERTEX_POINT('',#5779);
#5779 = CARTESIAN_POINT('',(19.,-63.,195.));
#5780 = SEAM_CURVE('',#5781,(#5785,#5792),.PCURVE_S1.);
#5781 = LINE('',#5782,#5783);
#5782 = CARTESIAN_POINT('',(19.,-63.,195.));
#5783 = VECTOR('',#5784,1.);
#5784 = DIRECTION('',(0.,1.,0.));
#5785 = PCURVE('',#5753,#5786);
#5786 = DEFINITIONAL_REPRESENTATION('',(#5787),#5791);
#5787 = LINE('',#5788,#5789);
#5788 = CARTESIAN_POINT('',(6.28318530718,-0.));
#5789 = VECTOR('',#5790,1.);
#5790 = DIRECTION('',(0.,1.));
#5791 = ( GEOMETRIC_REPRESENTATION_CONTEXT(2) 
PARAMETRIC_REPRESENTATION_CONTEXT() REPRESENTATION_CONTEXT('2D SPACE',''
  ) );
#5792 = PCURVE('',#5753,#5793);
#5793 = DEFINITIONAL_REPRESENTATION('',(#5794),#5798);
#5794 = LINE('',#5795,#5796);
#5795 = CARTESIAN_POINT('',(0.,-0.));
#5796 = VECTOR('',#5797,1.);
#5797 = DIRECTION('',(0.,1.));
#5798 = ( GEOMETRIC_REPRESENTATION_CONTEXT(2) 
PARAMETRIC_REPRESENTATION_CONTEXT() REPRESENTATION_CONTEXT('2D SPACE',''
  ) );
#5799 = ORIENTED_EDGE('',*,*,#5800,.T.);
#5800 = EDGE_CURVE('',#5778,#5778,#5801,.T.);
#5801 = SURFACE_CURVE('',#5802,(#5807,#5814),.PCURVE_S1.);
#5802 = CIRCLE('',#5803,4.5);
#5803 = AXIS2_PLACEMENT_3D('',#5804,#5805,#5806);
#5804 = CARTESIAN_POINT('',(19.,-63.,190.5));
#5805 = DIRECTION('',(0.,1.,0.));
#5806 = DIRECTION('',(0.,0.,1.));
#5807 = PCURVE('',#5753,#5808);
#5808 = DEFINITIONAL_REPRESENTATION('',(#5809),#5813);
#5809 = LINE('',#5810,#5811);
#5810 = CARTESIAN_POINT('',(0.,0.));
#5811 = VECTOR('',#5812,1.);
#5812 = DIRECTION('',(1.,0.));
#5813 = ( GEOMETRIC_REPRESENTATION_CONTEXT(2) 
PARAMETRIC_REPRESENTATION_CONTEXT() REPRESENTATION_CONTEXT('2D SPACE',''
  ) );
#5814 = PCURVE('',#5815,#5820);
#5815 = PLANE('',#5816);
#5816 = AXIS2_PLACEMENT_3D('',#5817,#5818,#5819);
#5817 = CARTESIAN_POINT('',(19.,-63.,190.5));
#5818 = DIRECTION('',(0.,1.,0.));
#5819 = DIRECTION('',(0.,0.,1.));
#5820 = DEFINITIONAL_REPRESENTATION('',(#5821),#5825);
#5821 = CIRCLE('',#5822,4.5);
#5822 = AXIS2_PLACEMENT_2D('',#5823,#5824);
#5823 = CARTESIAN_POINT('',(0.,0.));
#5824 = DIRECTION('',(1.,0.));
#5825 = ( GEOMETRIC_REPRESENTATION_CONTEXT(2) 
PARAMETRIC_REPRESENTATION_CONTEXT() REPRESENTATION_CONTEXT('2D SPACE',''
  ) );
#5826 = ORIENTED_EDGE('',*,*,#5777,.T.);
#5827 = ADVANCED_FACE('',(#5828),#5765,.T.);
#5828 = FACE_BOUND('',#5829,.T.);
#5829 = EDGE_LOOP('',(#5830));
#5830 = ORIENTED_EDGE('',*,*,#5743,.T.);
#5831 = ADVANCED_FACE('',(#5832),#5815,.F.);
#5832 = FACE_BOUND('',#5833,.T.);
#5833 = EDGE_LOOP('',(#5834));
#5834 = ORIENTED_EDGE('',*,*,#5800,.F.);
#5835 = MANIFOLD_SOLID_BREP('',#5836);
#5836 = CLOSED_SHELL('',(#5837,#5925,#5929));
#5837 = ADVANCED_FACE('',(#5838),#5851,.T.);
#5838 = FACE_BOUND('',#5839,.T.);
#5839 = EDGE_LOOP('',(#5840,#5874,#5897,#5924));
#5840 = ORIENTED_EDGE('',*,*,#5841,.F.);
#5841 = EDGE_CURVE('',#5842,#5842,#5844,.T.);
#5842 = VERTEX_POINT('',#5843);
#5843 = CARTESIAN_POINT('',(-19.,-28.,217.5));
#5844 = SURFACE_CURVE('',#5845,(#5850,#5862),.PCURVE_S1.);
#5845 = CIRCLE('',#5846,8.);
#5846 = AXIS2_PLACEMENT_3D('',#5847,#5848,#5849);
#5847 = CARTESIAN_POINT('',(-19.,-28.,209.5));
#5848 = DIRECTION('',(0.,1.,0.));
#5849 = DIRECTION('',(0.,0.,1.));
#5850 = PCURVE('',#5851,#5856);
#5851 = CYLINDRICAL_SURFACE('',#5852,8.);
#5852 = AXIS2_PLACEMENT_3D('',#5853,#5854,#5855);
#5853 = CARTESIAN_POINT('',(-19.,-56.,209.5));
#5854 = DIRECTION('',(0.,1.,0.));
#5855 = DIRECTION('',(0.,0.,1.));
#5856 = DEFINITIONAL_REPRESENTATION('',(#5857),#5861);
#5857 = LINE('',#5858,#5859);
#5858 = CARTESIAN_POINT('',(0.,28.));
#5859 = VECTOR('',#5860,1.);
#5860 = DIRECTION('',(1.,0.));
#5861 = ( GEOMETRIC_REPRESENTATION_CONTEXT(2) 
PARAMETRIC_REPRESENTATION_CONTEXT() REPRESENTATION_CONTEXT('2D SPACE',''
  ) );
#5862 = PCURVE('',#5863,#5868);
#5863 = PLANE('',#5864);
#5864 = AXIS2_PLACEMENT_3D('',#5865,#5866,#5867);
#5865 = CARTESIAN_POINT('',(-19.,-28.,209.5));
#5866 = DIRECTION('',(0.,1.,0.));
#5867 = DIRECTION('',(0.,0.,1.));
#5868 = DEFINITIONAL_REPRESENTATION('',(#5869),#5873);
#5869 = CIRCLE('',#5870,8.);
#5870 = AXIS2_PLACEMENT_2D('',#5871,#5872);
#5871 = CARTESIAN_POINT('',(0.,0.));
#5872 = DIRECTION('',(1.,0.));
#5873 = ( GEOMETRIC_REPRESENTATION_CONTEXT(2) 
PARAMETRIC_REPRESENTATION_CONTEXT() REPRESENTATION_CONTEXT('2D SPACE',''
  ) );
#5874 = ORIENTED_EDGE('',*,*,#5875,.F.);
#5875 = EDGE_CURVE('',#5876,#5842,#5878,.T.);
#5876 = VERTEX_POINT('',#5877);
#5877 = CARTESIAN_POINT('',(-19.,-56.,217.5));
#5878 = SEAM_CURVE('',#5879,(#5883,#5890),.PCURVE_S1.);
#5879 = LINE('',#5880,#5881);
#5880 = CARTESIAN_POINT('',(-19.,-56.,217.5));
#5881 = VECTOR('',#5882,1.);
#5882 = DIRECTION('',(0.,1.,0.));
#5883 = PCURVE('',#5851,#5884);
#5884 = DEFINITIONAL_REPRESENTATION('',(#5885),#5889);
#5885 = LINE('',#5886,#5887);
#5886 = CARTESIAN_POINT('',(6.28318530718,-0.));
#5887 = VECTOR('',#5888,1.);
#5888 = DIRECTION('',(0.,1.));
#5889 = ( GEOMETRIC_REPRESENTATION_CONTEXT(2) 
PARAMETRIC_REPRESENTATION_CONTEXT() REPRESENTATION_CONTEXT('2D SPACE',''
  ) );
#5890 = PCURVE('',#5851,#5891);
#5891 = DEFINITIONAL_REPRESENTATION('',(#5892),#5896);
#5892 = LINE('',#5893,#5894);
#5893 = CARTESIAN_POINT('',(0.,-0.));
#5894 = VECTOR('',#5895,1.);
#5895 = DIRECTION('',(0.,1.));
#5896 = ( GEOMETRIC_REPRESENTATION_CONTEXT(2) 
PARAMETRIC_REPRESENTATION_CONTEXT() REPRESENTATION_CONTEXT('2D SPACE',''
  ) );
#5897 = ORIENTED_EDGE('',*,*,#5898,.T.);
#5898 = EDGE_CURVE('',#5876,#5876,#5899,.T.);
#5899 = SURFACE_CURVE('',#5900,(#5905,#5912),.PCURVE_S1.);
#5900 = CIRCLE('',#5901,8.);
#5901 = AXIS2_PLACEMENT_3D('',#5902,#5903,#5904);
#5902 = CARTESIAN_POINT('',(-19.,-56.,209.5));
#5903 = DIRECTION('',(0.,1.,0.));
#5904 = DIRECTION('',(0.,0.,1.));
#5905 = PCURVE('',#5851,#5906);
#5906 = DEFINITIONAL_REPRESENTATION('',(#5907),#5911);
#5907 = LINE('',#5908,#5909);
#5908 = CARTESIAN_POINT('',(0.,0.));
#5909 = VECTOR('',#5910,1.);
#5910 = DIRECTION('',(1.,0.));
#5911 = ( GEOMETRIC_REPRESENTATION_CONTEXT(2) 
PARAMETRIC_REPRESENTATION_CONTEXT() REPRESENTATION_CONTEXT('2D SPACE',''
  ) );
#5912 = PCURVE('',#5913,#5918);
#5913 = PLANE('',#5914);
#5914 = AXIS2_PLACEMENT_3D('',#5915,#5916,#5917);
#5915 = CARTESIAN_POINT('',(-19.,-56.,209.5));
#5916 = DIRECTION('',(0.,1.,0.));
#5917 = DIRECTION('',(0.,0.,1.));
#5918 = DEFINITIONAL_REPRESENTATION('',(#5919),#5923);
#5919 = CIRCLE('',#5920,8.);
#5920 = AXIS2_PLACEMENT_2D('',#5921,#5922);
#5921 = CARTESIAN_POINT('',(0.,0.));
#5922 = DIRECTION('',(1.,0.));
#5923 = ( GEOMETRIC_REPRESENTATION_CONTEXT(2) 
PARAMETRIC_REPRESENTATION_CONTEXT() REPRESENTATION_CONTEXT('2D SPACE',''
  ) );
#5924 = ORIENTED_EDGE('',*,*,#5875,.T.);
#5925 = ADVANCED_FACE('',(#5926),#5863,.T.);
#5926 = FACE_BOUND('',#5927,.T.);
#5927 = EDGE_LOOP('',(#5928));
#5928 = ORIENTED_EDGE('',*,*,#5841,.T.);
#5929 = ADVANCED_FACE('',(#5930),#5913,.F.);
#5930 = FACE_BOUND('',#5931,.T.);
#5931 = EDGE_LOOP('',(#5932));
#5932 = ORIENTED_EDGE('',*,*,#5898,.F.);
#5933 = MANIFOLD_SOLID_BREP('',#5934);
#5934 = CLOSED_SHELL('',(#5935,#6023,#6027));
#5935 = ADVANCED_FACE('',(#5936),#5949,.T.);
#5936 = FACE_BOUND('',#5937,.T.);
#5937 = EDGE_LOOP('',(#5938,#5972,#5995,#6022));
#5938 = ORIENTED_EDGE('',*,*,#5939,.F.);
#5939 = EDGE_CURVE('',#5940,#5940,#5942,.T.);
#5940 = VERTEX_POINT('',#5941);
#5941 = CARTESIAN_POINT('',(-19.,-56.,214.));
#5942 = SURFACE_CURVE('',#5943,(#5948,#5960),.PCURVE_S1.);
#5943 = CIRCLE('',#5944,4.5);
#5944 = AXIS2_PLACEMENT_3D('',#5945,#5946,#5947);
#5945 = CARTESIAN_POINT('',(-19.,-56.,209.5));
#5946 = DIRECTION('',(0.,1.,0.));
#5947 = DIRECTION('',(0.,0.,1.));
#5948 = PCURVE('',#5949,#5954);
#5949 = CYLINDRICAL_SURFACE('',#5950,4.5);
#5950 = AXIS2_PLACEMENT_3D('',#5951,#5952,#5953);
#5951 = CARTESIAN_POINT('',(-19.,-63.,209.5));
#5952 = DIRECTION('',(0.,1.,0.));
#5953 = DIRECTION('',(0.,0.,1.));
#5954 = DEFINITIONAL_REPRESENTATION('',(#5955),#5959);
#5955 = LINE('',#5956,#5957);
#5956 = CARTESIAN_POINT('',(0.,7.));
#5957 = VECTOR('',#5958,1.);
#5958 = DIRECTION('',(1.,0.));
#5959 = ( GEOMETRIC_REPRESENTATION_CONTEXT(2) 
PARAMETRIC_REPRESENTATION_CONTEXT() REPRESENTATION_CONTEXT('2D SPACE',''
  ) );
#5960 = PCURVE('',#5961,#5966);
#5961 = PLANE('',#5962);
#5962 = AXIS2_PLACEMENT_3D('',#5963,#5964,#5965);
#5963 = CARTESIAN_POINT('',(-19.,-56.,209.5));
#5964 = DIRECTION('',(0.,1.,0.));
#5965 = DIRECTION('',(0.,0.,1.));
#5966 = DEFINITIONAL_REPRESENTATION('',(#5967),#5971);
#5967 = CIRCLE('',#5968,4.5);
#5968 = AXIS2_PLACEMENT_2D('',#5969,#5970);
#5969 = CARTESIAN_POINT('',(0.,0.));
#5970 = DIRECTION('',(1.,0.));
#5971 = ( GEOMETRIC_REPRESENTATION_CONTEXT(2) 
PARAMETRIC_REPRESENTATION_CONTEXT() REPRESENTATION_CONTEXT('2D SPACE',''
  ) );
#5972 = ORIENTED_EDGE('',*,*,#5973,.F.);
#5973 = EDGE_CURVE('',#5974,#5940,#5976,.T.);
#5974 = VERTEX_POINT('',#5975);
#5975 = CARTESIAN_POINT('',(-19.,-63.,214.));
#5976 = SEAM_CURVE('',#5977,(#5981,#5988),.PCURVE_S1.);
#5977 = LINE('',#5978,#5979);
#5978 = CARTESIAN_POINT('',(-19.,-63.,214.));
#5979 = VECTOR('',#5980,1.);
#5980 = DIRECTION('',(0.,1.,0.));
#5981 = PCURVE('',#5949,#5982);
#5982 = DEFINITIONAL_REPRESENTATION('',(#5983),#5987);
#5983 = LINE('',#5984,#5985);
#5984 = CARTESIAN_POINT('',(6.28318530718,-0.));
#5985 = VECTOR('',#5986,1.);
#5986 = DIRECTION('',(0.,1.));
#5987 = ( GEOMETRIC_REPRESENTATION_CONTEXT(2) 
PARAMETRIC_REPRESENTATION_CONTEXT() REPRESENTATION_CONTEXT('2D SPACE',''
  ) );
#5988 = PCURVE('',#5949,#5989);
#5989 = DEFINITIONAL_REPRESENTATION('',(#5990),#5994);
#5990 = LINE('',#5991,#5992);
#5991 = CARTESIAN_POINT('',(0.,-0.));
#5992 = VECTOR('',#5993,1.);
#5993 = DIRECTION('',(0.,1.));
#5994 = ( GEOMETRIC_REPRESENTATION_CONTEXT(2) 
PARAMETRIC_REPRESENTATION_CONTEXT() REPRESENTATION_CONTEXT('2D SPACE',''
  ) );
#5995 = ORIENTED_EDGE('',*,*,#5996,.T.);
#5996 = EDGE_CURVE('',#5974,#5974,#5997,.T.);
#5997 = SURFACE_CURVE('',#5998,(#6003,#6010),.PCURVE_S1.);
#5998 = CIRCLE('',#5999,4.5);
#5999 = AXIS2_PLACEMENT_3D('',#6000,#6001,#6002);
#6000 = CARTESIAN_POINT('',(-19.,-63.,209.5));
#6001 = DIRECTION('',(0.,1.,0.));
#6002 = DIRECTION('',(0.,0.,1.));
#6003 = PCURVE('',#5949,#6004);
#6004 = DEFINITIONAL_REPRESENTATION('',(#6005),#6009);
#6005 = LINE('',#6006,#6007);
#6006 = CARTESIAN_POINT('',(0.,0.));
#6007 = VECTOR('',#6008,1.);
#6008 = DIRECTION('',(1.,0.));
#6009 = ( GEOMETRIC_REPRESENTATION_CONTEXT(2) 
PARAMETRIC_REPRESENTATION_CONTEXT() REPRESENTATION_CONTEXT('2D SPACE',''
  ) );
#6010 = PCURVE('',#6011,#6016);
#6011 = PLANE('',#6012);
#6012 = AXIS2_PLACEMENT_3D('',#6013,#6014,#6015);
#6013 = CARTESIAN_POINT('',(-19.,-63.,209.5));
#6014 = DIRECTION('',(0.,1.,0.));
#6015 = DIRECTION('',(0.,0.,1.));
#6016 = DEFINITIONAL_REPRESENTATION('',(#6017),#6021);
#6017 = CIRCLE('',#6018,4.5);
#6018 = AXIS2_PLACEMENT_2D('',#6019,#6020);
#6019 = CARTESIAN_POINT('',(0.,0.));
#6020 = DIRECTION('',(1.,0.));
#6021 = ( GEOMETRIC_REPRESENTATION_CONTEXT(2) 
PARAMETRIC_REPRESENTATION_CONTEXT() REPRESENTATION_CONTEXT('2D SPACE',''
  ) );
#6022 = ORIENTED_EDGE('',*,*,#5973,.T.);
#6023 = ADVANCED_FACE('',(#6024),#5961,.T.);
#6024 = FACE_BOUND('',#6025,.T.);
#6025 = EDGE_LOOP('',(#6026));
#6026 = ORIENTED_EDGE('',*,*,#5939,.T.);
#6027 = ADVANCED_FACE('',(#6028),#6011,.F.);
#6028 = FACE_BOUND('',#6029,.T.);
#6029 = EDGE_LOOP('',(#6030));
#6030 = ORIENTED_EDGE('',*,*,#5996,.F.);
#6031 = MANIFOLD_SOLID_BREP('',#6032);
#6032 = CLOSED_SHELL('',(#6033,#6121,#6125));
#6033 = ADVANCED_FACE('',(#6034),#6047,.T.);
#6034 = FACE_BOUND('',#6035,.T.);
#6035 = EDGE_LOOP('',(#6036,#6070,#6093,#6120));
#6036 = ORIENTED_EDGE('',*,*,#6037,.F.);
#6037 = EDGE_CURVE('',#6038,#6038,#6040,.T.);
#6038 = VERTEX_POINT('',#6039);
#6039 = CARTESIAN_POINT('',(-1.959434878636E-15,-28.,217.5));
#6040 = SURFACE_CURVE('',#6041,(#6046,#6058),.PCURVE_S1.);
#6041 = CIRCLE('',#6042,8.);
#6042 = AXIS2_PLACEMENT_3D('',#6043,#6044,#6045);
#6043 = CARTESIAN_POINT('',(0.,-28.,209.5));
#6044 = DIRECTION('',(0.,1.,0.));
#6045 = DIRECTION('',(0.,0.,1.));
#6046 = PCURVE('',#6047,#6052);
#6047 = CYLINDRICAL_SURFACE('',#6048,8.);
#6048 = AXIS2_PLACEMENT_3D('',#6049,#6050,#6051);
#6049 = CARTESIAN_POINT('',(0.,-56.,209.5));
#6050 = DIRECTION('',(0.,1.,0.));
#6051 = DIRECTION('',(0.,0.,1.));
#6052 = DEFINITIONAL_REPRESENTATION('',(#6053),#6057);
#6053 = LINE('',#6054,#6055);
#6054 = CARTESIAN_POINT('',(0.,28.));
#6055 = VECTOR('',#6056,1.);
#6056 = DIRECTION('',(1.,0.));
#6057 = ( GEOMETRIC_REPRESENTATION_CONTEXT(2) 
PARAMETRIC_REPRESENTATION_CONTEXT() REPRESENTATION_CONTEXT('2D SPACE',''
  ) );
#6058 = PCURVE('',#6059,#6064);
#6059 = PLANE('',#6060);
#6060 = AXIS2_PLACEMENT_3D('',#6061,#6062,#6063);
#6061 = CARTESIAN_POINT('',(0.,-28.,209.5));
#6062 = DIRECTION('',(0.,1.,0.));
#6063 = DIRECTION('',(0.,0.,1.));
#6064 = DEFINITIONAL_REPRESENTATION('',(#6065),#6069);
#6065 = CIRCLE('',#6066,8.);
#6066 = AXIS2_PLACEMENT_2D('',#6067,#6068);
#6067 = CARTESIAN_POINT('',(0.,0.));
#6068 = DIRECTION('',(1.,0.));
#6069 = ( GEOMETRIC_REPRESENTATION_CONTEXT(2) 
PARAMETRIC_REPRESENTATION_CONTEXT() REPRESENTATION_CONTEXT('2D SPACE',''
  ) );
#6070 = ORIENTED_EDGE('',*,*,#6071,.F.);
#6071 = EDGE_CURVE('',#6072,#6038,#6074,.T.);
#6072 = VERTEX_POINT('',#6073);
#6073 = CARTESIAN_POINT('',(-1.959434878636E-15,-56.,217.5));
#6074 = SEAM_CURVE('',#6075,(#6079,#6086),.PCURVE_S1.);
#6075 = LINE('',#6076,#6077);
#6076 = CARTESIAN_POINT('',(-1.959434878636E-15,-56.,217.5));
#6077 = VECTOR('',#6078,1.);
#6078 = DIRECTION('',(0.,1.,0.));
#6079 = PCURVE('',#6047,#6080);
#6080 = DEFINITIONAL_REPRESENTATION('',(#6081),#6085);
#6081 = LINE('',#6082,#6083);
#6082 = CARTESIAN_POINT('',(6.28318530718,-0.));
#6083 = VECTOR('',#6084,1.);
#6084 = DIRECTION('',(0.,1.));
#6085 = ( GEOMETRIC_REPRESENTATION_CONTEXT(2) 
PARAMETRIC_REPRESENTATION_CONTEXT() REPRESENTATION_CONTEXT('2D SPACE',''
  ) );
#6086 = PCURVE('',#6047,#6087);
#6087 = DEFINITIONAL_REPRESENTATION('',(#6088),#6092);
#6088 = LINE('',#6089,#6090);
#6089 = CARTESIAN_POINT('',(0.,-0.));
#6090 = VECTOR('',#6091,1.);
#6091 = DIRECTION('',(0.,1.));
#6092 = ( GEOMETRIC_REPRESENTATION_CONTEXT(2) 
PARAMETRIC_REPRESENTATION_CONTEXT() REPRESENTATION_CONTEXT('2D SPACE',''
  ) );
#6093 = ORIENTED_EDGE('',*,*,#6094,.T.);
#6094 = EDGE_CURVE('',#6072,#6072,#6095,.T.);
#6095 = SURFACE_CURVE('',#6096,(#6101,#6108),.PCURVE_S1.);
#6096 = CIRCLE('',#6097,8.);
#6097 = AXIS2_PLACEMENT_3D('',#6098,#6099,#6100);
#6098 = CARTESIAN_POINT('',(0.,-56.,209.5));
#6099 = DIRECTION('',(0.,1.,0.));
#6100 = DIRECTION('',(0.,0.,1.));
#6101 = PCURVE('',#6047,#6102);
#6102 = DEFINITIONAL_REPRESENTATION('',(#6103),#6107);
#6103 = LINE('',#6104,#6105);
#6104 = CARTESIAN_POINT('',(0.,0.));
#6105 = VECTOR('',#6106,1.);
#6106 = DIRECTION('',(1.,0.));
#6107 = ( GEOMETRIC_REPRESENTATION_CONTEXT(2) 
PARAMETRIC_REPRESENTATION_CONTEXT() REPRESENTATION_CONTEXT('2D SPACE',''
  ) );
#6108 = PCURVE('',#6109,#6114);
#6109 = PLANE('',#6110);
#6110 = AXIS2_PLACEMENT_3D('',#6111,#6112,#6113);
#6111 = CARTESIAN_POINT('',(0.,-56.,209.5));
#6112 = DIRECTION('',(0.,1.,0.));
#6113 = DIRECTION('',(0.,0.,1.));
#6114 = DEFINITIONAL_REPRESENTATION('',(#6115),#6119);
#6115 = CIRCLE('',#6116,8.);
#6116 = AXIS2_PLACEMENT_2D('',#6117,#6118);
#6117 = CARTESIAN_POINT('',(0.,0.));
#6118 = DIRECTION('',(1.,0.));
#6119 = ( GEOMETRIC_REPRESENTATION_CONTEXT(2) 
PARAMETRIC_REPRESENTATION_CONTEXT() REPRESENTATION_CONTEXT('2D SPACE',''
  ) );
#6120 = ORIENTED_EDGE('',*,*,#6071,.T.);
#6121 = ADVANCED_FACE('',(#6122),#6059,.T.);
#6122 = FACE_BOUND('',#6123,.T.);
#6123 = EDGE_LOOP('',(#6124));
#6124 = ORIENTED_EDGE('',*,*,#6037,.T.);
#6125 = ADVANCED_FACE('',(#6126),#6109,.F.);
#6126 = FACE_BOUND('',#6127,.T.);
#6127 = EDGE_LOOP('',(#6128));
#6128 = ORIENTED_EDGE('',*,*,#6094,.F.);
#6129 = MANIFOLD_SOLID_BREP('',#6130);
#6130 = CLOSED_SHELL('',(#6131,#6219,#6223));
#6131 = ADVANCED_FACE('',(#6132),#6145,.T.);
#6132 = FACE_BOUND('',#6133,.T.);
#6133 = EDGE_LOOP('',(#6134,#6168,#6191,#6218));
#6134 = ORIENTED_EDGE('',*,*,#6135,.F.);
#6135 = EDGE_CURVE('',#6136,#6136,#6138,.T.);
#6136 = VERTEX_POINT('',#6137);
#6137 = CARTESIAN_POINT('',(-1.102182119233E-15,-56.,214.));
#6138 = SURFACE_CURVE('',#6139,(#6144,#6156),.PCURVE_S1.);
#6139 = CIRCLE('',#6140,4.5);
#6140 = AXIS2_PLACEMENT_3D('',#6141,#6142,#6143);
#6141 = CARTESIAN_POINT('',(0.,-56.,209.5));
#6142 = DIRECTION('',(0.,1.,0.));
#6143 = DIRECTION('',(0.,0.,1.));
#6144 = PCURVE('',#6145,#6150);
#6145 = CYLINDRICAL_SURFACE('',#6146,4.5);
#6146 = AXIS2_PLACEMENT_3D('',#6147,#6148,#6149);
#6147 = CARTESIAN_POINT('',(0.,-63.,209.5));
#6148 = DIRECTION('',(0.,1.,0.));
#6149 = DIRECTION('',(0.,0.,1.));
#6150 = DEFINITIONAL_REPRESENTATION('',(#6151),#6155);
#6151 = LINE('',#6152,#6153);
#6152 = CARTESIAN_POINT('',(0.,7.));
#6153 = VECTOR('',#6154,1.);
#6154 = DIRECTION('',(1.,0.));
#6155 = ( GEOMETRIC_REPRESENTATION_CONTEXT(2) 
PARAMETRIC_REPRESENTATION_CONTEXT() REPRESENTATION_CONTEXT('2D SPACE',''
  ) );
#6156 = PCURVE('',#6157,#6162);
#6157 = PLANE('',#6158);
#6158 = AXIS2_PLACEMENT_3D('',#6159,#6160,#6161);
#6159 = CARTESIAN_POINT('',(0.,-56.,209.5));
#6160 = DIRECTION('',(0.,1.,0.));
#6161 = DIRECTION('',(0.,0.,1.));
#6162 = DEFINITIONAL_REPRESENTATION('',(#6163),#6167);
#6163 = CIRCLE('',#6164,4.5);
#6164 = AXIS2_PLACEMENT_2D('',#6165,#6166);
#6165 = CARTESIAN_POINT('',(0.,0.));
#6166 = DIRECTION('',(1.,0.));
#6167 = ( GEOMETRIC_REPRESENTATION_CONTEXT(2) 
PARAMETRIC_REPRESENTATION_CONTEXT() REPRESENTATION_CONTEXT('2D SPACE',''
  ) );
#6168 = ORIENTED_EDGE('',*,*,#6169,.F.);
#6169 = EDGE_CURVE('',#6170,#6136,#6172,.T.);
#6170 = VERTEX_POINT('',#6171);
#6171 = CARTESIAN_POINT('',(-1.102182119233E-15,-63.,214.));
#6172 = SEAM_CURVE('',#6173,(#6177,#6184),.PCURVE_S1.);
#6173 = LINE('',#6174,#6175);
#6174 = CARTESIAN_POINT('',(-1.102182119233E-15,-63.,214.));
#6175 = VECTOR('',#6176,1.);
#6176 = DIRECTION('',(0.,1.,0.));
#6177 = PCURVE('',#6145,#6178);
#6178 = DEFINITIONAL_REPRESENTATION('',(#6179),#6183);
#6179 = LINE('',#6180,#6181);
#6180 = CARTESIAN_POINT('',(6.28318530718,-0.));
#6181 = VECTOR('',#6182,1.);
#6182 = DIRECTION('',(0.,1.));
#6183 = ( GEOMETRIC_REPRESENTATION_CONTEXT(2) 
PARAMETRIC_REPRESENTATION_CONTEXT() REPRESENTATION_CONTEXT('2D SPACE',''
  ) );
#6184 = PCURVE('',#6145,#6185);
#6185 = DEFINITIONAL_REPRESENTATION('',(#6186),#6190);
#6186 = LINE('',#6187,#6188);
#6187 = CARTESIAN_POINT('',(0.,-0.));
#6188 = VECTOR('',#6189,1.);
#6189 = DIRECTION('',(0.,1.));
#6190 = ( GEOMETRIC_REPRESENTATION_CONTEXT(2) 
PARAMETRIC_REPRESENTATION_CONTEXT() REPRESENTATION_CONTEXT('2D SPACE',''
  ) );
#6191 = ORIENTED_EDGE('',*,*,#6192,.T.);
#6192 = EDGE_CURVE('',#6170,#6170,#6193,.T.);
#6193 = SURFACE_CURVE('',#6194,(#6199,#6206),.PCURVE_S1.);
#6194 = CIRCLE('',#6195,4.5);
#6195 = AXIS2_PLACEMENT_3D('',#6196,#6197,#6198);
#6196 = CARTESIAN_POINT('',(0.,-63.,209.5));
#6197 = DIRECTION('',(0.,1.,0.));
#6198 = DIRECTION('',(0.,0.,1.));
#6199 = PCURVE('',#6145,#6200);
#6200 = DEFINITIONAL_REPRESENTATION('',(#6201),#6205);
#6201 = LINE('',#6202,#6203);
#6202 = CARTESIAN_POINT('',(0.,0.));
#6203 = VECTOR('',#6204,1.);
#6204 = DIRECTION('',(1.,0.));
#6205 = ( GEOMETRIC_REPRESENTATION_CONTEXT(2) 
PARAMETRIC_REPRESENTATION_CONTEXT() REPRESENTATION_CONTEXT('2D SPACE',''
  ) );
#6206 = PCURVE('',#6207,#6212);
#6207 = PLANE('',#6208);
#6208 = AXIS2_PLACEMENT_3D('',#6209,#6210,#6211);
#6209 = CARTESIAN_POINT('',(0.,-63.,209.5));
#6210 = DIRECTION('',(0.,1.,0.));
#6211 = DIRECTION('',(0.,0.,1.));
#6212 = DEFINITIONAL_REPRESENTATION('',(#6213),#6217);
#6213 = CIRCLE('',#6214,4.5);
#6214 = AXIS2_PLACEMENT_2D('',#6215,#6216);
#6215 = CARTESIAN_POINT('',(0.,0.));
#6216 = DIRECTION('',(1.,0.));
#6217 = ( GEOMETRIC_REPRESENTATION_CONTEXT(2) 
PARAMETRIC_REPRESENTATION_CONTEXT() REPRESENTATION_CONTEXT('2D SPACE',''
  ) );
#6218 = ORIENTED_EDGE('',*,*,#6169,.T.);
#6219 = ADVANCED_FACE('',(#6220),#6157,.T.);
#6220 = FACE_BOUND('',#6221,.T.);
#6221 = EDGE_LOOP('',(#6222));
#6222 = ORIENTED_EDGE('',*,*,#6135,.T.);
#6223 = ADVANCED_FACE('',(#6224),#6207,.F.);
#6224 = FACE_BOUND('',#6225,.T.);
#6225 = EDGE_LOOP('',(#6226));
#6226 = ORIENTED_EDGE('',*,*,#6192,.F.);
#6227 = MANIFOLD_SOLID_BREP('',#6228);
#6228 = CLOSED_SHELL('',(#6229,#6317,#6321));
#6229 = ADVANCED_FACE('',(#6230),#6243,.T.);
#6230 = FACE_BOUND('',#6231,.T.);
#6231 = EDGE_LOOP('',(#6232,#6266,#6289,#6316));
#6232 = ORIENTED_EDGE('',*,*,#6233,.F.);
#6233 = EDGE_CURVE('',#6234,#6234,#6236,.T.);
#6234 = VERTEX_POINT('',#6235);
#6235 = CARTESIAN_POINT('',(-9.5,14.,238.5));
#6236 = SURFACE_CURVE('',#6237,(#6242,#6254),.PCURVE_S1.);
#6237 = CIRCLE('',#6238,8.);
#6238 = AXIS2_PLACEMENT_3D('',#6239,#6240,#6241);
#6239 = CARTESIAN_POINT('',(-9.5,14.,230.5));
#6240 = DIRECTION('',(0.,1.,0.));
#6241 = DIRECTION('',(0.,0.,1.));
#6242 = PCURVE('',#6243,#6248);
#6243 = CYLINDRICAL_SURFACE('',#6244,8.);
#6244 = AXIS2_PLACEMENT_3D('',#6245,#6246,#6247);
#6245 = CARTESIAN_POINT('',(-9.5,-14.,230.5));
#6246 = DIRECTION('',(0.,1.,0.));
#6247 = DIRECTION('',(0.,0.,1.));
#6248 = DEFINITIONAL_REPRESENTATION('',(#6249),#6253);
#6249 = LINE('',#6250,#6251);
#6250 = CARTESIAN_POINT('',(0.,28.));
#6251 = VECTOR('',#6252,1.);
#6252 = DIRECTION('',(1.,0.));
#6253 = ( GEOMETRIC_REPRESENTATION_CONTEXT(2) 
PARAMETRIC_REPRESENTATION_CONTEXT() REPRESENTATION_CONTEXT('2D SPACE',''
  ) );
#6254 = PCURVE('',#6255,#6260);
#6255 = PLANE('',#6256);
#6256 = AXIS2_PLACEMENT_3D('',#6257,#6258,#6259);
#6257 = CARTESIAN_POINT('',(-9.5,14.,230.5));
#6258 = DIRECTION('',(0.,1.,0.));
#6259 = DIRECTION('',(0.,0.,1.));
#6260 = DEFINITIONAL_REPRESENTATION('',(#6261),#6265);
#6261 = CIRCLE('',#6262,8.);
#6262 = AXIS2_PLACEMENT_2D('',#6263,#6264);
#6263 = CARTESIAN_POINT('',(0.,0.));
#6264 = DIRECTION('',(1.,0.));
#6265 = ( GEOMETRIC_REPRESENTATION_CONTEXT(2) 
PARAMETRIC_REPRESENTATION_CONTEXT() REPRESENTATION_CONTEXT('2D SPACE',''
  ) );
#6266 = ORIENTED_EDGE('',*,*,#6267,.F.);
#6267 = EDGE_CURVE('',#6268,#6234,#6270,.T.);
#6268 = VERTEX_POINT('',#6269);
#6269 = CARTESIAN_POINT('',(-9.5,-14.,238.5));
#6270 = SEAM_CURVE('',#6271,(#6275,#6282),.PCURVE_S1.);
#6271 = LINE('',#6272,#6273);
#6272 = CARTESIAN_POINT('',(-9.5,-14.,238.5));
#6273 = VECTOR('',#6274,1.);
#6274 = DIRECTION('',(0.,1.,0.));
#6275 = PCURVE('',#6243,#6276);
#6276 = DEFINITIONAL_REPRESENTATION('',(#6277),#6281);
#6277 = LINE('',#6278,#6279);
#6278 = CARTESIAN_POINT('',(6.28318530718,-0.));
#6279 = VECTOR('',#6280,1.);
#6280 = DIRECTION('',(0.,1.));
#6281 = ( GEOMETRIC_REPRESENTATION_CONTEXT(2) 
PARAMETRIC_REPRESENTATION_CONTEXT() REPRESENTATION_CONTEXT('2D SPACE',''
  ) );
#6282 = PCURVE('',#6243,#6283);
#6283 = DEFINITIONAL_REPRESENTATION('',(#6284),#6288);
#6284 = LINE('',#6285,#6286);
#6285 = CARTESIAN_POINT('',(0.,-0.));
#6286 = VECTOR('',#6287,1.);
#6287 = DIRECTION('',(0.,1.));
#6288 = ( GEOMETRIC_REPRESENTATION_CONTEXT(2) 
PARAMETRIC_REPRESENTATION_CONTEXT() REPRESENTATION_CONTEXT('2D SPACE',''
  ) );
#6289 = ORIENTED_EDGE('',*,*,#6290,.T.);
#6290 = EDGE_CURVE('',#6268,#6268,#6291,.T.);
#6291 = SURFACE_CURVE('',#6292,(#6297,#6304),.PCURVE_S1.);
#6292 = CIRCLE('',#6293,8.);
#6293 = AXIS2_PLACEMENT_3D('',#6294,#6295,#6296);
#6294 = CARTESIAN_POINT('',(-9.5,-14.,230.5));
#6295 = DIRECTION('',(0.,1.,0.));
#6296 = DIRECTION('',(0.,0.,1.));
#6297 = PCURVE('',#6243,#6298);
#6298 = DEFINITIONAL_REPRESENTATION('',(#6299),#6303);
#6299 = LINE('',#6300,#6301);
#6300 = CARTESIAN_POINT('',(0.,0.));
#6301 = VECTOR('',#6302,1.);
#6302 = DIRECTION('',(1.,0.));
#6303 = ( GEOMETRIC_REPRESENTATION_CONTEXT(2) 
PARAMETRIC_REPRESENTATION_CONTEXT() REPRESENTATION_CONTEXT('2D SPACE',''
  ) );
#6304 = PCURVE('',#6305,#6310);
#6305 = PLANE('',#6306);
#6306 = AXIS2_PLACEMENT_3D('',#6307,#6308,#6309);
#6307 = CARTESIAN_POINT('',(-9.5,-14.,230.5));
#6308 = DIRECTION('',(0.,1.,0.));
#6309 = DIRECTION('',(0.,0.,1.));
#6310 = DEFINITIONAL_REPRESENTATION('',(#6311),#6315);
#6311 = CIRCLE('',#6312,8.);
#6312 = AXIS2_PLACEMENT_2D('',#6313,#6314);
#6313 = CARTESIAN_POINT('',(0.,0.));
#6314 = DIRECTION('',(1.,0.));
#6315 = ( GEOMETRIC_REPRESENTATION_CONTEXT(2) 
PARAMETRIC_REPRESENTATION_CONTEXT() REPRESENTATION_CONTEXT('2D SPACE',''
  ) );
#6316 = ORIENTED_EDGE('',*,*,#6267,.T.);
#6317 = ADVANCED_FACE('',(#6318),#6255,.T.);
#6318 = FACE_BOUND('',#6319,.T.);
#6319 = EDGE_LOOP('',(#6320));
#6320 = ORIENTED_EDGE('',*,*,#6233,.T.);
#6321 = ADVANCED_FACE('',(#6322),#6305,.F.);
#6322 = FACE_BOUND('',#6323,.T.);
#6323 = EDGE_LOOP('',(#6324));
#6324 = ORIENTED_EDGE('',*,*,#6290,.F.);
#6325 = MANIFOLD_SOLID_BREP('',#6326);
#6326 = CLOSED_SHELL('',(#6327,#6415,#6419));
#6327 = ADVANCED_FACE('',(#6328),#6341,.T.);
#6328 = FACE_BOUND('',#6329,.T.);
#6329 = EDGE_LOOP('',(#6330,#6364,#6387,#6414));
#6330 = ORIENTED_EDGE('',*,*,#6331,.F.);
#6331 = EDGE_CURVE('',#6332,#6332,#6334,.T.);
#6332 = VERTEX_POINT('',#6333);
#6333 = CARTESIAN_POINT('',(-9.5,21.,235.));
#6334 = SURFACE_CURVE('',#6335,(#6340,#6352),.PCURVE_S1.);
#6335 = CIRCLE('',#6336,4.5);
#6336 = AXIS2_PLACEMENT_3D('',#6337,#6338,#6339);
#6337 = CARTESIAN_POINT('',(-9.5,21.,230.5));
#6338 = DIRECTION('',(0.,1.,0.));
#6339 = DIRECTION('',(0.,0.,1.));
#6340 = PCURVE('',#6341,#6346);
#6341 = CYLINDRICAL_SURFACE('',#6342,4.5);
#6342 = AXIS2_PLACEMENT_3D('',#6343,#6344,#6345);
#6343 = CARTESIAN_POINT('',(-9.5,14.,230.5));
#6344 = DIRECTION('',(0.,1.,0.));
#6345 = DIRECTION('',(0.,0.,1.));
#6346 = DEFINITIONAL_REPRESENTATION('',(#6347),#6351);
#6347 = LINE('',#6348,#6349);
#6348 = CARTESIAN_POINT('',(0.,7.));
#6349 = VECTOR('',#6350,1.);
#6350 = DIRECTION('',(1.,0.));
#6351 = ( GEOMETRIC_REPRESENTATION_CONTEXT(2) 
PARAMETRIC_REPRESENTATION_CONTEXT() REPRESENTATION_CONTEXT('2D SPACE',''
  ) );
#6352 = PCURVE('',#6353,#6358);
#6353 = PLANE('',#6354);
#6354 = AXIS2_PLACEMENT_3D('',#6355,#6356,#6357);
#6355 = CARTESIAN_POINT('',(-9.5,21.,230.5));
#6356 = DIRECTION('',(0.,1.,0.));
#6357 = DIRECTION('',(0.,0.,1.));
#6358 = DEFINITIONAL_REPRESENTATION('',(#6359),#6363);
#6359 = CIRCLE('',#6360,4.5);
#6360 = AXIS2_PLACEMENT_2D('',#6361,#6362);
#6361 = CARTESIAN_POINT('',(0.,0.));
#6362 = DIRECTION('',(1.,0.));
#6363 = ( GEOMETRIC_REPRESENTATION_CONTEXT(2) 
PARAMETRIC_REPRESENTATION_CONTEXT() REPRESENTATION_CONTEXT('2D SPACE',''
  ) );
#6364 = ORIENTED_EDGE('',*,*,#6365,.F.);
#6365 = EDGE_CURVE('',#6366,#6332,#6368,.T.);
#6366 = VERTEX_POINT('',#6367);
#6367 = CARTESIAN_POINT('',(-9.5,14.,235.));
#6368 = SEAM_CURVE('',#6369,(#6373,#6380),.PCURVE_S1.);
#6369 = LINE('',#6370,#6371);
#6370 = CARTESIAN_POINT('',(-9.5,14.,235.));
#6371 = VECTOR('',#6372,1.);
#6372 = DIRECTION('',(0.,1.,0.));
#6373 = PCURVE('',#6341,#6374);
#6374 = DEFINITIONAL_REPRESENTATION('',(#6375),#6379);
#6375 = LINE('',#6376,#6377);
#6376 = CARTESIAN_POINT('',(6.28318530718,-0.));
#6377 = VECTOR('',#6378,1.);
#6378 = DIRECTION('',(0.,1.));
#6379 = ( GEOMETRIC_REPRESENTATION_CONTEXT(2) 
PARAMETRIC_REPRESENTATION_CONTEXT() REPRESENTATION_CONTEXT('2D SPACE',''
  ) );
#6380 = PCURVE('',#6341,#6381);
#6381 = DEFINITIONAL_REPRESENTATION('',(#6382),#6386);
#6382 = LINE('',#6383,#6384);
#6383 = CARTESIAN_POINT('',(0.,-0.));
#6384 = VECTOR('',#6385,1.);
#6385 = DIRECTION('',(0.,1.));
#6386 = ( GEOMETRIC_REPRESENTATION_CONTEXT(2) 
PARAMETRIC_REPRESENTATION_CONTEXT() REPRESENTATION_CONTEXT('2D SPACE',''
  ) );
#6387 = ORIENTED_EDGE('',*,*,#6388,.T.);
#6388 = EDGE_CURVE('',#6366,#6366,#6389,.T.);
#6389 = SURFACE_CURVE('',#6390,(#6395,#6402),.PCURVE_S1.);
#6390 = CIRCLE('',#6391,4.5);
#6391 = AXIS2_PLACEMENT_3D('',#6392,#6393,#6394);
#6392 = CARTESIAN_POINT('',(-9.5,14.,230.5));
#6393 = DIRECTION('',(0.,1.,0.));
#6394 = DIRECTION('',(0.,0.,1.));
#6395 = PCURVE('',#6341,#6396);
#6396 = DEFINITIONAL_REPRESENTATION('',(#6397),#6401);
#6397 = LINE('',#6398,#6399);
#6398 = CARTESIAN_POINT('',(0.,0.));
#6399 = VECTOR('',#6400,1.);
#6400 = DIRECTION('',(1.,0.));
#6401 = ( GEOMETRIC_REPRESENTATION_CONTEXT(2) 
PARAMETRIC_REPRESENTATION_CONTEXT() REPRESENTATION_CONTEXT('2D SPACE',''
  ) );
#6402 = PCURVE('',#6403,#6408);
#6403 = PLANE('',#6404);
#6404 = AXIS2_PLACEMENT_3D('',#6405,#6406,#6407);
#6405 = CARTESIAN_POINT('',(-9.5,14.,230.5));
#6406 = DIRECTION('',(0.,1.,0.));
#6407 = DIRECTION('',(0.,0.,1.));
#6408 = DEFINITIONAL_REPRESENTATION('',(#6409),#6413);
#6409 = CIRCLE('',#6410,4.5);
#6410 = AXIS2_PLACEMENT_2D('',#6411,#6412);
#6411 = CARTESIAN_POINT('',(0.,0.));
#6412 = DIRECTION('',(1.,0.));
#6413 = ( GEOMETRIC_REPRESENTATION_CONTEXT(2) 
PARAMETRIC_REPRESENTATION_CONTEXT() REPRESENTATION_CONTEXT('2D SPACE',''
  ) );
#6414 = ORIENTED_EDGE('',*,*,#6365,.T.);
#6415 = ADVANCED_FACE('',(#6416),#6353,.T.);
#6416 = FACE_BOUND('',#6417,.T.);
#6417 = EDGE_LOOP('',(#6418));
#6418 = ORIENTED_EDGE('',*,*,#6331,.T.);
#6419 = ADVANCED_FACE('',(#6420),#6403,.F.);
#6420 = FACE_BOUND('',#6421,.T.);
#6421 = EDGE_LOOP('',(#6422));
#6422 = ORIENTED_EDGE('',*,*,#6388,.F.);
#6423 = MANIFOLD_SOLID_BREP('',#6424);
#6424 = CLOSED_SHELL('',(#6425,#6513,#6517));
#6425 = ADVANCED_FACE('',(#6426),#6439,.T.);
#6426 = FACE_BOUND('',#6427,.T.);
#6427 = EDGE_LOOP('',(#6428,#6462,#6485,#6512));
#6428 = ORIENTED_EDGE('',*,*,#6429,.F.);
#6429 = EDGE_CURVE('',#6430,#6430,#6432,.T.);
#6430 = VERTEX_POINT('',#6431);
#6431 = CARTESIAN_POINT('',(9.5,14.,238.5));
#6432 = SURFACE_CURVE('',#6433,(#6438,#6450),.PCURVE_S1.);
#6433 = CIRCLE('',#6434,8.);
#6434 = AXIS2_PLACEMENT_3D('',#6435,#6436,#6437);
#6435 = CARTESIAN_POINT('',(9.5,14.,230.5));
#6436 = DIRECTION('',(0.,1.,0.));
#6437 = DIRECTION('',(0.,0.,1.));
#6438 = PCURVE('',#6439,#6444);
#6439 = CYLINDRICAL_SURFACE('',#6440,8.);
#6440 = AXIS2_PLACEMENT_3D('',#6441,#6442,#6443);
#6441 = CARTESIAN_POINT('',(9.5,-14.,230.5));
#6442 = DIRECTION('',(0.,1.,0.));
#6443 = DIRECTION('',(0.,0.,1.));
#6444 = DEFINITIONAL_REPRESENTATION('',(#6445),#6449);
#6445 = LINE('',#6446,#6447);
#6446 = CARTESIAN_POINT('',(0.,28.));
#6447 = VECTOR('',#6448,1.);
#6448 = DIRECTION('',(1.,0.));
#6449 = ( GEOMETRIC_REPRESENTATION_CONTEXT(2) 
PARAMETRIC_REPRESENTATION_CONTEXT() REPRESENTATION_CONTEXT('2D SPACE',''
  ) );
#6450 = PCURVE('',#6451,#6456);
#6451 = PLANE('',#6452);
#6452 = AXIS2_PLACEMENT_3D('',#6453,#6454,#6455);
#6453 = CARTESIAN_POINT('',(9.5,14.,230.5));
#6454 = DIRECTION('',(0.,1.,0.));
#6455 = DIRECTION('',(0.,0.,1.));
#6456 = DEFINITIONAL_REPRESENTATION('',(#6457),#6461);
#6457 = CIRCLE('',#6458,8.);
#6458 = AXIS2_PLACEMENT_2D('',#6459,#6460);
#6459 = CARTESIAN_POINT('',(0.,0.));
#6460 = DIRECTION('',(1.,0.));
#6461 = ( GEOMETRIC_REPRESENTATION_CONTEXT(2) 
PARAMETRIC_REPRESENTATION_CONTEXT() REPRESENTATION_CONTEXT('2D SPACE',''
  ) );
#6462 = ORIENTED_EDGE('',*,*,#6463,.F.);
#6463 = EDGE_CURVE('',#6464,#6430,#6466,.T.);
#6464 = VERTEX_POINT('',#6465);
#6465 = CARTESIAN_POINT('',(9.5,-14.,238.5));
#6466 = SEAM_CURVE('',#6467,(#6471,#6478),.PCURVE_S1.);
#6467 = LINE('',#6468,#6469);
#6468 = CARTESIAN_POINT('',(9.5,-14.,238.5));
#6469 = VECTOR('',#6470,1.);
#6470 = DIRECTION('',(0.,1.,0.));
#6471 = PCURVE('',#6439,#6472);
#6472 = DEFINITIONAL_REPRESENTATION('',(#6473),#6477);
#6473 = LINE('',#6474,#6475);
#6474 = CARTESIAN_POINT('',(6.28318530718,-0.));
#6475 = VECTOR('',#6476,1.);
#6476 = DIRECTION('',(0.,1.));
#6477 = ( GEOMETRIC_REPRESENTATION_CONTEXT(2) 
PARAMETRIC_REPRESENTATION_CONTEXT() REPRESENTATION_CONTEXT('2D SPACE',''
  ) );
#6478 = PCURVE('',#6439,#6479);
#6479 = DEFINITIONAL_REPRESENTATION('',(#6480),#6484);
#6480 = LINE('',#6481,#6482);
#6481 = CARTESIAN_POINT('',(0.,-0.));
#6482 = VECTOR('',#6483,1.);
#6483 = DIRECTION('',(0.,1.));
#6484 = ( GEOMETRIC_REPRESENTATION_CONTEXT(2) 
PARAMETRIC_REPRESENTATION_CONTEXT() REPRESENTATION_CONTEXT('2D SPACE',''
  ) );
#6485 = ORIENTED_EDGE('',*,*,#6486,.T.);
#6486 = EDGE_CURVE('',#6464,#6464,#6487,.T.);
#6487 = SURFACE_CURVE('',#6488,(#6493,#6500),.PCURVE_S1.);
#6488 = CIRCLE('',#6489,8.);
#6489 = AXIS2_PLACEMENT_3D('',#6490,#6491,#6492);
#6490 = CARTESIAN_POINT('',(9.5,-14.,230.5));
#6491 = DIRECTION('',(0.,1.,0.));
#6492 = DIRECTION('',(0.,0.,1.));
#6493 = PCURVE('',#6439,#6494);
#6494 = DEFINITIONAL_REPRESENTATION('',(#6495),#6499);
#6495 = LINE('',#6496,#6497);
#6496 = CARTESIAN_POINT('',(0.,0.));
#6497 = VECTOR('',#6498,1.);
#6498 = DIRECTION('',(1.,0.));
#6499 = ( GEOMETRIC_REPRESENTATION_CONTEXT(2) 
PARAMETRIC_REPRESENTATION_CONTEXT() REPRESENTATION_CONTEXT('2D SPACE',''
  ) );
#6500 = PCURVE('',#6501,#6506);
#6501 = PLANE('',#6502);
#6502 = AXIS2_PLACEMENT_3D('',#6503,#6504,#6505);
#6503 = CARTESIAN_POINT('',(9.5,-14.,230.5));
#6504 = DIRECTION('',(0.,1.,0.));
#6505 = DIRECTION('',(0.,0.,1.));
#6506 = DEFINITIONAL_REPRESENTATION('',(#6507),#6511);
#6507 = CIRCLE('',#6508,8.);
#6508 = AXIS2_PLACEMENT_2D('',#6509,#6510);
#6509 = CARTESIAN_POINT('',(0.,0.));
#6510 = DIRECTION('',(1.,0.));
#6511 = ( GEOMETRIC_REPRESENTATION_CONTEXT(2) 
PARAMETRIC_REPRESENTATION_CONTEXT() REPRESENTATION_CONTEXT('2D SPACE',''
  ) );
#6512 = ORIENTED_EDGE('',*,*,#6463,.T.);
#6513 = ADVANCED_FACE('',(#6514),#6451,.T.);
#6514 = FACE_BOUND('',#6515,.T.);
#6515 = EDGE_LOOP('',(#6516));
#6516 = ORIENTED_EDGE('',*,*,#6429,.T.);
#6517 = ADVANCED_FACE('',(#6518),#6501,.F.);
#6518 = FACE_BOUND('',#6519,.T.);
#6519 = EDGE_LOOP('',(#6520));
#6520 = ORIENTED_EDGE('',*,*,#6486,.F.);
#6521 = MANIFOLD_SOLID_BREP('',#6522);
#6522 = CLOSED_SHELL('',(#6523,#6611,#6615));
#6523 = ADVANCED_FACE('',(#6524),#6537,.T.);
#6524 = FACE_BOUND('',#6525,.T.);
#6525 = EDGE_LOOP('',(#6526,#6560,#6583,#6610));
#6526 = ORIENTED_EDGE('',*,*,#6527,.F.);
#6527 = EDGE_CURVE('',#6528,#6528,#6530,.T.);
#6528 = VERTEX_POINT('',#6529);
#6529 = CARTESIAN_POINT('',(9.5,21.,235.));
#6530 = SURFACE_CURVE('',#6531,(#6536,#6548),.PCURVE_S1.);
#6531 = CIRCLE('',#6532,4.5);
#6532 = AXIS2_PLACEMENT_3D('',#6533,#6534,#6535);
#6533 = CARTESIAN_POINT('',(9.5,21.,230.5));
#6534 = DIRECTION('',(0.,1.,0.));
#6535 = DIRECTION('',(0.,0.,1.));
#6536 = PCURVE('',#6537,#6542);
#6537 = CYLINDRICAL_SURFACE('',#6538,4.5);
#6538 = AXIS2_PLACEMENT_3D('',#6539,#6540,#6541);
#6539 = CARTESIAN_POINT('',(9.5,14.,230.5));
#6540 = DIRECTION('',(0.,1.,0.));
#6541 = DIRECTION('',(0.,0.,1.));
#6542 = DEFINITIONAL_REPRESENTATION('',(#6543),#6547);
#6543 = LINE('',#6544,#6545);
#6544 = CARTESIAN_POINT('',(0.,7.));
#6545 = VECTOR('',#6546,1.);
#6546 = DIRECTION('',(1.,0.));
#6547 = ( GEOMETRIC_REPRESENTATION_CONTEXT(2) 
PARAMETRIC_REPRESENTATION_CONTEXT() REPRESENTATION_CONTEXT('2D SPACE',''
  ) );
#6548 = PCURVE('',#6549,#6554);
#6549 = PLANE('',#6550);
#6550 = AXIS2_PLACEMENT_3D('',#6551,#6552,#6553);
#6551 = CARTESIAN_POINT('',(9.5,21.,230.5));
#6552 = DIRECTION('',(0.,1.,0.));
#6553 = DIRECTION('',(0.,0.,1.));
#6554 = DEFINITIONAL_REPRESENTATION('',(#6555),#6559);
#6555 = CIRCLE('',#6556,4.5);
#6556 = AXIS2_PLACEMENT_2D('',#6557,#6558);
#6557 = CARTESIAN_POINT('',(0.,0.));
#6558 = DIRECTION('',(1.,0.));
#6559 = ( GEOMETRIC_REPRESENTATION_CONTEXT(2) 
PARAMETRIC_REPRESENTATION_CONTEXT() REPRESENTATION_CONTEXT('2D SPACE',''
  ) );
#6560 = ORIENTED_EDGE('',*,*,#6561,.F.);
#6561 = EDGE_CURVE('',#6562,#6528,#6564,.T.);
#6562 = VERTEX_POINT('',#6563);
#6563 = CARTESIAN_POINT('',(9.5,14.,235.));
#6564 = SEAM_CURVE('',#6565,(#6569,#6576),.PCURVE_S1.);
#6565 = LINE('',#6566,#6567);
#6566 = CARTESIAN_POINT('',(9.5,14.,235.));
#6567 = VECTOR('',#6568,1.);
#6568 = DIRECTION('',(0.,1.,0.));
#6569 = PCURVE('',#6537,#6570);
#6570 = DEFINITIONAL_REPRESENTATION('',(#6571),#6575);
#6571 = LINE('',#6572,#6573);
#6572 = CARTESIAN_POINT('',(6.28318530718,-0.));
#6573 = VECTOR('',#6574,1.);
#6574 = DIRECTION('',(0.,1.));
#6575 = ( GEOMETRIC_REPRESENTATION_CONTEXT(2) 
PARAMETRIC_REPRESENTATION_CONTEXT() REPRESENTATION_CONTEXT('2D SPACE',''
  ) );
#6576 = PCURVE('',#6537,#6577);
#6577 = DEFINITIONAL_REPRESENTATION('',(#6578),#6582);
#6578 = LINE('',#6579,#6580);
#6579 = CARTESIAN_POINT('',(0.,-0.));
#6580 = VECTOR('',#6581,1.);
#6581 = DIRECTION('',(0.,1.));
#6582 = ( GEOMETRIC_REPRESENTATION_CONTEXT(2) 
PARAMETRIC_REPRESENTATION_CONTEXT() REPRESENTATION_CONTEXT('2D SPACE',''
  ) );
#6583 = ORIENTED_EDGE('',*,*,#6584,.T.);
#6584 = EDGE_CURVE('',#6562,#6562,#6585,.T.);
#6585 = SURFACE_CURVE('',#6586,(#6591,#6598),.PCURVE_S1.);
#6586 = CIRCLE('',#6587,4.5);
#6587 = AXIS2_PLACEMENT_3D('',#6588,#6589,#6590);
#6588 = CARTESIAN_POINT('',(9.5,14.,230.5));
#6589 = DIRECTION('',(0.,1.,0.));
#6590 = DIRECTION('',(0.,0.,1.));
#6591 = PCURVE('',#6537,#6592);
#6592 = DEFINITIONAL_REPRESENTATION('',(#6593),#6597);
#6593 = LINE('',#6594,#6595);
#6594 = CARTESIAN_POINT('',(0.,0.));
#6595 = VECTOR('',#6596,1.);
#6596 = DIRECTION('',(1.,0.));
#6597 = ( GEOMETRIC_REPRESENTATION_CONTEXT(2) 
PARAMETRIC_REPRESENTATION_CONTEXT() REPRESENTATION_CONTEXT('2D SPACE',''
  ) );
#6598 = PCURVE('',#6599,#6604);
#6599 = PLANE('',#6600);
#6600 = AXIS2_PLACEMENT_3D('',#6601,#6602,#6603);
#6601 = CARTESIAN_POINT('',(9.5,14.,230.5));
#6602 = DIRECTION('',(0.,1.,0.));
#6603 = DIRECTION('',(0.,0.,1.));
#6604 = DEFINITIONAL_REPRESENTATION('',(#6605),#6609);
#6605 = CIRCLE('',#6606,4.5);
#6606 = AXIS2_PLACEMENT_2D('',#6607,#6608);
#6607 = CARTESIAN_POINT('',(0.,0.));
#6608 = DIRECTION('',(1.,0.));
#6609 = ( GEOMETRIC_REPRESENTATION_CONTEXT(2) 
PARAMETRIC_REPRESENTATION_CONTEXT() REPRESENTATION_CONTEXT('2D SPACE',''
  ) );
#6610 = ORIENTED_EDGE('',*,*,#6561,.T.);
#6611 = ADVANCED_FACE('',(#6612),#6549,.T.);
#6612 = FACE_BOUND('',#6613,.T.);
#6613 = EDGE_LOOP('',(#6614));
#6614 = ORIENTED_EDGE('',*,*,#6527,.T.);
#6615 = ADVANCED_FACE('',(#6616),#6599,.F.);
#6616 = FACE_BOUND('',#6617,.T.);
#6617 = EDGE_LOOP('',(#6618));
#6618 = ORIENTED_EDGE('',*,*,#6584,.F.);
#6619 = MANIFOLD_SOLID_BREP('',#6620);
#6620 = CLOSED_SHELL('',(#6621,#6709,#6713));
#6621 = ADVANCED_FACE('',(#6622),#6635,.T.);
#6622 = FACE_BOUND('',#6623,.T.);
#6623 = EDGE_LOOP('',(#6624,#6658,#6681,#6708));
#6624 = ORIENTED_EDGE('',*,*,#6625,.F.);
#6625 = EDGE_CURVE('',#6626,#6626,#6628,.T.);
#6626 = VERTEX_POINT('',#6627);
#6627 = CARTESIAN_POINT('',(-9.5,14.,257.5));
#6628 = SURFACE_CURVE('',#6629,(#6634,#6646),.PCURVE_S1.);
#6629 = CIRCLE('',#6630,8.);
#6630 = AXIS2_PLACEMENT_3D('',#6631,#6632,#6633);
#6631 = CARTESIAN_POINT('',(-9.5,14.,249.5));
#6632 = DIRECTION('',(0.,1.,0.));
#6633 = DIRECTION('',(0.,0.,1.));
#6634 = PCURVE('',#6635,#6640);
#6635 = CYLINDRICAL_SURFACE('',#6636,8.);
#6636 = AXIS2_PLACEMENT_3D('',#6637,#6638,#6639);
#6637 = CARTESIAN_POINT('',(-9.5,-14.,249.5));
#6638 = DIRECTION('',(0.,1.,0.));
#6639 = DIRECTION('',(0.,0.,1.));
#6640 = DEFINITIONAL_REPRESENTATION('',(#6641),#6645);
#6641 = LINE('',#6642,#6643);
#6642 = CARTESIAN_POINT('',(0.,28.));
#6643 = VECTOR('',#6644,1.);
#6644 = DIRECTION('',(1.,0.));
#6645 = ( GEOMETRIC_REPRESENTATION_CONTEXT(2) 
PARAMETRIC_REPRESENTATION_CONTEXT() REPRESENTATION_CONTEXT('2D SPACE',''
  ) );
#6646 = PCURVE('',#6647,#6652);
#6647 = PLANE('',#6648);
#6648 = AXIS2_PLACEMENT_3D('',#6649,#6650,#6651);
#6649 = CARTESIAN_POINT('',(-9.5,14.,249.5));
#6650 = DIRECTION('',(0.,1.,0.));
#6651 = DIRECTION('',(0.,0.,1.));
#6652 = DEFINITIONAL_REPRESENTATION('',(#6653),#6657);
#6653 = CIRCLE('',#6654,8.);
#6654 = AXIS2_PLACEMENT_2D('',#6655,#6656);
#6655 = CARTESIAN_POINT('',(0.,0.));
#6656 = DIRECTION('',(1.,0.));
#6657 = ( GEOMETRIC_REPRESENTATION_CONTEXT(2) 
PARAMETRIC_REPRESENTATION_CONTEXT() REPRESENTATION_CONTEXT('2D SPACE',''
  ) );
#6658 = ORIENTED_EDGE('',*,*,#6659,.F.);
#6659 = EDGE_CURVE('',#6660,#6626,#6662,.T.);
#6660 = VERTEX_POINT('',#6661);
#6661 = CARTESIAN_POINT('',(-9.5,-14.,257.5));
#6662 = SEAM_CURVE('',#6663,(#6667,#6674),.PCURVE_S1.);
#6663 = LINE('',#6664,#6665);
#6664 = CARTESIAN_POINT('',(-9.5,-14.,257.5));
#6665 = VECTOR('',#6666,1.);
#6666 = DIRECTION('',(0.,1.,0.));
#6667 = PCURVE('',#6635,#6668);
#6668 = DEFINITIONAL_REPRESENTATION('',(#6669),#6673);
#6669 = LINE('',#6670,#6671);
#6670 = CARTESIAN_POINT('',(6.28318530718,-0.));
#6671 = VECTOR('',#6672,1.);
#6672 = DIRECTION('',(0.,1.));
#6673 = ( GEOMETRIC_REPRESENTATION_CONTEXT(2) 
PARAMETRIC_REPRESENTATION_CONTEXT() REPRESENTATION_CONTEXT('2D SPACE',''
  ) );
#6674 = PCURVE('',#6635,#6675);
#6675 = DEFINITIONAL_REPRESENTATION('',(#6676),#6680);
#6676 = LINE('',#6677,#6678);
#6677 = CARTESIAN_POINT('',(0.,-0.));
#6678 = VECTOR('',#6679,1.);
#6679 = DIRECTION('',(0.,1.));
#6680 = ( GEOMETRIC_REPRESENTATION_CONTEXT(2) 
PARAMETRIC_REPRESENTATION_CONTEXT() REPRESENTATION_CONTEXT('2D SPACE',''
  ) );
#6681 = ORIENTED_EDGE('',*,*,#6682,.T.);
#6682 = EDGE_CURVE('',#6660,#6660,#6683,.T.);
#6683 = SURFACE_CURVE('',#6684,(#6689,#6696),.PCURVE_S1.);
#6684 = CIRCLE('',#6685,8.);
#6685 = AXIS2_PLACEMENT_3D('',#6686,#6687,#6688);
#6686 = CARTESIAN_POINT('',(-9.5,-14.,249.5));
#6687 = DIRECTION('',(0.,1.,0.));
#6688 = DIRECTION('',(0.,0.,1.));
#6689 = PCURVE('',#6635,#6690);
#6690 = DEFINITIONAL_REPRESENTATION('',(#6691),#6695);
#6691 = LINE('',#6692,#6693);
#6692 = CARTESIAN_POINT('',(0.,0.));
#6693 = VECTOR('',#6694,1.);
#6694 = DIRECTION('',(1.,0.));
#6695 = ( GEOMETRIC_REPRESENTATION_CONTEXT(2) 
PARAMETRIC_REPRESENTATION_CONTEXT() REPRESENTATION_CONTEXT('2D SPACE',''
  ) );
#6696 = PCURVE('',#6697,#6702);
#6697 = PLANE('',#6698);
#6698 = AXIS2_PLACEMENT_3D('',#6699,#6700,#6701);
#6699 = CARTESIAN_POINT('',(-9.5,-14.,249.5));
#6700 = DIRECTION('',(0.,1.,0.));
#6701 = DIRECTION('',(0.,0.,1.));
#6702 = DEFINITIONAL_REPRESENTATION('',(#6703),#6707);
#6703 = CIRCLE('',#6704,8.);
#6704 = AXIS2_PLACEMENT_2D('',#6705,#6706);
#6705 = CARTESIAN_POINT('',(0.,0.));
#6706 = DIRECTION('',(1.,0.));
#6707 = ( GEOMETRIC_REPRESENTATION_CONTEXT(2) 
PARAMETRIC_REPRESENTATION_CONTEXT() REPRESENTATION_CONTEXT('2D SPACE',''
  ) );
#6708 = ORIENTED_EDGE('',*,*,#6659,.T.);
#6709 = ADVANCED_FACE('',(#6710),#6647,.T.);
#6710 = FACE_BOUND('',#6711,.T.);
#6711 = EDGE_LOOP('',(#6712));
#6712 = ORIENTED_EDGE('',*,*,#6625,.T.);
#6713 = ADVANCED_FACE('',(#6714),#6697,.F.);
#6714 = FACE_BOUND('',#6715,.T.);
#6715 = EDGE_LOOP('',(#6716));
#6716 = ORIENTED_EDGE('',*,*,#6682,.F.);
#6717 = MANIFOLD_SOLID_BREP('',#6718);
#6718 = CLOSED_SHELL('',(#6719,#6807,#6811));
#6719 = ADVANCED_FACE('',(#6720),#6733,.T.);
#6720 = FACE_BOUND('',#6721,.T.);
#6721 = EDGE_LOOP('',(#6722,#6756,#6779,#6806));
#6722 = ORIENTED_EDGE('',*,*,#6723,.F.);
#6723 = EDGE_CURVE('',#6724,#6724,#6726,.T.);
#6724 = VERTEX_POINT('',#6725);
#6725 = CARTESIAN_POINT('',(-9.5,21.,254.));
#6726 = SURFACE_CURVE('',#6727,(#6732,#6744),.PCURVE_S1.);
#6727 = CIRCLE('',#6728,4.5);
#6728 = AXIS2_PLACEMENT_3D('',#6729,#6730,#6731);
#6729 = CARTESIAN_POINT('',(-9.5,21.,249.5));
#6730 = DIRECTION('',(0.,1.,0.));
#6731 = DIRECTION('',(0.,0.,1.));
#6732 = PCURVE('',#6733,#6738);
#6733 = CYLINDRICAL_SURFACE('',#6734,4.5);
#6734 = AXIS2_PLACEMENT_3D('',#6735,#6736,#6737);
#6735 = CARTESIAN_POINT('',(-9.5,14.,249.5));
#6736 = DIRECTION('',(0.,1.,0.));
#6737 = DIRECTION('',(0.,0.,1.));
#6738 = DEFINITIONAL_REPRESENTATION('',(#6739),#6743);
#6739 = LINE('',#6740,#6741);
#6740 = CARTESIAN_POINT('',(0.,7.));
#6741 = VECTOR('',#6742,1.);
#6742 = DIRECTION('',(1.,0.));
#6743 = ( GEOMETRIC_REPRESENTATION_CONTEXT(2) 
PARAMETRIC_REPRESENTATION_CONTEXT() REPRESENTATION_CONTEXT('2D SPACE',''
  ) );
#6744 = PCURVE('',#6745,#6750);
#6745 = PLANE('',#6746);
#6746 = AXIS2_PLACEMENT_3D('',#6747,#6748,#6749);
#6747 = CARTESIAN_POINT('',(-9.5,21.,249.5));
#6748 = DIRECTION('',(0.,1.,0.));
#6749 = DIRECTION('',(0.,0.,1.));
#6750 = DEFINITIONAL_REPRESENTATION('',(#6751),#6755);
#6751 = CIRCLE('',#6752,4.5);
#6752 = AXIS2_PLACEMENT_2D('',#6753,#6754);
#6753 = CARTESIAN_POINT('',(0.,0.));
#6754 = DIRECTION('',(1.,0.));
#6755 = ( GEOMETRIC_REPRESENTATION_CONTEXT(2) 
PARAMETRIC_REPRESENTATION_CONTEXT() REPRESENTATION_CONTEXT('2D SPACE',''
  ) );
#6756 = ORIENTED_EDGE('',*,*,#6757,.F.);
#6757 = EDGE_CURVE('',#6758,#6724,#6760,.T.);
#6758 = VERTEX_POINT('',#6759);
#6759 = CARTESIAN_POINT('',(-9.5,14.,254.));
#6760 = SEAM_CURVE('',#6761,(#6765,#6772),.PCURVE_S1.);
#6761 = LINE('',#6762,#6763);
#6762 = CARTESIAN_POINT('',(-9.5,14.,254.));
#6763 = VECTOR('',#6764,1.);
#6764 = DIRECTION('',(0.,1.,0.));
#6765 = PCURVE('',#6733,#6766);
#6766 = DEFINITIONAL_REPRESENTATION('',(#6767),#6771);
#6767 = LINE('',#6768,#6769);
#6768 = CARTESIAN_POINT('',(6.28318530718,-0.));
#6769 = VECTOR('',#6770,1.);
#6770 = DIRECTION('',(0.,1.));
#6771 = ( GEOMETRIC_REPRESENTATION_CONTEXT(2) 
PARAMETRIC_REPRESENTATION_CONTEXT() REPRESENTATION_CONTEXT('2D SPACE',''
  ) );
#6772 = PCURVE('',#6733,#6773);
#6773 = DEFINITIONAL_REPRESENTATION('',(#6774),#6778);
#6774 = LINE('',#6775,#6776);
#6775 = CARTESIAN_POINT('',(0.,-0.));
#6776 = VECTOR('',#6777,1.);
#6777 = DIRECTION('',(0.,1.));
#6778 = ( GEOMETRIC_REPRESENTATION_CONTEXT(2) 
PARAMETRIC_REPRESENTATION_CONTEXT() REPRESENTATION_CONTEXT('2D SPACE',''
  ) );
#6779 = ORIENTED_EDGE('',*,*,#6780,.T.);
#6780 = EDGE_CURVE('',#6758,#6758,#6781,.T.);
#6781 = SURFACE_CURVE('',#6782,(#6787,#6794),.PCURVE_S1.);
#6782 = CIRCLE('',#6783,4.5);
#6783 = AXIS2_PLACEMENT_3D('',#6784,#6785,#6786);
#6784 = CARTESIAN_POINT('',(-9.5,14.,249.5));
#6785 = DIRECTION('',(0.,1.,0.));
#6786 = DIRECTION('',(0.,0.,1.));
#6787 = PCURVE('',#6733,#6788);
#6788 = DEFINITIONAL_REPRESENTATION('',(#6789),#6793);
#6789 = LINE('',#6790,#6791);
#6790 = CARTESIAN_POINT('',(0.,0.));
#6791 = VECTOR('',#6792,1.);
#6792 = DIRECTION('',(1.,0.));
#6793 = ( GEOMETRIC_REPRESENTATION_CONTEXT(2) 
PARAMETRIC_REPRESENTATION_CONTEXT() REPRESENTATION_CONTEXT('2D SPACE',''
  ) );
#6794 = PCURVE('',#6795,#6800);
#6795 = PLANE('',#6796);
#6796 = AXIS2_PLACEMENT_3D('',#6797,#6798,#6799);
#6797 = CARTESIAN_POINT('',(-9.5,14.,249.5));
#6798 = DIRECTION('',(0.,1.,0.));
#6799 = DIRECTION('',(0.,0.,1.));
#6800 = DEFINITIONAL_REPRESENTATION('',(#6801),#6805);
#6801 = CIRCLE('',#6802,4.5);
#6802 = AXIS2_PLACEMENT_2D('',#6803,#6804);
#6803 = CARTESIAN_POINT('',(0.,0.));
#6804 = DIRECTION('',(1.,0.));
#6805 = ( GEOMETRIC_REPRESENTATION_CONTEXT(2) 
PARAMETRIC_REPRESENTATION_CONTEXT() REPRESENTATION_CONTEXT('2D SPACE',''
  ) );
#6806 = ORIENTED_EDGE('',*,*,#6757,.T.);
#6807 = ADVANCED_FACE('',(#6808),#6745,.T.);
#6808 = FACE_BOUND('',#6809,.T.);
#6809 = EDGE_LOOP('',(#6810));
#6810 = ORIENTED_EDGE('',*,*,#6723,.T.);
#6811 = ADVANCED_FACE('',(#6812),#6795,.F.);
#6812 = FACE_BOUND('',#6813,.T.);
#6813 = EDGE_LOOP('',(#6814));
#6814 = ORIENTED_EDGE('',*,*,#6780,.F.);
#6815 = MANIFOLD_SOLID_BREP('',#6816);
#6816 = CLOSED_SHELL('',(#6817,#6905,#6909));
#6817 = ADVANCED_FACE('',(#6818),#6831,.T.);
#6818 = FACE_BOUND('',#6819,.T.);
#6819 = EDGE_LOOP('',(#6820,#6854,#6877,#6904));
#6820 = ORIENTED_EDGE('',*,*,#6821,.F.);
#6821 = EDGE_CURVE('',#6822,#6822,#6824,.T.);
#6822 = VERTEX_POINT('',#6823);
#6823 = CARTESIAN_POINT('',(9.5,14.,257.5));
#6824 = SURFACE_CURVE('',#6825,(#6830,#6842),.PCURVE_S1.);
#6825 = CIRCLE('',#6826,8.);
#6826 = AXIS2_PLACEMENT_3D('',#6827,#6828,#6829);
#6827 = CARTESIAN_POINT('',(9.5,14.,249.5));
#6828 = DIRECTION('',(0.,1.,0.));
#6829 = DIRECTION('',(0.,0.,1.));
#6830 = PCURVE('',#6831,#6836);
#6831 = CYLINDRICAL_SURFACE('',#6832,8.);
#6832 = AXIS2_PLACEMENT_3D('',#6833,#6834,#6835);
#6833 = CARTESIAN_POINT('',(9.5,-14.,249.5));
#6834 = DIRECTION('',(0.,1.,0.));
#6835 = DIRECTION('',(0.,0.,1.));
#6836 = DEFINITIONAL_REPRESENTATION('',(#6837),#6841);
#6837 = LINE('',#6838,#6839);
#6838 = CARTESIAN_POINT('',(0.,28.));
#6839 = VECTOR('',#6840,1.);
#6840 = DIRECTION('',(1.,0.));
#6841 = ( GEOMETRIC_REPRESENTATION_CONTEXT(2) 
PARAMETRIC_REPRESENTATION_CONTEXT() REPRESENTATION_CONTEXT('2D SPACE',''
  ) );
#6842 = PCURVE('',#6843,#6848);
#6843 = PLANE('',#6844);
#6844 = AXIS2_PLACEMENT_3D('',#6845,#6846,#6847);
#6845 = CARTESIAN_POINT('',(9.5,14.,249.5));
#6846 = DIRECTION('',(0.,1.,0.));
#6847 = DIRECTION('',(0.,0.,1.));
#6848 = DEFINITIONAL_REPRESENTATION('',(#6849),#6853);
#6849 = CIRCLE('',#6850,8.);
#6850 = AXIS2_PLACEMENT_2D('',#6851,#6852);
#6851 = CARTESIAN_POINT('',(0.,0.));
#6852 = DIRECTION('',(1.,0.));
#6853 = ( GEOMETRIC_REPRESENTATION_CONTEXT(2) 
PARAMETRIC_REPRESENTATION_CONTEXT() REPRESENTATION_CONTEXT('2D SPACE',''
  ) );
#6854 = ORIENTED_EDGE('',*,*,#6855,.F.);
#6855 = EDGE_CURVE('',#6856,#6822,#6858,.T.);
#6856 = VERTEX_POINT('',#6857);
#6857 = CARTESIAN_POINT('',(9.5,-14.,257.5));
#6858 = SEAM_CURVE('',#6859,(#6863,#6870),.PCURVE_S1.);
#6859 = LINE('',#6860,#6861);
#6860 = CARTESIAN_POINT('',(9.5,-14.,257.5));
#6861 = VECTOR('',#6862,1.);
#6862 = DIRECTION('',(0.,1.,0.));
#6863 = PCURVE('',#6831,#6864);
#6864 = DEFINITIONAL_REPRESENTATION('',(#6865),#6869);
#6865 = LINE('',#6866,#6867);
#6866 = CARTESIAN_POINT('',(6.28318530718,-0.));
#6867 = VECTOR('',#6868,1.);
#6868 = DIRECTION('',(0.,1.));
#6869 = ( GEOMETRIC_REPRESENTATION_CONTEXT(2) 
PARAMETRIC_REPRESENTATION_CONTEXT() REPRESENTATION_CONTEXT('2D SPACE',''
  ) );
#6870 = PCURVE('',#6831,#6871);
#6871 = DEFINITIONAL_REPRESENTATION('',(#6872),#6876);
#6872 = LINE('',#6873,#6874);
#6873 = CARTESIAN_POINT('',(0.,-0.));
#6874 = VECTOR('',#6875,1.);
#6875 = DIRECTION('',(0.,1.));
#6876 = ( GEOMETRIC_REPRESENTATION_CONTEXT(2) 
PARAMETRIC_REPRESENTATION_CONTEXT() REPRESENTATION_CONTEXT('2D SPACE',''
  ) );
#6877 = ORIENTED_EDGE('',*,*,#6878,.T.);
#6878 = EDGE_CURVE('',#6856,#6856,#6879,.T.);
#6879 = SURFACE_CURVE('',#6880,(#6885,#6892),.PCURVE_S1.);
#6880 = CIRCLE('',#6881,8.);
#6881 = AXIS2_PLACEMENT_3D('',#6882,#6883,#6884);
#6882 = CARTESIAN_POINT('',(9.5,-14.,249.5));
#6883 = DIRECTION('',(0.,1.,0.));
#6884 = DIRECTION('',(0.,0.,1.));
#6885 = PCURVE('',#6831,#6886);
#6886 = DEFINITIONAL_REPRESENTATION('',(#6887),#6891);
#6887 = LINE('',#6888,#6889);
#6888 = CARTESIAN_POINT('',(0.,0.));
#6889 = VECTOR('',#6890,1.);
#6890 = DIRECTION('',(1.,0.));
#6891 = ( GEOMETRIC_REPRESENTATION_CONTEXT(2) 
PARAMETRIC_REPRESENTATION_CONTEXT() REPRESENTATION_CONTEXT('2D SPACE',''
  ) );
#6892 = PCURVE('',#6893,#6898);
#6893 = PLANE('',#6894);
#6894 = AXIS2_PLACEMENT_3D('',#6895,#6896,#6897);
#6895 = CARTESIAN_POINT('',(9.5,-14.,249.5));
#6896 = DIRECTION('',(0.,1.,0.));
#6897 = DIRECTION('',(0.,0.,1.));
#6898 = DEFINITIONAL_REPRESENTATION('',(#6899),#6903);
#6899 = CIRCLE('',#6900,8.);
#6900 = AXIS2_PLACEMENT_2D('',#6901,#6902);
#6901 = CARTESIAN_POINT('',(0.,0.));
#6902 = DIRECTION('',(1.,0.));
#6903 = ( GEOMETRIC_REPRESENTATION_CONTEXT(2) 
PARAMETRIC_REPRESENTATION_CONTEXT() REPRESENTATION_CONTEXT('2D SPACE',''
  ) );
#6904 = ORIENTED_EDGE('',*,*,#6855,.T.);
#6905 = ADVANCED_FACE('',(#6906),#6843,.T.);
#6906 = FACE_BOUND('',#6907,.T.);
#6907 = EDGE_LOOP('',(#6908));
#6908 = ORIENTED_EDGE('',*,*,#6821,.T.);
#6909 = ADVANCED_FACE('',(#6910),#6893,.F.);
#6910 = FACE_BOUND('',#6911,.T.);
#6911 = EDGE_LOOP('',(#6912));
#6912 = ORIENTED_EDGE('',*,*,#6878,.F.);
#6913 = MANIFOLD_SOLID_BREP('',#6914);
#6914 = CLOSED_SHELL('',(#6915,#7003,#7007));
#6915 = ADVANCED_FACE('',(#6916),#6929,.T.);
#6916 = FACE_BOUND('',#6917,.T.);
#6917 = EDGE_LOOP('',(#6918,#6952,#6975,#7002));
#6918 = ORIENTED_EDGE('',*,*,#6919,.F.);
#6919 = EDGE_CURVE('',#6920,#6920,#6922,.T.);
#6920 = VERTEX_POINT('',#6921);
#6921 = CARTESIAN_POINT('',(9.5,21.,254.));
#6922 = SURFACE_CURVE('',#6923,(#6928,#6940),.PCURVE_S1.);
#6923 = CIRCLE('',#6924,4.5);
#6924 = AXIS2_PLACEMENT_3D('',#6925,#6926,#6927);
#6925 = CARTESIAN_POINT('',(9.5,21.,249.5));
#6926 = DIRECTION('',(0.,1.,0.));
#6927 = DIRECTION('',(0.,0.,1.));
#6928 = PCURVE('',#6929,#6934);
#6929 = CYLINDRICAL_SURFACE('',#6930,4.5);
#6930 = AXIS2_PLACEMENT_3D('',#6931,#6932,#6933);
#6931 = CARTESIAN_POINT('',(9.5,14.,249.5));
#6932 = DIRECTION('',(0.,1.,0.));
#6933 = DIRECTION('',(0.,0.,1.));
#6934 = DEFINITIONAL_REPRESENTATION('',(#6935),#6939);
#6935 = LINE('',#6936,#6937);
#6936 = CARTESIAN_POINT('',(0.,7.));
#6937 = VECTOR('',#6938,1.);
#6938 = DIRECTION('',(1.,0.));
#6939 = ( GEOMETRIC_REPRESENTATION_CONTEXT(2) 
PARAMETRIC_REPRESENTATION_CONTEXT() REPRESENTATION_CONTEXT('2D SPACE',''
  ) );
#6940 = PCURVE('',#6941,#6946);
#6941 = PLANE('',#6942);
#6942 = AXIS2_PLACEMENT_3D('',#6943,#6944,#6945);
#6943 = CARTESIAN_POINT('',(9.5,21.,249.5));
#6944 = DIRECTION('',(0.,1.,0.));
#6945 = DIRECTION('',(0.,0.,1.));
#6946 = DEFINITIONAL_REPRESENTATION('',(#6947),#6951);
#6947 = CIRCLE('',#6948,4.5);
#6948 = AXIS2_PLACEMENT_2D('',#6949,#6950);
#6949 = CARTESIAN_POINT('',(0.,0.));
#6950 = DIRECTION('',(1.,0.));
#6951 = ( GEOMETRIC_REPRESENTATION_CONTEXT(2) 
PARAMETRIC_REPRESENTATION_CONTEXT() REPRESENTATION_CONTEXT('2D SPACE',''
  ) );
#6952 = ORIENTED_EDGE('',*,*,#6953,.F.);
#6953 = EDGE_CURVE('',#6954,#6920,#6956,.T.);
#6954 = VERTEX_POINT('',#6955);
#6955 = CARTESIAN_POINT('',(9.5,14.,254.));
#6956 = SEAM_CURVE('',#6957,(#6961,#6968),.PCURVE_S1.);
#6957 = LINE('',#6958,#6959);
#6958 = CARTESIAN_POINT('',(9.5,14.,254.));
#6959 = VECTOR('',#6960,1.);
#6960 = DIRECTION('',(0.,1.,0.));
#6961 = PCURVE('',#6929,#6962);
#6962 = DEFINITIONAL_REPRESENTATION('',(#6963),#6967);
#6963 = LINE('',#6964,#6965);
#6964 = CARTESIAN_POINT('',(6.28318530718,-0.));
#6965 = VECTOR('',#6966,1.);
#6966 = DIRECTION('',(0.,1.));
#6967 = ( GEOMETRIC_REPRESENTATION_CONTEXT(2) 
PARAMETRIC_REPRESENTATION_CONTEXT() REPRESENTATION_CONTEXT('2D SPACE',''
  ) );
#6968 = PCURVE('',#6929,#6969);
#6969 = DEFINITIONAL_REPRESENTATION('',(#6970),#6974);
#6970 = LINE('',#6971,#6972);
#6971 = CARTESIAN_POINT('',(0.,-0.));
#6972 = VECTOR('',#6973,1.);
#6973 = DIRECTION('',(0.,1.));
#6974 = ( GEOMETRIC_REPRESENTATION_CONTEXT(2) 
PARAMETRIC_REPRESENTATION_CONTEXT() REPRESENTATION_CONTEXT('2D SPACE',''
  ) );
#6975 = ORIENTED_EDGE('',*,*,#6976,.T.);
#6976 = EDGE_CURVE('',#6954,#6954,#6977,.T.);
#6977 = SURFACE_CURVE('',#6978,(#6983,#6990),.PCURVE_S1.);
#6978 = CIRCLE('',#6979,4.5);
#6979 = AXIS2_PLACEMENT_3D('',#6980,#6981,#6982);
#6980 = CARTESIAN_POINT('',(9.5,14.,249.5));
#6981 = DIRECTION('',(0.,1.,0.));
#6982 = DIRECTION('',(0.,0.,1.));
#6983 = PCURVE('',#6929,#6984);
#6984 = DEFINITIONAL_REPRESENTATION('',(#6985),#6989);
#6985 = LINE('',#6986,#6987);
#6986 = CARTESIAN_POINT('',(0.,0.));
#6987 = VECTOR('',#6988,1.);
#6988 = DIRECTION('',(1.,0.));
#6989 = ( GEOMETRIC_REPRESENTATION_CONTEXT(2) 
PARAMETRIC_REPRESENTATION_CONTEXT() REPRESENTATION_CONTEXT('2D SPACE',''
  ) );
#6990 = PCURVE('',#6991,#6996);
#6991 = PLANE('',#6992);
#6992 = AXIS2_PLACEMENT_3D('',#6993,#6994,#6995);
#6993 = CARTESIAN_POINT('',(9.5,14.,249.5));
#6994 = DIRECTION('',(0.,1.,0.));
#6995 = DIRECTION('',(0.,0.,1.));
#6996 = DEFINITIONAL_REPRESENTATION('',(#6997),#7001);
#6997 = CIRCLE('',#6998,4.5);
#6998 = AXIS2_PLACEMENT_2D('',#6999,#7000);
#6999 = CARTESIAN_POINT('',(0.,0.));
#7000 = DIRECTION('',(1.,0.));
#7001 = ( GEOMETRIC_REPRESENTATION_CONTEXT(2) 
PARAMETRIC_REPRESENTATION_CONTEXT() REPRESENTATION_CONTEXT('2D SPACE',''
  ) );
#7002 = ORIENTED_EDGE('',*,*,#6953,.T.);
#7003 = ADVANCED_FACE('',(#7004),#6941,.T.);
#7004 = FACE_BOUND('',#7005,.T.);
#7005 = EDGE_LOOP('',(#7006));
#7006 = ORIENTED_EDGE('',*,*,#6919,.T.);
#7007 = ADVANCED_FACE('',(#7008),#6991,.F.);
#7008 = FACE_BOUND('',#7009,.T.);
#7009 = EDGE_LOOP('',(#7010));
#7010 = ORIENTED_EDGE('',*,*,#6976,.F.);
#7011 = MANIFOLD_SOLID_BREP('',#7012);
#7012 = CLOSED_SHELL('',(#7013,#7101,#7105));
#7013 = ADVANCED_FACE('',(#7014),#7027,.T.);
#7014 = FACE_BOUND('',#7015,.T.);
#7015 = EDGE_LOOP('',(#7016,#7050,#7073,#7100));
#7016 = ORIENTED_EDGE('',*,*,#7017,.F.);
#7017 = EDGE_CURVE('',#7018,#7018,#7020,.T.);
#7018 = VERTEX_POINT('',#7019);
#7019 = CARTESIAN_POINT('',(193.98859723604,48.,207.23978403323));
#7020 = SURFACE_CURVE('',#7021,(#7026,#7038),.PCURVE_S1.);
#7021 = CIRCLE('',#7022,1.6);
#7022 = AXIS2_PLACEMENT_3D('',#7023,#7024,#7025);
#7023 = CARTESIAN_POINT('',(195.,48.,206.));
#7024 = DIRECTION('',(0.701541782454,-0.424617394643,0.572310401476));
#7025 = DIRECTION('',(-0.632126727472,0.,0.774865020772));
#7026 = PCURVE('',#7027,#7032);
#7027 = CYLINDRICAL_SURFACE('',#7028,1.6);
#7028 = AXIS2_PLACEMENT_3D('',#7029,#7030,#7031);
#7029 = CARTESIAN_POINT('',(176.,59.5,190.5));
#7030 = DIRECTION('',(0.701541782454,-0.424617394643,0.572310401476));
#7031 = DIRECTION('',(-0.632126727472,0.,0.774865020772));
#7032 = DEFINITIONAL_REPRESENTATION('',(#7033),#7037);
#7033 = LINE('',#7034,#7035);
#7034 = CARTESIAN_POINT('',(0.,27.083205127902));
#7035 = VECTOR('',#7036,1.);
#7036 = DIRECTION('',(1.,0.));
#7037 = ( GEOMETRIC_REPRESENTATION_CONTEXT(2) 
PARAMETRIC_REPRESENTATION_CONTEXT() REPRESENTATION_CONTEXT('2D SPACE',''
  ) );
#7038 = PCURVE('',#7039,#7044);
#7039 = PLANE('',#7040);
#7040 = AXIS2_PLACEMENT_3D('',#7041,#7042,#7043);
#7041 = CARTESIAN_POINT('',(195.,48.,206.));
#7042 = DIRECTION('',(0.701541782454,-0.424617394643,0.572310401476));
#7043 = DIRECTION('',(-0.632126727472,0.,0.774865020772));
#7044 = DEFINITIONAL_REPRESENTATION('',(#7045),#7049);
#7045 = CIRCLE('',#7046,1.6);
#7046 = AXIS2_PLACEMENT_2D('',#7047,#7048);
#7047 = CARTESIAN_POINT('',(0.,0.));
#7048 = DIRECTION('',(1.,0.));
#7049 = ( GEOMETRIC_REPRESENTATION_CONTEXT(2) 
PARAMETRIC_REPRESENTATION_CONTEXT() REPRESENTATION_CONTEXT('2D SPACE',''
  ) );
#7050 = ORIENTED_EDGE('',*,*,#7051,.F.);
#7051 = EDGE_CURVE('',#7052,#7018,#7054,.T.);
#7052 = VERTEX_POINT('',#7053);
#7053 = CARTESIAN_POINT('',(174.98859723604,59.5,191.73978403323));
#7054 = SEAM_CURVE('',#7055,(#7059,#7066),.PCURVE_S1.);
#7055 = LINE('',#7056,#7057);
#7056 = CARTESIAN_POINT('',(174.98859723604,59.5,191.73978403323));
#7057 = VECTOR('',#7058,1.);
#7058 = DIRECTION('',(0.701541782454,-0.424617394643,0.572310401476));
#7059 = PCURVE('',#7027,#7060);
#7060 = DEFINITIONAL_REPRESENTATION('',(#7061),#7065);
#7061 = LINE('',#7062,#7063);
#7062 = CARTESIAN_POINT('',(6.28318530718,-0.));
#7063 = VECTOR('',#7064,1.);
#7064 = DIRECTION('',(0.,1.));
#7065 = ( GEOMETRIC_REPRESENTATION_CONTEXT(2) 
PARAMETRIC_REPRESENTATION_CONTEXT() REPRESENTATION_CONTEXT('2D SPACE',''
  ) );
#7066 = PCURVE('',#7027,#7067);
#7067 = DEFINITIONAL_REPRESENTATION('',(#7068),#7072);
#7068 = LINE('',#7069,#7070);
#7069 = CARTESIAN_POINT('',(0.,-0.));
#7070 = VECTOR('',#7071,1.);
#7071 = DIRECTION('',(0.,1.));
#7072 = ( GEOMETRIC_REPRESENTATION_CONTEXT(2) 
PARAMETRIC_REPRESENTATION_CONTEXT() REPRESENTATION_CONTEXT('2D SPACE',''
  ) );
#7073 = ORIENTED_EDGE('',*,*,#7074,.T.);
#7074 = EDGE_CURVE('',#7052,#7052,#7075,.T.);
#7075 = SURFACE_CURVE('',#7076,(#7081,#7088),.PCURVE_S1.);
#7076 = CIRCLE('',#7077,1.6);
#7077 = AXIS2_PLACEMENT_3D('',#7078,#7079,#7080);
#7078 = CARTESIAN_POINT('',(176.,59.5,190.5));
#7079 = DIRECTION('',(0.701541782454,-0.424617394643,0.572310401476));
#7080 = DIRECTION('',(-0.632126727472,0.,0.774865020772));
#7081 = PCURVE('',#7027,#7082);
#7082 = DEFINITIONAL_REPRESENTATION('',(#7083),#7087);
#7083 = LINE('',#7084,#7085);
#7084 = CARTESIAN_POINT('',(0.,0.));
#7085 = VECTOR('',#7086,1.);
#7086 = DIRECTION('',(1.,0.));
#7087 = ( GEOMETRIC_REPRESENTATION_CONTEXT(2) 
PARAMETRIC_REPRESENTATION_CONTEXT() REPRESENTATION_CONTEXT('2D SPACE',''
  ) );
#7088 = PCURVE('',#7089,#7094);
#7089 = PLANE('',#7090);
#7090 = AXIS2_PLACEMENT_3D('',#7091,#7092,#7093);
#7091 = CARTESIAN_POINT('',(176.,59.5,190.5));
#7092 = DIRECTION('',(0.701541782454,-0.424617394643,0.572310401476));
#7093 = DIRECTION('',(-0.632126727472,0.,0.774865020772));
#7094 = DEFINITIONAL_REPRESENTATION('',(#7095),#7099);
#7095 = CIRCLE('',#7096,1.6);
#7096 = AXIS2_PLACEMENT_2D('',#7097,#7098);
#7097 = CARTESIAN_POINT('',(0.,0.));
#7098 = DIRECTION('',(1.,0.));
#7099 = ( GEOMETRIC_REPRESENTATION_CONTEXT(2) 
PARAMETRIC_REPRESENTATION_CONTEXT() REPRESENTATION_CONTEXT('2D SPACE',''
  ) );
#7100 = ORIENTED_EDGE('',*,*,#7051,.T.);
#7101 = ADVANCED_FACE('',(#7102),#7039,.T.);
#7102 = FACE_BOUND('',#7103,.T.);
#7103 = EDGE_LOOP('',(#7104));
#7104 = ORIENTED_EDGE('',*,*,#7017,.T.);
#7105 = ADVANCED_FACE('',(#7106),#7089,.F.);
#7106 = FACE_BOUND('',#7107,.T.);
#7107 = EDGE_LOOP('',(#7108));
#7108 = ORIENTED_EDGE('',*,*,#7074,.F.);
#7109 = MANIFOLD_SOLID_BREP('',#7110);
#7110 = CLOSED_SHELL('',(#7111));
#7111 = ADVANCED_FACE('',(#7112),#7116,.T.);
#7112 = FACE_BOUND('',#7113,.T.);
#7113 = VERTEX_LOOP('',#7114);
#7114 = VERTEX_POINT('',#7115);
#7115 = CARTESIAN_POINT('',(176.,59.5,188.9));
#7116 = SPHERICAL_SURFACE('',#7117,1.6);
#7117 = AXIS2_PLACEMENT_3D('',#7118,#7119,#7120);
#7118 = CARTESIAN_POINT('',(176.,59.5,190.5));
#7119 = DIRECTION('',(0.,0.,1.));
#7120 = DIRECTION('',(1.,0.,-0.));
#7121 = MANIFOLD_SOLID_BREP('',#7122);
#7122 = CLOSED_SHELL('',(#7123));
#7123 = ADVANCED_FACE('',(#7124),#7128,.T.);
#7124 = FACE_BOUND('',#7125,.T.);
#7125 = VERTEX_LOOP('',#7126);
#7126 = VERTEX_POINT('',#7127);
#7127 = CARTESIAN_POINT('',(195.,48.,204.4));
#7128 = SPHERICAL_SURFACE('',#7129,1.6);
#7129 = AXIS2_PLACEMENT_3D('',#7130,#7131,#7132);
#7130 = CARTESIAN_POINT('',(195.,48.,206.));
#7131 = DIRECTION('',(0.,0.,1.));
#7132 = DIRECTION('',(1.,0.,-0.));
#7133 = MANIFOLD_SOLID_BREP('',#7134);
#7134 = CLOSED_SHELL('',(#7135,#7223,#7227));
#7135 = ADVANCED_FACE('',(#7136),#7149,.T.);
#7136 = FACE_BOUND('',#7137,.T.);
#7137 = EDGE_LOOP('',(#7138,#7172,#7195,#7222));
#7138 = ORIENTED_EDGE('',*,*,#7139,.F.);
#7139 = EDGE_CURVE('',#7140,#7140,#7142,.T.);
#7140 = VERTEX_POINT('',#7141);
#7141 = CARTESIAN_POINT('',(195.,47.534141414748,192.46932179131));
#7142 = SURFACE_CURVE('',#7143,(#7148,#7160),.PCURVE_S1.);
#7143 = CIRCLE('',#7144,1.6);
#7144 = AXIS2_PLACEMENT_3D('',#7145,#7146,#7147);
#7145 = CARTESIAN_POINT('',(195.,48.,194.));
#7146 = DIRECTION('',(0.,-0.956673880429,0.291161615783));
#7147 = DIRECTION('',(0.,-0.291161615783,-0.956673880429));
#7148 = PCURVE('',#7149,#7154);
#7149 = CYLINDRICAL_SURFACE('',#7150,1.6);
#7150 = AXIS2_PLACEMENT_3D('',#7151,#7152,#7153);
#7151 = CARTESIAN_POINT('',(195.,59.5,190.5));
#7152 = DIRECTION('',(0.,-0.956673880429,0.291161615783));
#7153 = DIRECTION('',(0.,-0.291161615783,-0.956673880429));
#7154 = DEFINITIONAL_REPRESENTATION('',(#7155),#7159);
#7155 = LINE('',#7156,#7157);
#7156 = CARTESIAN_POINT('',(0.,12.020815280171));
#7157 = VECTOR('',#7158,1.);
#7158 = DIRECTION('',(1.,0.));
#7159 = ( GEOMETRIC_REPRESENTATION_CONTEXT(2) 
PARAMETRIC_REPRESENTATION_CONTEXT() REPRESENTATION_CONTEXT('2D SPACE',''
  ) );
#7160 = PCURVE('',#7161,#7166);
#7161 = PLANE('',#7162);
#7162 = AXIS2_PLACEMENT_3D('',#7163,#7164,#7165);
#7163 = CARTESIAN_POINT('',(195.,48.,194.));
#7164 = DIRECTION('',(0.,-0.956673880429,0.291161615783));
#7165 = DIRECTION('',(0.,-0.291161615783,-0.956673880429));
#7166 = DEFINITIONAL_REPRESENTATION('',(#7167),#7171);
#7167 = CIRCLE('',#7168,1.6);
#7168 = AXIS2_PLACEMENT_2D('',#7169,#7170);
#7169 = CARTESIAN_POINT('',(0.,0.));
#7170 = DIRECTION('',(1.,0.));
#7171 = ( GEOMETRIC_REPRESENTATION_CONTEXT(2) 
PARAMETRIC_REPRESENTATION_CONTEXT() REPRESENTATION_CONTEXT('2D SPACE',''
  ) );
#7172 = ORIENTED_EDGE('',*,*,#7173,.F.);
#7173 = EDGE_CURVE('',#7174,#7140,#7176,.T.);
#7174 = VERTEX_POINT('',#7175);
#7175 = CARTESIAN_POINT('',(195.,59.034141414748,188.96932179131));
#7176 = SEAM_CURVE('',#7177,(#7181,#7188),.PCURVE_S1.);
#7177 = LINE('',#7178,#7179);
#7178 = CARTESIAN_POINT('',(195.,59.034141414748,188.96932179131));
#7179 = VECTOR('',#7180,1.);
#7180 = DIRECTION('',(0.,-0.956673880429,0.291161615783));
#7181 = PCURVE('',#7149,#7182);
#7182 = DEFINITIONAL_REPRESENTATION('',(#7183),#7187);
#7183 = LINE('',#7184,#7185);
#7184 = CARTESIAN_POINT('',(6.28318530718,-0.));
#7185 = VECTOR('',#7186,1.);
#7186 = DIRECTION('',(0.,1.));
#7187 = ( GEOMETRIC_REPRESENTATION_CONTEXT(2) 
PARAMETRIC_REPRESENTATION_CONTEXT() REPRESENTATION_CONTEXT('2D SPACE',''
  ) );
#7188 = PCURVE('',#7149,#7189);
#7189 = DEFINITIONAL_REPRESENTATION('',(#7190),#7194);
#7190 = LINE('',#7191,#7192);
#7191 = CARTESIAN_POINT('',(0.,-0.));
#7192 = VECTOR('',#7193,1.);
#7193 = DIRECTION('',(0.,1.));
#7194 = ( GEOMETRIC_REPRESENTATION_CONTEXT(2) 
PARAMETRIC_REPRESENTATION_CONTEXT() REPRESENTATION_CONTEXT('2D SPACE',''
  ) );
#7195 = ORIENTED_EDGE('',*,*,#7196,.T.);
#7196 = EDGE_CURVE('',#7174,#7174,#7197,.T.);
#7197 = SURFACE_CURVE('',#7198,(#7203,#7210),.PCURVE_S1.);
#7198 = CIRCLE('',#7199,1.6);
#7199 = AXIS2_PLACEMENT_3D('',#7200,#7201,#7202);
#7200 = CARTESIAN_POINT('',(195.,59.5,190.5));
#7201 = DIRECTION('',(0.,-0.956673880429,0.291161615783));
#7202 = DIRECTION('',(0.,-0.291161615783,-0.956673880429));
#7203 = PCURVE('',#7149,#7204);
#7204 = DEFINITIONAL_REPRESENTATION('',(#7205),#7209);
#7205 = LINE('',#7206,#7207);
#7206 = CARTESIAN_POINT('',(0.,0.));
#7207 = VECTOR('',#7208,1.);
#7208 = DIRECTION('',(1.,0.));
#7209 = ( GEOMETRIC_REPRESENTATION_CONTEXT(2) 
PARAMETRIC_REPRESENTATION_CONTEXT() REPRESENTATION_CONTEXT('2D SPACE',''
  ) );
#7210 = PCURVE('',#7211,#7216);
#7211 = PLANE('',#7212);
#7212 = AXIS2_PLACEMENT_3D('',#7213,#7214,#7215);
#7213 = CARTESIAN_POINT('',(195.,59.5,190.5));
#7214 = DIRECTION('',(0.,-0.956673880429,0.291161615783));
#7215 = DIRECTION('',(0.,-0.291161615783,-0.956673880429));
#7216 = DEFINITIONAL_REPRESENTATION('',(#7217),#7221);
#7217 = CIRCLE('',#7218,1.6);
#7218 = AXIS2_PLACEMENT_2D('',#7219,#7220);
#7219 = CARTESIAN_POINT('',(0.,0.));
#7220 = DIRECTION('',(1.,0.));
#7221 = ( GEOMETRIC_REPRESENTATION_CONTEXT(2) 
PARAMETRIC_REPRESENTATION_CONTEXT() REPRESENTATION_CONTEXT('2D SPACE',''
  ) );
#7222 = ORIENTED_EDGE('',*,*,#7173,.T.);
#7223 = ADVANCED_FACE('',(#7224),#7161,.T.);
#7224 = FACE_BOUND('',#7225,.T.);
#7225 = EDGE_LOOP('',(#7226));
#7226 = ORIENTED_EDGE('',*,*,#7139,.T.);
#7227 = ADVANCED_FACE('',(#7228),#7211,.F.);
#7228 = FACE_BOUND('',#7229,.T.);
#7229 = EDGE_LOOP('',(#7230));
#7230 = ORIENTED_EDGE('',*,*,#7196,.F.);
#7231 = MANIFOLD_SOLID_BREP('',#7232);
#7232 = CLOSED_SHELL('',(#7233));
#7233 = ADVANCED_FACE('',(#7234),#7238,.T.);
#7234 = FACE_BOUND('',#7235,.T.);
#7235 = VERTEX_LOOP('',#7236);
#7236 = VERTEX_POINT('',#7237);
#7237 = CARTESIAN_POINT('',(195.,59.5,188.9));
#7238 = SPHERICAL_SURFACE('',#7239,1.6);
#7239 = AXIS2_PLACEMENT_3D('',#7240,#7241,#7242);
#7240 = CARTESIAN_POINT('',(195.,59.5,190.5));
#7241 = DIRECTION('',(0.,0.,1.));
#7242 = DIRECTION('',(1.,0.,-0.));
#7243 = MANIFOLD_SOLID_BREP('',#7244);
#7244 = CLOSED_SHELL('',(#7245));
#7245 = ADVANCED_FACE('',(#7246),#7250,.T.);
#7246 = FACE_BOUND('',#7247,.T.);
#7247 = VERTEX_LOOP('',#7248);
#7248 = VERTEX_POINT('',#7249);
#7249 = CARTESIAN_POINT('',(195.,48.,192.4));
#7250 = SPHERICAL_SURFACE('',#7251,1.6);
#7251 = AXIS2_PLACEMENT_3D('',#7252,#7253,#7254);
#7252 = CARTESIAN_POINT('',(195.,48.,194.));
#7253 = DIRECTION('',(0.,0.,1.));
#7254 = DIRECTION('',(1.,0.,-0.));
#7255 = MANIFOLD_SOLID_BREP('',#7256);
#7256 = CLOSED_SHELL('',(#7257,#7345,#7349));
#7257 = ADVANCED_FACE('',(#7258),#7271,.T.);
#7258 = FACE_BOUND('',#7259,.T.);
#7259 = EDGE_LOOP('',(#7260,#7294,#7317,#7344));
#7260 = ORIENTED_EDGE('',*,*,#7261,.F.);
#7261 = EDGE_CURVE('',#7262,#7262,#7264,.T.);
#7262 = VERTEX_POINT('',#7263);
#7263 = CARTESIAN_POINT('',(195.82848428704,46.631199873571,200.));
#7264 = SURFACE_CURVE('',#7265,(#7270,#7282),.PCURVE_S1.);
#7265 = CIRCLE('',#7266,1.6);
#7266 = AXIS2_PLACEMENT_3D('',#7267,#7268,#7269);
#7267 = CARTESIAN_POINT('',(195.,48.,200.));
#7268 = DIRECTION('',(-0.786562379621,-0.476077229771,0.393281189811));
#7269 = DIRECTION('',(0.517802679406,-0.855500079018,0.));
#7270 = PCURVE('',#7271,#7276);
#7271 = CYLINDRICAL_SURFACE('',#7272,1.6);
#7272 = AXIS2_PLACEMENT_3D('',#7273,#7274,#7275);
#7273 = CARTESIAN_POINT('',(214.,59.5,190.5));
#7274 = DIRECTION('',(-0.786562379621,-0.476077229771,0.393281189811));
#7275 = DIRECTION('',(0.517802679406,-0.855500079018,0.));
#7276 = DEFINITIONAL_REPRESENTATION('',(#7277),#7281);
#7277 = LINE('',#7278,#7279);
#7278 = CARTESIAN_POINT('',(0.,24.155744658362));
#7279 = VECTOR('',#7280,1.);
#7280 = DIRECTION('',(1.,0.));
#7281 = ( GEOMETRIC_REPRESENTATION_CONTEXT(2) 
PARAMETRIC_REPRESENTATION_CONTEXT() REPRESENTATION_CONTEXT('2D SPACE',''
  ) );
#7282 = PCURVE('',#7283,#7288);
#7283 = PLANE('',#7284);
#7284 = AXIS2_PLACEMENT_3D('',#7285,#7286,#7287);
#7285 = CARTESIAN_POINT('',(195.,48.,200.));
#7286 = DIRECTION('',(-0.786562379621,-0.476077229771,0.393281189811));
#7287 = DIRECTION('',(0.517802679406,-0.855500079018,0.));
#7288 = DEFINITIONAL_REPRESENTATION('',(#7289),#7293);
#7289 = CIRCLE('',#7290,1.6);
#7290 = AXIS2_PLACEMENT_2D('',#7291,#7292);
#7291 = CARTESIAN_POINT('',(0.,0.));
#7292 = DIRECTION('',(1.,0.));
#7293 = ( GEOMETRIC_REPRESENTATION_CONTEXT(2) 
PARAMETRIC_REPRESENTATION_CONTEXT() REPRESENTATION_CONTEXT('2D SPACE',''
  ) );
#7294 = ORIENTED_EDGE('',*,*,#7295,.F.);
#7295 = EDGE_CURVE('',#7296,#7262,#7298,.T.);
#7296 = VERTEX_POINT('',#7297);
#7297 = CARTESIAN_POINT('',(214.82848428704,58.131199873571,190.5));
#7298 = SEAM_CURVE('',#7299,(#7303,#7310),.PCURVE_S1.);
#7299 = LINE('',#7300,#7301);
#7300 = CARTESIAN_POINT('',(214.82848428704,58.131199873571,190.5));
#7301 = VECTOR('',#7302,1.);
#7302 = DIRECTION('',(-0.786562379621,-0.476077229771,0.393281189811));
#7303 = PCURVE('',#7271,#7304);
#7304 = DEFINITIONAL_REPRESENTATION('',(#7305),#7309);
#7305 = LINE('',#7306,#7307);
#7306 = CARTESIAN_POINT('',(6.28318530718,-0.));
#7307 = VECTOR('',#7308,1.);
#7308 = DIRECTION('',(0.,1.));
#7309 = ( GEOMETRIC_REPRESENTATION_CONTEXT(2) 
PARAMETRIC_REPRESENTATION_CONTEXT() REPRESENTATION_CONTEXT('2D SPACE',''
  ) );
#7310 = PCURVE('',#7271,#7311);
#7311 = DEFINITIONAL_REPRESENTATION('',(#7312),#7316);
#7312 = LINE('',#7313,#7314);
#7313 = CARTESIAN_POINT('',(0.,-0.));
#7314 = VECTOR('',#7315,1.);
#7315 = DIRECTION('',(0.,1.));
#7316 = ( GEOMETRIC_REPRESENTATION_CONTEXT(2) 
PARAMETRIC_REPRESENTATION_CONTEXT() REPRESENTATION_CONTEXT('2D SPACE',''
  ) );
#7317 = ORIENTED_EDGE('',*,*,#7318,.T.);
#7318 = EDGE_CURVE('',#7296,#7296,#7319,.T.);
#7319 = SURFACE_CURVE('',#7320,(#7325,#7332),.PCURVE_S1.);
#7320 = CIRCLE('',#7321,1.6);
#7321 = AXIS2_PLACEMENT_3D('',#7322,#7323,#7324);
#7322 = CARTESIAN_POINT('',(214.,59.5,190.5));
#7323 = DIRECTION('',(-0.786562379621,-0.476077229771,0.393281189811));
#7324 = DIRECTION('',(0.517802679406,-0.855500079018,0.));
#7325 = PCURVE('',#7271,#7326);
#7326 = DEFINITIONAL_REPRESENTATION('',(#7327),#7331);
#7327 = LINE('',#7328,#7329);
#7328 = CARTESIAN_POINT('',(0.,0.));
#7329 = VECTOR('',#7330,1.);
#7330 = DIRECTION('',(1.,0.));
#7331 = ( GEOMETRIC_REPRESENTATION_CONTEXT(2) 
PARAMETRIC_REPRESENTATION_CONTEXT() REPRESENTATION_CONTEXT('2D SPACE',''
  ) );
#7332 = PCURVE('',#7333,#7338);
#7333 = PLANE('',#7334);
#7334 = AXIS2_PLACEMENT_3D('',#7335,#7336,#7337);
#7335 = CARTESIAN_POINT('',(214.,59.5,190.5));
#7336 = DIRECTION('',(-0.786562379621,-0.476077229771,0.393281189811));
#7337 = DIRECTION('',(0.517802679406,-0.855500079018,0.));
#7338 = DEFINITIONAL_REPRESENTATION('',(#7339),#7343);
#7339 = CIRCLE('',#7340,1.6);
#7340 = AXIS2_PLACEMENT_2D('',#7341,#7342);
#7341 = CARTESIAN_POINT('',(0.,0.));
#7342 = DIRECTION('',(1.,0.));
#7343 = ( GEOMETRIC_REPRESENTATION_CONTEXT(2) 
PARAMETRIC_REPRESENTATION_CONTEXT() REPRESENTATION_CONTEXT('2D SPACE',''
  ) );
#7344 = ORIENTED_EDGE('',*,*,#7295,.T.);
#7345 = ADVANCED_FACE('',(#7346),#7283,.T.);
#7346 = FACE_BOUND('',#7347,.T.);
#7347 = EDGE_LOOP('',(#7348));
#7348 = ORIENTED_EDGE('',*,*,#7261,.T.);
#7349 = ADVANCED_FACE('',(#7350),#7333,.F.);
#7350 = FACE_BOUND('',#7351,.T.);
#7351 = EDGE_LOOP('',(#7352));
#7352 = ORIENTED_EDGE('',*,*,#7318,.F.);
#7353 = MANIFOLD_SOLID_BREP('',#7354);
#7354 = CLOSED_SHELL('',(#7355));
#7355 = ADVANCED_FACE('',(#7356),#7360,.T.);
#7356 = FACE_BOUND('',#7357,.T.);
#7357 = VERTEX_LOOP('',#7358);
#7358 = VERTEX_POINT('',#7359);
#7359 = CARTESIAN_POINT('',(214.,59.5,188.9));
#7360 = SPHERICAL_SURFACE('',#7361,1.6);
#7361 = AXIS2_PLACEMENT_3D('',#7362,#7363,#7364);
#7362 = CARTESIAN_POINT('',(214.,59.5,190.5));
#7363 = DIRECTION('',(0.,0.,1.));
#7364 = DIRECTION('',(1.,0.,-0.));
#7365 = MANIFOLD_SOLID_BREP('',#7366);
#7366 = CLOSED_SHELL('',(#7367));
#7367 = ADVANCED_FACE('',(#7368),#7372,.T.);
#7368 = FACE_BOUND('',#7369,.T.);
#7369 = VERTEX_LOOP('',#7370);
#7370 = VERTEX_POINT('',#7371);
#7371 = CARTESIAN_POINT('',(195.,48.,198.4));
#7372 = SPHERICAL_SURFACE('',#7373,1.6);
#7373 = AXIS2_PLACEMENT_3D('',#7374,#7375,#7376);
#7374 = CARTESIAN_POINT('',(195.,48.,200.));
#7375 = DIRECTION('',(0.,0.,1.));
#7376 = DIRECTION('',(1.,0.,-0.));
#7377 = MANIFOLD_SOLID_BREP('',#7378);
#7378 = CLOSED_SHELL('',(#7379,#7467,#7471));
#7379 = ADVANCED_FACE('',(#7380),#7393,.T.);
#7380 = FACE_BOUND('',#7381,.T.);
#7381 = EDGE_LOOP('',(#7382,#7416,#7439,#7466));
#7382 = ORIENTED_EDGE('',*,*,#7383,.F.);
#7383 = EDGE_CURVE('',#7384,#7384,#7386,.T.);
#7384 = VERTEX_POINT('',#7385);
#7385 = CARTESIAN_POINT('',(109.20631205839,48.,121.99770140267));
#7386 = SURFACE_CURVE('',#7387,(#7392,#7404),.PCURVE_S1.);
#7387 = CIRCLE('',#7388,1.6);
#7388 = AXIS2_PLACEMENT_3D('',#7389,#7390,#7391);
#7389 = CARTESIAN_POINT('',(108.14641302723,48.,123.19628975725));
#7390 = DIRECTION('',(-0.749117721613,-0.,-0.662436894478));
#7391 = DIRECTION('',(0.662436894478,0.,-0.749117721613));
#7392 = PCURVE('',#7393,#7398);
#7393 = CYLINDRICAL_SURFACE('',#7394,1.6);
#7394 = AXIS2_PLACEMENT_3D('',#7395,#7396,#7397);
#7395 = CARTESIAN_POINT('',(195.,48.,200.));
#7396 = DIRECTION('',(-0.749117721613,0.,-0.662436894478));
#7397 = DIRECTION('',(0.662436894478,0.,-0.749117721613));
#7398 = DEFINITIONAL_REPRESENTATION('',(#7399),#7403);
#7399 = LINE('',#7400,#7401);
#7400 = CARTESIAN_POINT('',(0.,115.94117248452));
#7401 = VECTOR('',#7402,1.);
#7402 = DIRECTION('',(1.,0.));
#7403 = ( GEOMETRIC_REPRESENTATION_CONTEXT(2) 
PARAMETRIC_REPRESENTATION_CONTEXT() REPRESENTATION_CONTEXT('2D SPACE',''
  ) );
#7404 = PCURVE('',#7405,#7410);
#7405 = PLANE('',#7406);
#7406 = AXIS2_PLACEMENT_3D('',#7407,#7408,#7409);
#7407 = CARTESIAN_POINT('',(108.14641302723,48.,123.19628975725));
#7408 = DIRECTION('',(-0.749117721613,0.,-0.662436894478));
#7409 = DIRECTION('',(0.662436894478,0.,-0.749117721613));
#7410 = DEFINITIONAL_REPRESENTATION('',(#7411),#7415);
#7411 = CIRCLE('',#7412,1.6);
#7412 = AXIS2_PLACEMENT_2D('',#7413,#7414);
#7413 = CARTESIAN_POINT('',(0.,0.));
#7414 = DIRECTION('',(1.,0.));
#7415 = ( GEOMETRIC_REPRESENTATION_CONTEXT(2) 
PARAMETRIC_REPRESENTATION_CONTEXT() REPRESENTATION_CONTEXT('2D SPACE',''
  ) );
#7416 = ORIENTED_EDGE('',*,*,#7417,.F.);
#7417 = EDGE_CURVE('',#7418,#7384,#7420,.T.);
#7418 = VERTEX_POINT('',#7419);
#7419 = CARTESIAN_POINT('',(196.05989903116,48.,198.80141164541));
#7420 = SEAM_CURVE('',#7421,(#7425,#7432),.PCURVE_S1.);
#7421 = LINE('',#7422,#7423);
#7422 = CARTESIAN_POINT('',(196.05989903116,48.,198.80141164541));
#7423 = VECTOR('',#7424,1.);
#7424 = DIRECTION('',(-0.749117721613,0.,-0.662436894478));
#7425 = PCURVE('',#7393,#7426);
#7426 = DEFINITIONAL_REPRESENTATION('',(#7427),#7431);
#7427 = LINE('',#7428,#7429);
#7428 = CARTESIAN_POINT('',(6.28318530718,-0.));
#7429 = VECTOR('',#7430,1.);
#7430 = DIRECTION('',(0.,1.));
#7431 = ( GEOMETRIC_REPRESENTATION_CONTEXT(2) 
PARAMETRIC_REPRESENTATION_CONTEXT() REPRESENTATION_CONTEXT('2D SPACE',''
  ) );
#7432 = PCURVE('',#7393,#7433);
#7433 = DEFINITIONAL_REPRESENTATION('',(#7434),#7438);
#7434 = LINE('',#7435,#7436);
#7435 = CARTESIAN_POINT('',(0.,-0.));
#7436 = VECTOR('',#7437,1.);
#7437 = DIRECTION('',(0.,1.));
#7438 = ( GEOMETRIC_REPRESENTATION_CONTEXT(2) 
PARAMETRIC_REPRESENTATION_CONTEXT() REPRESENTATION_CONTEXT('2D SPACE',''
  ) );
#7439 = ORIENTED_EDGE('',*,*,#7440,.T.);
#7440 = EDGE_CURVE('',#7418,#7418,#7441,.T.);
#7441 = SURFACE_CURVE('',#7442,(#7447,#7454),.PCURVE_S1.);
#7442 = CIRCLE('',#7443,1.6);
#7443 = AXIS2_PLACEMENT_3D('',#7444,#7445,#7446);
#7444 = CARTESIAN_POINT('',(195.,48.,200.));
#7445 = DIRECTION('',(-0.749117721613,-0.,-0.662436894478));
#7446 = DIRECTION('',(0.662436894478,0.,-0.749117721613));
#7447 = PCURVE('',#7393,#7448);
#7448 = DEFINITIONAL_REPRESENTATION('',(#7449),#7453);
#7449 = LINE('',#7450,#7451);
#7450 = CARTESIAN_POINT('',(0.,0.));
#7451 = VECTOR('',#7452,1.);
#7452 = DIRECTION('',(1.,0.));
#7453 = ( GEOMETRIC_REPRESENTATION_CONTEXT(2) 
PARAMETRIC_REPRESENTATION_CONTEXT() REPRESENTATION_CONTEXT('2D SPACE',''
  ) );
#7454 = PCURVE('',#7455,#7460);
#7455 = PLANE('',#7456);
#7456 = AXIS2_PLACEMENT_3D('',#7457,#7458,#7459);
#7457 = CARTESIAN_POINT('',(195.,48.,200.));
#7458 = DIRECTION('',(-0.749117721613,0.,-0.662436894478));
#7459 = DIRECTION('',(0.662436894478,0.,-0.749117721613));
#7460 = DEFINITIONAL_REPRESENTATION('',(#7461),#7465);
#7461 = CIRCLE('',#7462,1.6);
#7462 = AXIS2_PLACEMENT_2D('',#7463,#7464);
#7463 = CARTESIAN_POINT('',(0.,0.));
#7464 = DIRECTION('',(1.,0.));
#7465 = ( GEOMETRIC_REPRESENTATION_CONTEXT(2) 
PARAMETRIC_REPRESENTATION_CONTEXT() REPRESENTATION_CONTEXT('2D SPACE',''
  ) );
#7466 = ORIENTED_EDGE('',*,*,#7417,.T.);
#7467 = ADVANCED_FACE('',(#7468),#7405,.T.);
#7468 = FACE_BOUND('',#7469,.T.);
#7469 = EDGE_LOOP('',(#7470));
#7470 = ORIENTED_EDGE('',*,*,#7383,.T.);
#7471 = ADVANCED_FACE('',(#7472),#7455,.F.);
#7472 = FACE_BOUND('',#7473,.T.);
#7473 = EDGE_LOOP('',(#7474));
#7474 = ORIENTED_EDGE('',*,*,#7440,.F.);
#7475 = MANIFOLD_SOLID_BREP('',#7476);
#7476 = CLOSED_SHELL('',(#7477));
#7477 = ADVANCED_FACE('',(#7478),#7482,.T.);
#7478 = FACE_BOUND('',#7479,.T.);
#7479 = VERTEX_LOOP('',#7480);
#7480 = VERTEX_POINT('',#7481);
#7481 = CARTESIAN_POINT('',(195.,48.,198.4));
#7482 = SPHERICAL_SURFACE('',#7483,1.6);
#7483 = AXIS2_PLACEMENT_3D('',#7484,#7485,#7486);
#7484 = CARTESIAN_POINT('',(195.,48.,200.));
#7485 = DIRECTION('',(0.,0.,1.));
#7486 = DIRECTION('',(1.,0.,-0.));
#7487 = MANIFOLD_SOLID_BREP('',#7488);
#7488 = CLOSED_SHELL('',(#7489));
#7489 = ADVANCED_FACE('',(#7490),#7494,.T.);
#7490 = FACE_BOUND('',#7491,.T.);
#7491 = VERTEX_LOOP('',#7492);
#7492 = VERTEX_POINT('',#7493);
#7493 = CARTESIAN_POINT('',(108.14641302723,48.,121.59628975725));
#7494 = SPHERICAL_SURFACE('',#7495,1.6);
#7495 = AXIS2_PLACEMENT_3D('',#7496,#7497,#7498);
#7496 = CARTESIAN_POINT('',(108.14641302723,48.,123.19628975725));
#7497 = DIRECTION('',(0.,0.,1.));
#7498 = DIRECTION('',(1.,0.,-0.));
#7499 = MANIFOLD_SOLID_BREP('',#7500);
#7500 = CLOSED_SHELL('',(#7501,#7589,#7593));
#7501 = ADVANCED_FACE('',(#7502),#7515,.T.);
#7502 = FACE_BOUND('',#7503,.T.);
#7503 = EDGE_LOOP('',(#7504,#7538,#7561,#7588));
#7504 = ORIENTED_EDGE('',*,*,#7505,.F.);
#7505 = EDGE_CURVE('',#7506,#7506,#7508,.T.);
#7506 = VERTEX_POINT('',#7507);
#7507 = CARTESIAN_POINT('',(195.82848428704,49.368800126429,200.));
#7508 = SURFACE_CURVE('',#7509,(#7514,#7526),.PCURVE_S1.);
#7509 = CIRCLE('',#7510,1.6);
#7510 = AXIS2_PLACEMENT_3D('',#7511,#7512,#7513);
#7511 = CARTESIAN_POINT('',(195.,48.,200.));
#7512 = DIRECTION('',(0.786562379621,-0.476077229771,-0.393281189811));
#7513 = DIRECTION('',(0.517802679406,0.855500079018,0.));
#7514 = PCURVE('',#7515,#7520);
#7515 = CYLINDRICAL_SURFACE('',#7516,1.6);
#7516 = AXIS2_PLACEMENT_3D('',#7517,#7518,#7519);
#7517 = CARTESIAN_POINT('',(176.,59.5,209.5));
#7518 = DIRECTION('',(0.786562379621,-0.476077229771,-0.393281189811));
#7519 = DIRECTION('',(0.517802679406,0.855500079018,0.));
#7520 = DEFINITIONAL_REPRESENTATION('',(#7521),#7525);
#7521 = LINE('',#7522,#7523);
#7522 = CARTESIAN_POINT('',(0.,24.155744658362));
#7523 = VECTOR('',#7524,1.);
#7524 = DIRECTION('',(1.,0.));
#7525 = ( GEOMETRIC_REPRESENTATION_CONTEXT(2) 
PARAMETRIC_REPRESENTATION_CONTEXT() REPRESENTATION_CONTEXT('2D SPACE',''
  ) );
#7526 = PCURVE('',#7527,#7532);
#7527 = PLANE('',#7528);
#7528 = AXIS2_PLACEMENT_3D('',#7529,#7530,#7531);
#7529 = CARTESIAN_POINT('',(195.,48.,200.));
#7530 = DIRECTION('',(0.786562379621,-0.476077229771,-0.393281189811));
#7531 = DIRECTION('',(0.517802679406,0.855500079018,0.));
#7532 = DEFINITIONAL_REPRESENTATION('',(#7533),#7537);
#7533 = CIRCLE('',#7534,1.6);
#7534 = AXIS2_PLACEMENT_2D('',#7535,#7536);
#7535 = CARTESIAN_POINT('',(0.,0.));
#7536 = DIRECTION('',(1.,0.));
#7537 = ( GEOMETRIC_REPRESENTATION_CONTEXT(2) 
PARAMETRIC_REPRESENTATION_CONTEXT() REPRESENTATION_CONTEXT('2D SPACE',''
  ) );
#7538 = ORIENTED_EDGE('',*,*,#7539,.F.);
#7539 = EDGE_CURVE('',#7540,#7506,#7542,.T.);
#7540 = VERTEX_POINT('',#7541);
#7541 = CARTESIAN_POINT('',(176.82848428704,60.868800126429,209.5));
#7542 = SEAM_CURVE('',#7543,(#7547,#7554),.PCURVE_S1.);
#7543 = LINE('',#7544,#7545);
#7544 = CARTESIAN_POINT('',(176.82848428704,60.868800126429,209.5));
#7545 = VECTOR('',#7546,1.);
#7546 = DIRECTION('',(0.786562379621,-0.476077229771,-0.393281189811));
#7547 = PCURVE('',#7515,#7548);
#7548 = DEFINITIONAL_REPRESENTATION('',(#7549),#7553);
#7549 = LINE('',#7550,#7551);
#7550 = CARTESIAN_POINT('',(6.28318530718,-0.));
#7551 = VECTOR('',#7552,1.);
#7552 = DIRECTION('',(0.,1.));
#7553 = ( GEOMETRIC_REPRESENTATION_CONTEXT(2) 
PARAMETRIC_REPRESENTATION_CONTEXT() REPRESENTATION_CONTEXT('2D SPACE',''
  ) );
#7554 = PCURVE('',#7515,#7555);
#7555 = DEFINITIONAL_REPRESENTATION('',(#7556),#7560);
#7556 = LINE('',#7557,#7558);
#7557 = CARTESIAN_POINT('',(0.,-0.));
#7558 = VECTOR('',#7559,1.);
#7559 = DIRECTION('',(0.,1.));
#7560 = ( GEOMETRIC_REPRESENTATION_CONTEXT(2) 
PARAMETRIC_REPRESENTATION_CONTEXT() REPRESENTATION_CONTEXT('2D SPACE',''
  ) );
#7561 = ORIENTED_EDGE('',*,*,#7562,.T.);
#7562 = EDGE_CURVE('',#7540,#7540,#7563,.T.);
#7563 = SURFACE_CURVE('',#7564,(#7569,#7576),.PCURVE_S1.);
#7564 = CIRCLE('',#7565,1.6);
#7565 = AXIS2_PLACEMENT_3D('',#7566,#7567,#7568);
#7566 = CARTESIAN_POINT('',(176.,59.5,209.5));
#7567 = DIRECTION('',(0.786562379621,-0.476077229771,-0.393281189811));
#7568 = DIRECTION('',(0.517802679406,0.855500079018,0.));
#7569 = PCURVE('',#7515,#7570);
#7570 = DEFINITIONAL_REPRESENTATION('',(#7571),#7575);
#7571 = LINE('',#7572,#7573);
#7572 = CARTESIAN_POINT('',(0.,0.));
#7573 = VECTOR('',#7574,1.);
#7574 = DIRECTION('',(1.,0.));
#7575 = ( GEOMETRIC_REPRESENTATION_CONTEXT(2) 
PARAMETRIC_REPRESENTATION_CONTEXT() REPRESENTATION_CONTEXT('2D SPACE',''
  ) );
#7576 = PCURVE('',#7577,#7582);
#7577 = PLANE('',#7578);
#7578 = AXIS2_PLACEMENT_3D('',#7579,#7580,#7581);
#7579 = CARTESIAN_POINT('',(176.,59.5,209.5));
#7580 = DIRECTION('',(0.786562379621,-0.476077229771,-0.393281189811));
#7581 = DIRECTION('',(0.517802679406,0.855500079018,0.));
#7582 = DEFINITIONAL_REPRESENTATION('',(#7583),#7587);
#7583 = CIRCLE('',#7584,1.6);
#7584 = AXIS2_PLACEMENT_2D('',#7585,#7586);
#7585 = CARTESIAN_POINT('',(0.,0.));
#7586 = DIRECTION('',(1.,0.));
#7587 = ( GEOMETRIC_REPRESENTATION_CONTEXT(2) 
PARAMETRIC_REPRESENTATION_CONTEXT() REPRESENTATION_CONTEXT('2D SPACE',''
  ) );
#7588 = ORIENTED_EDGE('',*,*,#7539,.T.);
#7589 = ADVANCED_FACE('',(#7590),#7527,.T.);
#7590 = FACE_BOUND('',#7591,.T.);
#7591 = EDGE_LOOP('',(#7592));
#7592 = ORIENTED_EDGE('',*,*,#7505,.T.);
#7593 = ADVANCED_FACE('',(#7594),#7577,.F.);
#7594 = FACE_BOUND('',#7595,.T.);
#7595 = EDGE_LOOP('',(#7596));
#7596 = ORIENTED_EDGE('',*,*,#7562,.F.);
#7597 = MANIFOLD_SOLID_BREP('',#7598);
#7598 = CLOSED_SHELL('',(#7599));
#7599 = ADVANCED_FACE('',(#7600),#7604,.T.);
#7600 = FACE_BOUND('',#7601,.T.);
#7601 = VERTEX_LOOP('',#7602);
#7602 = VERTEX_POINT('',#7603);
#7603 = CARTESIAN_POINT('',(176.,59.5,207.9));
#7604 = SPHERICAL_SURFACE('',#7605,1.6);
#7605 = AXIS2_PLACEMENT_3D('',#7606,#7607,#7608);
#7606 = CARTESIAN_POINT('',(176.,59.5,209.5));
#7607 = DIRECTION('',(0.,0.,1.));
#7608 = DIRECTION('',(1.,0.,-0.));
#7609 = MANIFOLD_SOLID_BREP('',#7610);
#7610 = CLOSED_SHELL('',(#7611));
#7611 = ADVANCED_FACE('',(#7612),#7616,.T.);
#7612 = FACE_BOUND('',#7613,.T.);
#7613 = VERTEX_LOOP('',#7614);
#7614 = VERTEX_POINT('',#7615);
#7615 = CARTESIAN_POINT('',(195.,48.,198.4));
#7616 = SPHERICAL_SURFACE('',#7617,1.6);
#7617 = AXIS2_PLACEMENT_3D('',#7618,#7619,#7620);
#7618 = CARTESIAN_POINT('',(195.,48.,200.));
#7619 = DIRECTION('',(0.,0.,1.));
#7620 = DIRECTION('',(1.,0.,-0.));
#7621 = MANIFOLD_SOLID_BREP('',#7622);
#7622 = CLOSED_SHELL('',(#7623,#7711,#7715));
#7623 = ADVANCED_FACE('',(#7624),#7637,.T.);
#7624 = FACE_BOUND('',#7625,.T.);
#7625 = EDGE_LOOP('',(#7626,#7660,#7683,#7710));
#7626 = ORIENTED_EDGE('',*,*,#7627,.F.);
#7627 = EDGE_CURVE('',#7628,#7628,#7630,.T.);
#7628 = VERTEX_POINT('',#7629);
#7629 = CARTESIAN_POINT('',(107.00255234204,48.,112.31503134175));
#7630 = SURFACE_CURVE('',#7631,(#7636,#7648),.PCURVE_S1.);
#7631 = CIRCLE('',#7632,1.6);
#7632 = AXIS2_PLACEMENT_3D('',#7633,#7634,#7635);
#7633 = CARTESIAN_POINT('',(108.14641302723,48.,111.19628975725));
#7634 = DIRECTION('',(-0.699213490309,0.,-0.714912928244));
#7635 = DIRECTION('',(-0.714912928244,0.,0.699213490309));
#7636 = PCURVE('',#7637,#7642);
#7637 = CYLINDRICAL_SURFACE('',#7638,1.6);
#7638 = AXIS2_PLACEMENT_3D('',#7639,#7640,#7641);
#7639 = CARTESIAN_POINT('',(195.,48.,200.));
#7640 = DIRECTION('',(-0.699213490309,0.,-0.714912928244));
#7641 = DIRECTION('',(-0.714912928244,0.,0.699213490309));
#7642 = DEFINITIONAL_REPRESENTATION('',(#7643),#7647);
#7643 = LINE('',#7644,#7645);
#7644 = CARTESIAN_POINT('',(0.,124.21612022162));
#7645 = VECTOR('',#7646,1.);
#7646 = DIRECTION('',(1.,0.));
#7647 = ( GEOMETRIC_REPRESENTATION_CONTEXT(2) 
PARAMETRIC_REPRESENTATION_CONTEXT() REPRESENTATION_CONTEXT('2D SPACE',''
  ) );
#7648 = PCURVE('',#7649,#7654);
#7649 = PLANE('',#7650);
#7650 = AXIS2_PLACEMENT_3D('',#7651,#7652,#7653);
#7651 = CARTESIAN_POINT('',(108.14641302723,48.,111.19628975725));
#7652 = DIRECTION('',(-0.699213490309,0.,-0.714912928244));
#7653 = DIRECTION('',(-0.714912928244,0.,0.699213490309));
#7654 = DEFINITIONAL_REPRESENTATION('',(#7655),#7659);
#7655 = CIRCLE('',#7656,1.6);
#7656 = AXIS2_PLACEMENT_2D('',#7657,#7658);
#7657 = CARTESIAN_POINT('',(0.,0.));
#7658 = DIRECTION('',(1.,0.));
#7659 = ( GEOMETRIC_REPRESENTATION_CONTEXT(2) 
PARAMETRIC_REPRESENTATION_CONTEXT() REPRESENTATION_CONTEXT('2D SPACE',''
  ) );
#7660 = ORIENTED_EDGE('',*,*,#7661,.F.);
#7661 = EDGE_CURVE('',#7662,#7628,#7664,.T.);
#7662 = VERTEX_POINT('',#7663);
#7663 = CARTESIAN_POINT('',(193.85613931481,48.,201.11874158449));
#7664 = SEAM_CURVE('',#7665,(#7669,#7676),.PCURVE_S1.);
#7665 = LINE('',#7666,#7667);
#7666 = CARTESIAN_POINT('',(193.85613931481,48.,201.11874158449));
#7667 = VECTOR('',#7668,1.);
#7668 = DIRECTION('',(-0.699213490309,0.,-0.714912928244));
#7669 = PCURVE('',#7637,#7670);
#7670 = DEFINITIONAL_REPRESENTATION('',(#7671),#7675);
#7671 = LINE('',#7672,#7673);
#7672 = CARTESIAN_POINT('',(6.28318530718,-0.));
#7673 = VECTOR('',#7674,1.);
#7674 = DIRECTION('',(0.,1.));
#7675 = ( GEOMETRIC_REPRESENTATION_CONTEXT(2) 
PARAMETRIC_REPRESENTATION_CONTEXT() REPRESENTATION_CONTEXT('2D SPACE',''
  ) );
#7676 = PCURVE('',#7637,#7677);
#7677 = DEFINITIONAL_REPRESENTATION('',(#7678),#7682);
#7678 = LINE('',#7679,#7680);
#7679 = CARTESIAN_POINT('',(0.,-0.));
#7680 = VECTOR('',#7681,1.);
#7681 = DIRECTION('',(0.,1.));
#7682 = ( GEOMETRIC_REPRESENTATION_CONTEXT(2) 
PARAMETRIC_REPRESENTATION_CONTEXT() REPRESENTATION_CONTEXT('2D SPACE',''
  ) );
#7683 = ORIENTED_EDGE('',*,*,#7684,.T.);
#7684 = EDGE_CURVE('',#7662,#7662,#7685,.T.);
#7685 = SURFACE_CURVE('',#7686,(#7691,#7698),.PCURVE_S1.);
#7686 = CIRCLE('',#7687,1.6);
#7687 = AXIS2_PLACEMENT_3D('',#7688,#7689,#7690);
#7688 = CARTESIAN_POINT('',(195.,48.,200.));
#7689 = DIRECTION('',(-0.699213490309,0.,-0.714912928244));
#7690 = DIRECTION('',(-0.714912928244,0.,0.699213490309));
#7691 = PCURVE('',#7637,#7692);
#7692 = DEFINITIONAL_REPRESENTATION('',(#7693),#7697);
#7693 = LINE('',#7694,#7695);
#7694 = CARTESIAN_POINT('',(0.,0.));
#7695 = VECTOR('',#7696,1.);
#7696 = DIRECTION('',(1.,0.));
#7697 = ( GEOMETRIC_REPRESENTATION_CONTEXT(2) 
PARAMETRIC_REPRESENTATION_CONTEXT() REPRESENTATION_CONTEXT('2D SPACE',''
  ) );
#7698 = PCURVE('',#7699,#7704);
#7699 = PLANE('',#7700);
#7700 = AXIS2_PLACEMENT_3D('',#7701,#7702,#7703);
#7701 = CARTESIAN_POINT('',(195.,48.,200.));
#7702 = DIRECTION('',(-0.699213490309,0.,-0.714912928244));
#7703 = DIRECTION('',(-0.714912928244,0.,0.699213490309));
#7704 = DEFINITIONAL_REPRESENTATION('',(#7705),#7709);
#7705 = CIRCLE('',#7706,1.6);
#7706 = AXIS2_PLACEMENT_2D('',#7707,#7708);
#7707 = CARTESIAN_POINT('',(0.,0.));
#7708 = DIRECTION('',(1.,0.));
#7709 = ( GEOMETRIC_REPRESENTATION_CONTEXT(2) 
PARAMETRIC_REPRESENTATION_CONTEXT() REPRESENTATION_CONTEXT('2D SPACE',''
  ) );
#7710 = ORIENTED_EDGE('',*,*,#7661,.T.);
#7711 = ADVANCED_FACE('',(#7712),#7649,.T.);
#7712 = FACE_BOUND('',#7713,.T.);
#7713 = EDGE_LOOP('',(#7714));
#7714 = ORIENTED_EDGE('',*,*,#7627,.T.);
#7715 = ADVANCED_FACE('',(#7716),#7699,.F.);
#7716 = FACE_BOUND('',#7717,.T.);
#7717 = EDGE_LOOP('',(#7718));
#7718 = ORIENTED_EDGE('',*,*,#7684,.F.);
#7719 = MANIFOLD_SOLID_BREP('',#7720);
#7720 = CLOSED_SHELL('',(#7721));
#7721 = ADVANCED_FACE('',(#7722),#7726,.T.);
#7722 = FACE_BOUND('',#7723,.T.);
#7723 = VERTEX_LOOP('',#7724);
#7724 = VERTEX_POINT('',#7725);
#7725 = CARTESIAN_POINT('',(195.,48.,198.4));
#7726 = SPHERICAL_SURFACE('',#7727,1.6);
#7727 = AXIS2_PLACEMENT_3D('',#7728,#7729,#7730);
#7728 = CARTESIAN_POINT('',(195.,48.,200.));
#7729 = DIRECTION('',(0.,0.,1.));
#7730 = DIRECTION('',(1.,0.,-0.));
#7731 = MANIFOLD_SOLID_BREP('',#7732);
#7732 = CLOSED_SHELL('',(#7733));
#7733 = ADVANCED_FACE('',(#7734),#7738,.T.);
#7734 = FACE_BOUND('',#7735,.T.);
#7735 = VERTEX_LOOP('',#7736);
#7736 = VERTEX_POINT('',#7737);
#7737 = CARTESIAN_POINT('',(108.14641302723,48.,109.59628975725));
#7738 = SPHERICAL_SURFACE('',#7739,1.6);
#7739 = AXIS2_PLACEMENT_3D('',#7740,#7741,#7742);
#7740 = CARTESIAN_POINT('',(108.14641302723,48.,111.19628975725));
#7741 = DIRECTION('',(0.,0.,1.));
#7742 = DIRECTION('',(1.,0.,-0.));
#7743 = MANIFOLD_SOLID_BREP('',#7744);
#7744 = CLOSED_SHELL('',(#7745,#7833,#7837));
#7745 = ADVANCED_FACE('',(#7746),#7759,.T.);
#7746 = FACE_BOUND('',#7747,.T.);
#7747 = EDGE_LOOP('',(#7748,#7782,#7805,#7832));
#7748 = ORIENTED_EDGE('',*,*,#7749,.F.);
#7749 = EDGE_CURVE('',#7750,#7750,#7752,.T.);
#7750 = VERTEX_POINT('',#7751);
#7751 = CARTESIAN_POINT('',(195.,49.019010315194,198.76646119739));
#7752 = SURFACE_CURVE('',#7753,(#7758,#7770),.PCURVE_S1.);
#7753 = CIRCLE('',#7754,1.6);
#7754 = AXIS2_PLACEMENT_3D('',#7755,#7756,#7757);
#7755 = CARTESIAN_POINT('',(195.,48.,200.));
#7756 = DIRECTION('',(0.,-0.770961751627,-0.636881446996));
#7757 = DIRECTION('',(0.,0.636881446996,-0.770961751627));
#7758 = PCURVE('',#7759,#7764);
#7759 = CYLINDRICAL_SURFACE('',#7760,1.6);
#7760 = AXIS2_PLACEMENT_3D('',#7761,#7762,#7763);
#7761 = CARTESIAN_POINT('',(195.,59.5,209.5));
#7762 = DIRECTION('',(0.,-0.770961751627,-0.636881446996));
#7763 = DIRECTION('',(0.,0.636881446996,-0.770961751627));
#7764 = DEFINITIONAL_REPRESENTATION('',(#7765),#7769);
#7765 = LINE('',#7766,#7767);
#7766 = CARTESIAN_POINT('',(0.,14.916433890176));
#7767 = VECTOR('',#7768,1.);
#7768 = DIRECTION('',(1.,0.));
#7769 = ( GEOMETRIC_REPRESENTATION_CONTEXT(2) 
PARAMETRIC_REPRESENTATION_CONTEXT() REPRESENTATION_CONTEXT('2D SPACE',''
  ) );
#7770 = PCURVE('',#7771,#7776);
#7771 = PLANE('',#7772);
#7772 = AXIS2_PLACEMENT_3D('',#7773,#7774,#7775);
#7773 = CARTESIAN_POINT('',(195.,48.,200.));
#7774 = DIRECTION('',(0.,-0.770961751627,-0.636881446996));
#7775 = DIRECTION('',(0.,0.636881446996,-0.770961751627));
#7776 = DEFINITIONAL_REPRESENTATION('',(#7777),#7781);
#7777 = CIRCLE('',#7778,1.6);
#7778 = AXIS2_PLACEMENT_2D('',#7779,#7780);
#7779 = CARTESIAN_POINT('',(0.,0.));
#7780 = DIRECTION('',(1.,0.));
#7781 = ( GEOMETRIC_REPRESENTATION_CONTEXT(2) 
PARAMETRIC_REPRESENTATION_CONTEXT() REPRESENTATION_CONTEXT('2D SPACE',''
  ) );
#7782 = ORIENTED_EDGE('',*,*,#7783,.F.);
#7783 = EDGE_CURVE('',#7784,#7750,#7786,.T.);
#7784 = VERTEX_POINT('',#7785);
#7785 = CARTESIAN_POINT('',(195.,60.519010315194,208.26646119739));
#7786 = SEAM_CURVE('',#7787,(#7791,#7798),.PCURVE_S1.);
#7787 = LINE('',#7788,#7789);
#7788 = CARTESIAN_POINT('',(195.,60.519010315194,208.26646119739));
#7789 = VECTOR('',#7790,1.);
#7790 = DIRECTION('',(0.,-0.770961751627,-0.636881446996));
#7791 = PCURVE('',#7759,#7792);
#7792 = DEFINITIONAL_REPRESENTATION('',(#7793),#7797);
#7793 = LINE('',#7794,#7795);
#7794 = CARTESIAN_POINT('',(6.28318530718,-0.));
#7795 = VECTOR('',#7796,1.);
#7796 = DIRECTION('',(0.,1.));
#7797 = ( GEOMETRIC_REPRESENTATION_CONTEXT(2) 
PARAMETRIC_REPRESENTATION_CONTEXT() REPRESENTATION_CONTEXT('2D SPACE',''
  ) );
#7798 = PCURVE('',#7759,#7799);
#7799 = DEFINITIONAL_REPRESENTATION('',(#7800),#7804);
#7800 = LINE('',#7801,#7802);
#7801 = CARTESIAN_POINT('',(0.,-0.));
#7802 = VECTOR('',#7803,1.);
#7803 = DIRECTION('',(0.,1.));
#7804 = ( GEOMETRIC_REPRESENTATION_CONTEXT(2) 
PARAMETRIC_REPRESENTATION_CONTEXT() REPRESENTATION_CONTEXT('2D SPACE',''
  ) );
#7805 = ORIENTED_EDGE('',*,*,#7806,.T.);
#7806 = EDGE_CURVE('',#7784,#7784,#7807,.T.);
#7807 = SURFACE_CURVE('',#7808,(#7813,#7820),.PCURVE_S1.);
#7808 = CIRCLE('',#7809,1.6);
#7809 = AXIS2_PLACEMENT_3D('',#7810,#7811,#7812);
#7810 = CARTESIAN_POINT('',(195.,59.5,209.5));
#7811 = DIRECTION('',(0.,-0.770961751627,-0.636881446996));
#7812 = DIRECTION('',(0.,0.636881446996,-0.770961751627));
#7813 = PCURVE('',#7759,#7814);
#7814 = DEFINITIONAL_REPRESENTATION('',(#7815),#7819);
#7815 = LINE('',#7816,#7817);
#7816 = CARTESIAN_POINT('',(0.,0.));
#7817 = VECTOR('',#7818,1.);
#7818 = DIRECTION('',(1.,0.));
#7819 = ( GEOMETRIC_REPRESENTATION_CONTEXT(2) 
PARAMETRIC_REPRESENTATION_CONTEXT() REPRESENTATION_CONTEXT('2D SPACE',''
  ) );
#7820 = PCURVE('',#7821,#7826);
#7821 = PLANE('',#7822);
#7822 = AXIS2_PLACEMENT_3D('',#7823,#7824,#7825);
#7823 = CARTESIAN_POINT('',(195.,59.5,209.5));
#7824 = DIRECTION('',(0.,-0.770961751627,-0.636881446996));
#7825 = DIRECTION('',(0.,0.636881446996,-0.770961751627));
#7826 = DEFINITIONAL_REPRESENTATION('',(#7827),#7831);
#7827 = CIRCLE('',#7828,1.6);
#7828 = AXIS2_PLACEMENT_2D('',#7829,#7830);
#7829 = CARTESIAN_POINT('',(0.,0.));
#7830 = DIRECTION('',(1.,0.));
#7831 = ( GEOMETRIC_REPRESENTATION_CONTEXT(2) 
PARAMETRIC_REPRESENTATION_CONTEXT() REPRESENTATION_CONTEXT('2D SPACE',''
  ) );
#7832 = ORIENTED_EDGE('',*,*,#7783,.T.);
#7833 = ADVANCED_FACE('',(#7834),#7771,.T.);
#7834 = FACE_BOUND('',#7835,.T.);
#7835 = EDGE_LOOP('',(#7836));
#7836 = ORIENTED_EDGE('',*,*,#7749,.T.);
#7837 = ADVANCED_FACE('',(#7838),#7821,.F.);
#7838 = FACE_BOUND('',#7839,.T.);
#7839 = EDGE_LOOP('',(#7840));
#7840 = ORIENTED_EDGE('',*,*,#7806,.F.);
#7841 = MANIFOLD_SOLID_BREP('',#7842);
#7842 = CLOSED_SHELL('',(#7843));
#7843 = ADVANCED_FACE('',(#7844),#7848,.T.);
#7844 = FACE_BOUND('',#7845,.T.);
#7845 = VERTEX_LOOP('',#7846);
#7846 = VERTEX_POINT('',#7847);
#7847 = CARTESIAN_POINT('',(195.,59.5,207.9));
#7848 = SPHERICAL_SURFACE('',#7849,1.6);
#7849 = AXIS2_PLACEMENT_3D('',#7850,#7851,#7852);
#7850 = CARTESIAN_POINT('',(195.,59.5,209.5));
#7851 = DIRECTION('',(0.,0.,1.));
#7852 = DIRECTION('',(1.,0.,-0.));
#7853 = MANIFOLD_SOLID_BREP('',#7854);
#7854 = CLOSED_SHELL('',(#7855));
#7855 = ADVANCED_FACE('',(#7856),#7860,.T.);
#7856 = FACE_BOUND('',#7857,.T.);
#7857 = VERTEX_LOOP('',#7858);
#7858 = VERTEX_POINT('',#7859);
#7859 = CARTESIAN_POINT('',(195.,48.,198.4));
#7860 = SPHERICAL_SURFACE('',#7861,1.6);
#7861 = AXIS2_PLACEMENT_3D('',#7862,#7863,#7864);
#7862 = CARTESIAN_POINT('',(195.,48.,200.));
#7863 = DIRECTION('',(0.,0.,1.));
#7864 = DIRECTION('',(1.,0.,-0.));
#7865 = MANIFOLD_SOLID_BREP('',#7866);
#7866 = CLOSED_SHELL('',(#7867,#7955,#7959));
#7867 = ADVANCED_FACE('',(#7868),#7881,.T.);
#7868 = FACE_BOUND('',#7869,.T.);
#7869 = EDGE_LOOP('',(#7870,#7904,#7927,#7954));
#7870 = ORIENTED_EDGE('',*,*,#7871,.F.);
#7871 = EDGE_CURVE('',#7872,#7872,#7874,.T.);
#7872 = VERTEX_POINT('',#7873);
#7873 = CARTESIAN_POINT('',(109.25046249713,48.,116.03824193095));
#7874 = SURFACE_CURVE('',#7875,(#7880,#7892),.PCURVE_S1.);
#7875 = CIRCLE('',#7876,1.6);
#7876 = AXIS2_PLACEMENT_3D('',#7877,#7878,#7879);
#7877 = CARTESIAN_POINT('',(108.14641302723,48.,117.19628975725));
#7878 = DIRECTION('',(-0.72377989144,-0.,-0.69003091869));
#7879 = DIRECTION('',(0.69003091869,0.,-0.72377989144));
#7880 = PCURVE('',#7881,#7886);
#7881 = CYLINDRICAL_SURFACE('',#7882,1.6);
#7882 = AXIS2_PLACEMENT_3D('',#7883,#7884,#7885);
#7883 = CARTESIAN_POINT('',(195.,48.,200.));
#7884 = DIRECTION('',(-0.72377989144,0.,-0.69003091869));
#7885 = DIRECTION('',(0.69003091869,0.,-0.72377989144));
#7886 = DEFINITIONAL_REPRESENTATION('',(#7887),#7891);
#7887 = LINE('',#7888,#7889);
#7888 = CARTESIAN_POINT('',(0.,120.));
#7889 = VECTOR('',#7890,1.);
#7890 = DIRECTION('',(1.,0.));
#7891 = ( GEOMETRIC_REPRESENTATION_CONTEXT(2) 
PARAMETRIC_REPRESENTATION_CONTEXT() REPRESENTATION_CONTEXT('2D SPACE',''
  ) );
#7892 = PCURVE('',#7893,#7898);
#7893 = PLANE('',#7894);
#7894 = AXIS2_PLACEMENT_3D('',#7895,#7896,#7897);
#7895 = CARTESIAN_POINT('',(108.14641302723,48.,117.19628975725));
#7896 = DIRECTION('',(-0.72377989144,0.,-0.69003091869));
#7897 = DIRECTION('',(0.69003091869,0.,-0.72377989144));
#7898 = DEFINITIONAL_REPRESENTATION('',(#7899),#7903);
#7899 = CIRCLE('',#7900,1.6);
#7900 = AXIS2_PLACEMENT_2D('',#7901,#7902);
#7901 = CARTESIAN_POINT('',(0.,0.));
#7902 = DIRECTION('',(1.,0.));
#7903 = ( GEOMETRIC_REPRESENTATION_CONTEXT(2) 
PARAMETRIC_REPRESENTATION_CONTEXT() REPRESENTATION_CONTEXT('2D SPACE',''
  ) );
#7904 = ORIENTED_EDGE('',*,*,#7905,.F.);
#7905 = EDGE_CURVE('',#7906,#7872,#7908,.T.);
#7906 = VERTEX_POINT('',#7907);
#7907 = CARTESIAN_POINT('',(196.1040494699,48.,198.84195217369));
#7908 = SEAM_CURVE('',#7909,(#7913,#7920),.PCURVE_S1.);
#7909 = LINE('',#7910,#7911);
#7910 = CARTESIAN_POINT('',(196.1040494699,48.,198.84195217369));
#7911 = VECTOR('',#7912,1.);
#7912 = DIRECTION('',(-0.72377989144,0.,-0.69003091869));
#7913 = PCURVE('',#7881,#7914);
#7914 = DEFINITIONAL_REPRESENTATION('',(#7915),#7919);
#7915 = LINE('',#7916,#7917);
#7916 = CARTESIAN_POINT('',(6.28318530718,-0.));
#7917 = VECTOR('',#7918,1.);
#7918 = DIRECTION('',(0.,1.));
#7919 = ( GEOMETRIC_REPRESENTATION_CONTEXT(2) 
PARAMETRIC_REPRESENTATION_CONTEXT() REPRESENTATION_CONTEXT('2D SPACE',''
  ) );
#7920 = PCURVE('',#7881,#7921);
#7921 = DEFINITIONAL_REPRESENTATION('',(#7922),#7926);
#7922 = LINE('',#7923,#7924);
#7923 = CARTESIAN_POINT('',(0.,-0.));
#7924 = VECTOR('',#7925,1.);
#7925 = DIRECTION('',(0.,1.));
#7926 = ( GEOMETRIC_REPRESENTATION_CONTEXT(2) 
PARAMETRIC_REPRESENTATION_CONTEXT() REPRESENTATION_CONTEXT('2D SPACE',''
  ) );
#7927 = ORIENTED_EDGE('',*,*,#7928,.T.);
#7928 = EDGE_CURVE('',#7906,#7906,#7929,.T.);
#7929 = SURFACE_CURVE('',#7930,(#7935,#7942),.PCURVE_S1.);
#7930 = CIRCLE('',#7931,1.6);
#7931 = AXIS2_PLACEMENT_3D('',#7932,#7933,#7934);
#7932 = CARTESIAN_POINT('',(195.,48.,200.));
#7933 = DIRECTION('',(-0.72377989144,-0.,-0.69003091869));
#7934 = DIRECTION('',(0.69003091869,0.,-0.72377989144));
#7935 = PCURVE('',#7881,#7936);
#7936 = DEFINITIONAL_REPRESENTATION('',(#7937),#7941);
#7937 = LINE('',#7938,#7939);
#7938 = CARTESIAN_POINT('',(0.,0.));
#7939 = VECTOR('',#7940,1.);
#7940 = DIRECTION('',(1.,0.));
#7941 = ( GEOMETRIC_REPRESENTATION_CONTEXT(2) 
PARAMETRIC_REPRESENTATION_CONTEXT() REPRESENTATION_CONTEXT('2D SPACE',''
  ) );
#7942 = PCURVE('',#7943,#7948);
#7943 = PLANE('',#7944);
#7944 = AXIS2_PLACEMENT_3D('',#7945,#7946,#7947);
#7945 = CARTESIAN_POINT('',(195.,48.,200.));
#7946 = DIRECTION('',(-0.72377989144,0.,-0.69003091869));
#7947 = DIRECTION('',(0.69003091869,0.,-0.72377989144));
#7948 = DEFINITIONAL_REPRESENTATION('',(#7949),#7953);
#7949 = CIRCLE('',#7950,1.6);
#7950 = AXIS2_PLACEMENT_2D('',#7951,#7952);
#7951 = CARTESIAN_POINT('',(0.,0.));
#7952 = DIRECTION('',(1.,0.));
#7953 = ( GEOMETRIC_REPRESENTATION_CONTEXT(2) 
PARAMETRIC_REPRESENTATION_CONTEXT() REPRESENTATION_CONTEXT('2D SPACE',''
  ) );
#7954 = ORIENTED_EDGE('',*,*,#7905,.T.);
#7955 = ADVANCED_FACE('',(#7956),#7893,.T.);
#7956 = FACE_BOUND('',#7957,.T.);
#7957 = EDGE_LOOP('',(#7958));
#7958 = ORIENTED_EDGE('',*,*,#7871,.T.);
#7959 = ADVANCED_FACE('',(#7960),#7943,.F.);
#7960 = FACE_BOUND('',#7961,.T.);
#7961 = EDGE_LOOP('',(#7962));
#7962 = ORIENTED_EDGE('',*,*,#7928,.F.);
#7963 = MANIFOLD_SOLID_BREP('',#7964);
#7964 = CLOSED_SHELL('',(#7965));
#7965 = ADVANCED_FACE('',(#7966),#7970,.T.);
#7966 = FACE_BOUND('',#7967,.T.);
#7967 = VERTEX_LOOP('',#7968);
#7968 = VERTEX_POINT('',#7969);
#7969 = CARTESIAN_POINT('',(195.,48.,198.4));
#7970 = SPHERICAL_SURFACE('',#7971,1.6);
#7971 = AXIS2_PLACEMENT_3D('',#7972,#7973,#7974);
#7972 = CARTESIAN_POINT('',(195.,48.,200.));
#7973 = DIRECTION('',(0.,0.,1.));
#7974 = DIRECTION('',(1.,0.,-0.));
#7975 = MANIFOLD_SOLID_BREP('',#7976);
#7976 = CLOSED_SHELL('',(#7977));
#7977 = ADVANCED_FACE('',(#7978),#7982,.T.);
#7978 = FACE_BOUND('',#7979,.T.);
#7979 = VERTEX_LOOP('',#7980);
#7980 = VERTEX_POINT('',#7981);
#7981 = CARTESIAN_POINT('',(108.14641302723,48.,115.59628975725));
#7982 = SPHERICAL_SURFACE('',#7983,1.6);
#7983 = AXIS2_PLACEMENT_3D('',#7984,#7985,#7986);
#7984 = CARTESIAN_POINT('',(108.14641302723,48.,117.19628975725));
#7985 = DIRECTION('',(0.,0.,1.));
#7986 = DIRECTION('',(1.,0.,-0.));
#7987 = MANIFOLD_SOLID_BREP('',#7988);
#7988 = CLOSED_SHELL('',(#7989,#8077,#8081));
#7989 = ADVANCED_FACE('',(#7990),#8003,.T.);
#7990 = FACE_BOUND('',#7991,.T.);
#7991 = EDGE_LOOP('',(#7992,#8026,#8049,#8076));
#7992 = ORIENTED_EDGE('',*,*,#7993,.F.);
#7993 = EDGE_CURVE('',#7994,#7994,#7996,.T.);
#7994 = VERTEX_POINT('',#7995);
#7995 = CARTESIAN_POINT('',(165.15669769054,48.,11.59142508423));
#7996 = SURFACE_CURVE('',#7997,(#8002,#8014),.PCURVE_S1.);
#7997 = CIRCLE('',#7998,1.6);
#7998 = AXIS2_PLACEMENT_3D('',#7999,#8000,#8001);
#7999 = CARTESIAN_POINT('',(166.55437891446,48.,12.370197962726));
#8000 = DIRECTION('',(0.48673304906,0.,-0.873550764954));
#8001 = DIRECTION('',(-0.873550764954,0.,-0.48673304906));
#8002 = PCURVE('',#8003,#8008);
#8003 = CYLINDRICAL_SURFACE('',#8004,1.6);
#8004 = AXIS2_PLACEMENT_3D('',#8005,#8006,#8007);
#8005 = CARTESIAN_POINT('',(108.14641302723,48.,117.19628975725));
#8006 = DIRECTION('',(0.48673304906,0.,-0.873550764954));
#8007 = DIRECTION('',(-0.873550764954,0.,-0.48673304906));
#8008 = DEFINITIONAL_REPRESENTATION('',(#8009),#8013);
#8009 = LINE('',#8010,#8011);
#8010 = CARTESIAN_POINT('',(0.,120.));
#8011 = VECTOR('',#8012,1.);
#8012 = DIRECTION('',(1.,0.));
#8013 = ( GEOMETRIC_REPRESENTATION_CONTEXT(2) 
PARAMETRIC_REPRESENTATION_CONTEXT() REPRESENTATION_CONTEXT('2D SPACE',''
  ) );
#8014 = PCURVE('',#8015,#8020);
#8015 = PLANE('',#8016);
#8016 = AXIS2_PLACEMENT_3D('',#8017,#8018,#8019);
#8017 = CARTESIAN_POINT('',(166.55437891446,48.,12.370197962726));
#8018 = DIRECTION('',(0.48673304906,0.,-0.873550764954));
#8019 = DIRECTION('',(-0.873550764954,0.,-0.48673304906));
#8020 = DEFINITIONAL_REPRESENTATION('',(#8021),#8025);
#8021 = CIRCLE('',#8022,1.6);
#8022 = AXIS2_PLACEMENT_2D('',#8023,#8024);
#8023 = CARTESIAN_POINT('',(0.,0.));
#8024 = DIRECTION('',(1.,0.));
#8025 = ( GEOMETRIC_REPRESENTATION_CONTEXT(2) 
PARAMETRIC_REPRESENTATION_CONTEXT() REPRESENTATION_CONTEXT('2D SPACE',''
  ) );
#8026 = ORIENTED_EDGE('',*,*,#8027,.F.);
#8027 = EDGE_CURVE('',#8028,#7994,#8030,.T.);
#8028 = VERTEX_POINT('',#8029);
#8029 = CARTESIAN_POINT('',(106.7487318033,48.,116.41751687876));
#8030 = SEAM_CURVE('',#8031,(#8035,#8042),.PCURVE_S1.);
#8031 = LINE('',#8032,#8033);
#8032 = CARTESIAN_POINT('',(106.7487318033,48.,116.41751687876));
#8033 = VECTOR('',#8034,1.);
#8034 = DIRECTION('',(0.48673304906,0.,-0.873550764954));
#8035 = PCURVE('',#8003,#8036);
#8036 = DEFINITIONAL_REPRESENTATION('',(#8037),#8041);
#8037 = LINE('',#8038,#8039);
#8038 = CARTESIAN_POINT('',(6.28318530718,-0.));
#8039 = VECTOR('',#8040,1.);
#8040 = DIRECTION('',(0.,1.));
#8041 = ( GEOMETRIC_REPRESENTATION_CONTEXT(2) 
PARAMETRIC_REPRESENTATION_CONTEXT() REPRESENTATION_CONTEXT('2D SPACE',''
  ) );
#8042 = PCURVE('',#8003,#8043);
#8043 = DEFINITIONAL_REPRESENTATION('',(#8044),#8048);
#8044 = LINE('',#8045,#8046);
#8045 = CARTESIAN_POINT('',(0.,-0.));
#8046 = VECTOR('',#8047,1.);
#8047 = DIRECTION('',(0.,1.));
#8048 = ( GEOMETRIC_REPRESENTATION_CONTEXT(2) 
PARAMETRIC_REPRESENTATION_CONTEXT() REPRESENTATION_CONTEXT('2D SPACE',''
  ) );
#8049 = ORIENTED_EDGE('',*,*,#8050,.T.);
#8050 = EDGE_CURVE('',#8028,#8028,#8051,.T.);
#8051 = SURFACE_CURVE('',#8052,(#8057,#8064),.PCURVE_S1.);
#8052 = CIRCLE('',#8053,1.6);
#8053 = AXIS2_PLACEMENT_3D('',#8054,#8055,#8056);
#8054 = CARTESIAN_POINT('',(108.14641302723,48.,117.19628975725));
#8055 = DIRECTION('',(0.48673304906,0.,-0.873550764954));
#8056 = DIRECTION('',(-0.873550764954,0.,-0.48673304906));
#8057 = PCURVE('',#8003,#8058);
#8058 = DEFINITIONAL_REPRESENTATION('',(#8059),#8063);
#8059 = LINE('',#8060,#8061);
#8060 = CARTESIAN_POINT('',(0.,0.));
#8061 = VECTOR('',#8062,1.);
#8062 = DIRECTION('',(1.,0.));
#8063 = ( GEOMETRIC_REPRESENTATION_CONTEXT(2) 
PARAMETRIC_REPRESENTATION_CONTEXT() REPRESENTATION_CONTEXT('2D SPACE',''
  ) );
#8064 = PCURVE('',#8065,#8070);
#8065 = PLANE('',#8066);
#8066 = AXIS2_PLACEMENT_3D('',#8067,#8068,#8069);
#8067 = CARTESIAN_POINT('',(108.14641302723,48.,117.19628975725));
#8068 = DIRECTION('',(0.48673304906,0.,-0.873550764954));
#8069 = DIRECTION('',(-0.873550764954,0.,-0.48673304906));
#8070 = DEFINITIONAL_REPRESENTATION('',(#8071),#8075);
#8071 = CIRCLE('',#8072,1.6);
#8072 = AXIS2_PLACEMENT_2D('',#8073,#8074);
#8073 = CARTESIAN_POINT('',(0.,0.));
#8074 = DIRECTION('',(1.,0.));
#8075 = ( GEOMETRIC_REPRESENTATION_CONTEXT(2) 
PARAMETRIC_REPRESENTATION_CONTEXT() REPRESENTATION_CONTEXT('2D SPACE',''
  ) );
#8076 = ORIENTED_EDGE('',*,*,#8027,.T.);
#8077 = ADVANCED_FACE('',(#8078),#8015,.T.);
#8078 = FACE_BOUND('',#8079,.T.);
#8079 = EDGE_LOOP('',(#8080));
#8080 = ORIENTED_EDGE('',*,*,#7993,.T.);
#8081 = ADVANCED_FACE('',(#8082),#8065,.F.);
#8082 = FACE_BOUND('',#8083,.T.);
#8083 = EDGE_LOOP('',(#8084));
#8084 = ORIENTED_EDGE('',*,*,#8050,.F.);
#8085 = MANIFOLD_SOLID_BREP('',#8086);
#8086 = CLOSED_SHELL('',(#8087));
#8087 = ADVANCED_FACE('',(#8088),#8092,.T.);
#8088 = FACE_BOUND('',#8089,.T.);
#8089 = VERTEX_LOOP('',#8090);
#8090 = VERTEX_POINT('',#8091);
#8091 = CARTESIAN_POINT('',(108.14641302723,48.,115.59628975725));
#8092 = SPHERICAL_SURFACE('',#8093,1.6);
#8093 = AXIS2_PLACEMENT_3D('',#8094,#8095,#8096);
#8094 = CARTESIAN_POINT('',(108.14641302723,48.,117.19628975725));
#8095 = DIRECTION('',(0.,0.,1.));
#8096 = DIRECTION('',(1.,0.,-0.));
#8097 = MANIFOLD_SOLID_BREP('',#8098);
#8098 = CLOSED_SHELL('',(#8099));
#8099 = ADVANCED_FACE('',(#8100),#8104,.T.);
#8100 = FACE_BOUND('',#8101,.T.);
#8101 = VERTEX_LOOP('',#8102);
#8102 = VERTEX_POINT('',#8103);
#8103 = CARTESIAN_POINT('',(166.55437891446,48.,10.770197962726));
#8104 = SPHERICAL_SURFACE('',#8105,1.6);
#8105 = AXIS2_PLACEMENT_3D('',#8106,#8107,#8108);
#8106 = CARTESIAN_POINT('',(166.55437891446,48.,12.370197962726));
#8107 = DIRECTION('',(0.,0.,1.));
#8108 = DIRECTION('',(1.,0.,-0.));
#8109 = MANIFOLD_SOLID_BREP('',#8110);
#8110 = CLOSED_SHELL('',(#8111,#8199,#8203));
#8111 = ADVANCED_FACE('',(#8112),#8125,.T.);
#8112 = FACE_BOUND('',#8113,.T.);
#8113 = EDGE_LOOP('',(#8114,#8148,#8171,#8198));
#8114 = ORIENTED_EDGE('',*,*,#8115,.F.);
#8115 = EDGE_CURVE('',#8116,#8116,#8118,.T.);
#8116 = VERTEX_POINT('',#8117);
#8117 = CARTESIAN_POINT('',(193.98859723604,-48.,207.23978403323));
#8118 = SURFACE_CURVE('',#8119,(#8124,#8136),.PCURVE_S1.);
#8119 = CIRCLE('',#8120,1.6);
#8120 = AXIS2_PLACEMENT_3D('',#8121,#8122,#8123);
#8121 = CARTESIAN_POINT('',(195.,-48.,206.));
#8122 = DIRECTION('',(0.701541782454,0.424617394643,0.572310401476));
#8123 = DIRECTION('',(-0.632126727472,0.,0.774865020772));
#8124 = PCURVE('',#8125,#8130);
#8125 = CYLINDRICAL_SURFACE('',#8126,1.6);
#8126 = AXIS2_PLACEMENT_3D('',#8127,#8128,#8129);
#8127 = CARTESIAN_POINT('',(176.,-59.5,190.5));
#8128 = DIRECTION('',(0.701541782454,0.424617394643,0.572310401476));
#8129 = DIRECTION('',(-0.632126727472,0.,0.774865020772));
#8130 = DEFINITIONAL_REPRESENTATION('',(#8131),#8135);
#8131 = LINE('',#8132,#8133);
#8132 = CARTESIAN_POINT('',(0.,27.083205127902));
#8133 = VECTOR('',#8134,1.);
#8134 = DIRECTION('',(1.,0.));
#8135 = ( GEOMETRIC_REPRESENTATION_CONTEXT(2) 
PARAMETRIC_REPRESENTATION_CONTEXT() REPRESENTATION_CONTEXT('2D SPACE',''
  ) );
#8136 = PCURVE('',#8137,#8142);
#8137 = PLANE('',#8138);
#8138 = AXIS2_PLACEMENT_3D('',#8139,#8140,#8141);
#8139 = CARTESIAN_POINT('',(195.,-48.,206.));
#8140 = DIRECTION('',(0.701541782454,0.424617394643,0.572310401476));
#8141 = DIRECTION('',(-0.632126727472,0.,0.774865020772));
#8142 = DEFINITIONAL_REPRESENTATION('',(#8143),#8147);
#8143 = CIRCLE('',#8144,1.6);
#8144 = AXIS2_PLACEMENT_2D('',#8145,#8146);
#8145 = CARTESIAN_POINT('',(0.,0.));
#8146 = DIRECTION('',(1.,0.));
#8147 = ( GEOMETRIC_REPRESENTATION_CONTEXT(2) 
PARAMETRIC_REPRESENTATION_CONTEXT() REPRESENTATION_CONTEXT('2D SPACE',''
  ) );
#8148 = ORIENTED_EDGE('',*,*,#8149,.F.);
#8149 = EDGE_CURVE('',#8150,#8116,#8152,.T.);
#8150 = VERTEX_POINT('',#8151);
#8151 = CARTESIAN_POINT('',(174.98859723604,-59.5,191.73978403323));
#8152 = SEAM_CURVE('',#8153,(#8157,#8164),.PCURVE_S1.);
#8153 = LINE('',#8154,#8155);
#8154 = CARTESIAN_POINT('',(174.98859723604,-59.5,191.73978403323));
#8155 = VECTOR('',#8156,1.);
#8156 = DIRECTION('',(0.701541782454,0.424617394643,0.572310401476));
#8157 = PCURVE('',#8125,#8158);
#8158 = DEFINITIONAL_REPRESENTATION('',(#8159),#8163);
#8159 = LINE('',#8160,#8161);
#8160 = CARTESIAN_POINT('',(6.28318530718,-0.));
#8161 = VECTOR('',#8162,1.);
#8162 = DIRECTION('',(0.,1.));
#8163 = ( GEOMETRIC_REPRESENTATION_CONTEXT(2) 
PARAMETRIC_REPRESENTATION_CONTEXT() REPRESENTATION_CONTEXT('2D SPACE',''
  ) );
#8164 = PCURVE('',#8125,#8165);
#8165 = DEFINITIONAL_REPRESENTATION('',(#8166),#8170);
#8166 = LINE('',#8167,#8168);
#8167 = CARTESIAN_POINT('',(0.,-0.));
#8168 = VECTOR('',#8169,1.);
#8169 = DIRECTION('',(0.,1.));
#8170 = ( GEOMETRIC_REPRESENTATION_CONTEXT(2) 
PARAMETRIC_REPRESENTATION_CONTEXT() REPRESENTATION_CONTEXT('2D SPACE',''
  ) );
#8171 = ORIENTED_EDGE('',*,*,#8172,.T.);
#8172 = EDGE_CURVE('',#8150,#8150,#8173,.T.);
#8173 = SURFACE_CURVE('',#8174,(#8179,#8186),.PCURVE_S1.);
#8174 = CIRCLE('',#8175,1.6);
#8175 = AXIS2_PLACEMENT_3D('',#8176,#8177,#8178);
#8176 = CARTESIAN_POINT('',(176.,-59.5,190.5));
#8177 = DIRECTION('',(0.701541782454,0.424617394643,0.572310401476));
#8178 = DIRECTION('',(-0.632126727472,0.,0.774865020772));
#8179 = PCURVE('',#8125,#8180);
#8180 = DEFINITIONAL_REPRESENTATION('',(#8181),#8185);
#8181 = LINE('',#8182,#8183);
#8182 = CARTESIAN_POINT('',(0.,0.));
#8183 = VECTOR('',#8184,1.);
#8184 = DIRECTION('',(1.,0.));
#8185 = ( GEOMETRIC_REPRESENTATION_CONTEXT(2) 
PARAMETRIC_REPRESENTATION_CONTEXT() REPRESENTATION_CONTEXT('2D SPACE',''
  ) );
#8186 = PCURVE('',#8187,#8192);
#8187 = PLANE('',#8188);
#8188 = AXIS2_PLACEMENT_3D('',#8189,#8190,#8191);
#8189 = CARTESIAN_POINT('',(176.,-59.5,190.5));
#8190 = DIRECTION('',(0.701541782454,0.424617394643,0.572310401476));
#8191 = DIRECTION('',(-0.632126727472,0.,0.774865020772));
#8192 = DEFINITIONAL_REPRESENTATION('',(#8193),#8197);
#8193 = CIRCLE('',#8194,1.6);
#8194 = AXIS2_PLACEMENT_2D('',#8195,#8196);
#8195 = CARTESIAN_POINT('',(0.,0.));
#8196 = DIRECTION('',(1.,0.));
#8197 = ( GEOMETRIC_REPRESENTATION_CONTEXT(2) 
PARAMETRIC_REPRESENTATION_CONTEXT() REPRESENTATION_CONTEXT('2D SPACE',''
  ) );
#8198 = ORIENTED_EDGE('',*,*,#8149,.T.);
#8199 = ADVANCED_FACE('',(#8200),#8137,.T.);
#8200 = FACE_BOUND('',#8201,.T.);
#8201 = EDGE_LOOP('',(#8202));
#8202 = ORIENTED_EDGE('',*,*,#8115,.T.);
#8203 = ADVANCED_FACE('',(#8204),#8187,.F.);
#8204 = FACE_BOUND('',#8205,.T.);
#8205 = EDGE_LOOP('',(#8206));
#8206 = ORIENTED_EDGE('',*,*,#8172,.F.);
#8207 = MANIFOLD_SOLID_BREP('',#8208);
#8208 = CLOSED_SHELL('',(#8209));
#8209 = ADVANCED_FACE('',(#8210),#8214,.T.);
#8210 = FACE_BOUND('',#8211,.T.);
#8211 = VERTEX_LOOP('',#8212);
#8212 = VERTEX_POINT('',#8213);
#8213 = CARTESIAN_POINT('',(176.,-59.5,188.9));
#8214 = SPHERICAL_SURFACE('',#8215,1.6);
#8215 = AXIS2_PLACEMENT_3D('',#8216,#8217,#8218);
#8216 = CARTESIAN_POINT('',(176.,-59.5,190.5));
#8217 = DIRECTION('',(0.,0.,1.));
#8218 = DIRECTION('',(1.,0.,-0.));
#8219 = MANIFOLD_SOLID_BREP('',#8220);
#8220 = CLOSED_SHELL('',(#8221));
#8221 = ADVANCED_FACE('',(#8222),#8226,.T.);
#8222 = FACE_BOUND('',#8223,.T.);
#8223 = VERTEX_LOOP('',#8224);
#8224 = VERTEX_POINT('',#8225);
#8225 = CARTESIAN_POINT('',(195.,-48.,204.4));
#8226 = SPHERICAL_SURFACE('',#8227,1.6);
#8227 = AXIS2_PLACEMENT_3D('',#8228,#8229,#8230);
#8228 = CARTESIAN_POINT('',(195.,-48.,206.));
#8229 = DIRECTION('',(0.,0.,1.));
#8230 = DIRECTION('',(1.,0.,-0.));
#8231 = MANIFOLD_SOLID_BREP('',#8232);
#8232 = CLOSED_SHELL('',(#8233,#8321,#8325));
#8233 = ADVANCED_FACE('',(#8234),#8247,.T.);
#8234 = FACE_BOUND('',#8235,.T.);
#8235 = EDGE_LOOP('',(#8236,#8270,#8293,#8320));
#8236 = ORIENTED_EDGE('',*,*,#8237,.F.);
#8237 = EDGE_CURVE('',#8238,#8238,#8240,.T.);
#8238 = VERTEX_POINT('',#8239);
#8239 = CARTESIAN_POINT('',(195.,-48.46585858525,195.53067820868));
#8240 = SURFACE_CURVE('',#8241,(#8246,#8258),.PCURVE_S1.);
#8241 = CIRCLE('',#8242,1.6);
#8242 = AXIS2_PLACEMENT_3D('',#8243,#8244,#8245);
#8243 = CARTESIAN_POINT('',(195.,-48.,194.));
#8244 = DIRECTION('',(-0.,0.956673880429,0.291161615783));
#8245 = DIRECTION('',(0.,-0.291161615783,0.956673880429));
#8246 = PCURVE('',#8247,#8252);
#8247 = CYLINDRICAL_SURFACE('',#8248,1.6);
#8248 = AXIS2_PLACEMENT_3D('',#8249,#8250,#8251);
#8249 = CARTESIAN_POINT('',(195.,-59.5,190.5));
#8250 = DIRECTION('',(0.,0.956673880429,0.291161615783));
#8251 = DIRECTION('',(0.,-0.291161615783,0.956673880429));
#8252 = DEFINITIONAL_REPRESENTATION('',(#8253),#8257);
#8253 = LINE('',#8254,#8255);
#8254 = CARTESIAN_POINT('',(0.,12.020815280171));
#8255 = VECTOR('',#8256,1.);
#8256 = DIRECTION('',(1.,0.));
#8257 = ( GEOMETRIC_REPRESENTATION_CONTEXT(2) 
PARAMETRIC_REPRESENTATION_CONTEXT() REPRESENTATION_CONTEXT('2D SPACE',''
  ) );
#8258 = PCURVE('',#8259,#8264);
#8259 = PLANE('',#8260);
#8260 = AXIS2_PLACEMENT_3D('',#8261,#8262,#8263);
#8261 = CARTESIAN_POINT('',(195.,-48.,194.));
#8262 = DIRECTION('',(0.,0.956673880429,0.291161615783));
#8263 = DIRECTION('',(0.,-0.291161615783,0.956673880429));
#8264 = DEFINITIONAL_REPRESENTATION('',(#8265),#8269);
#8265 = CIRCLE('',#8266,1.6);
#8266 = AXIS2_PLACEMENT_2D('',#8267,#8268);
#8267 = CARTESIAN_POINT('',(0.,0.));
#8268 = DIRECTION('',(1.,0.));
#8269 = ( GEOMETRIC_REPRESENTATION_CONTEXT(2) 
PARAMETRIC_REPRESENTATION_CONTEXT() REPRESENTATION_CONTEXT('2D SPACE',''
  ) );
#8270 = ORIENTED_EDGE('',*,*,#8271,.F.);
#8271 = EDGE_CURVE('',#8272,#8238,#8274,.T.);
#8272 = VERTEX_POINT('',#8273);
#8273 = CARTESIAN_POINT('',(195.,-59.96585858525,192.03067820868));
#8274 = SEAM_CURVE('',#8275,(#8279,#8286),.PCURVE_S1.);
#8275 = LINE('',#8276,#8277);
#8276 = CARTESIAN_POINT('',(195.,-59.96585858525,192.03067820868));
#8277 = VECTOR('',#8278,1.);
#8278 = DIRECTION('',(0.,0.956673880429,0.291161615783));
#8279 = PCURVE('',#8247,#8280);
#8280 = DEFINITIONAL_REPRESENTATION('',(#8281),#8285);
#8281 = LINE('',#8282,#8283);
#8282 = CARTESIAN_POINT('',(6.28318530718,-0.));
#8283 = VECTOR('',#8284,1.);
#8284 = DIRECTION('',(0.,1.));
#8285 = ( GEOMETRIC_REPRESENTATION_CONTEXT(2) 
PARAMETRIC_REPRESENTATION_CONTEXT() REPRESENTATION_CONTEXT('2D SPACE',''
  ) );
#8286 = PCURVE('',#8247,#8287);
#8287 = DEFINITIONAL_REPRESENTATION('',(#8288),#8292);
#8288 = LINE('',#8289,#8290);
#8289 = CARTESIAN_POINT('',(0.,-0.));
#8290 = VECTOR('',#8291,1.);
#8291 = DIRECTION('',(0.,1.));
#8292 = ( GEOMETRIC_REPRESENTATION_CONTEXT(2) 
PARAMETRIC_REPRESENTATION_CONTEXT() REPRESENTATION_CONTEXT('2D SPACE',''
  ) );
#8293 = ORIENTED_EDGE('',*,*,#8294,.T.);
#8294 = EDGE_CURVE('',#8272,#8272,#8295,.T.);
#8295 = SURFACE_CURVE('',#8296,(#8301,#8308),.PCURVE_S1.);
#8296 = CIRCLE('',#8297,1.6);
#8297 = AXIS2_PLACEMENT_3D('',#8298,#8299,#8300);
#8298 = CARTESIAN_POINT('',(195.,-59.5,190.5));
#8299 = DIRECTION('',(-0.,0.956673880429,0.291161615783));
#8300 = DIRECTION('',(0.,-0.291161615783,0.956673880429));
#8301 = PCURVE('',#8247,#8302);
#8302 = DEFINITIONAL_REPRESENTATION('',(#8303),#8307);
#8303 = LINE('',#8304,#8305);
#8304 = CARTESIAN_POINT('',(0.,0.));
#8305 = VECTOR('',#8306,1.);
#8306 = DIRECTION('',(1.,0.));
#8307 = ( GEOMETRIC_REPRESENTATION_CONTEXT(2) 
PARAMETRIC_REPRESENTATION_CONTEXT() REPRESENTATION_CONTEXT('2D SPACE',''
  ) );
#8308 = PCURVE('',#8309,#8314);
#8309 = PLANE('',#8310);
#8310 = AXIS2_PLACEMENT_3D('',#8311,#8312,#8313);
#8311 = CARTESIAN_POINT('',(195.,-59.5,190.5));
#8312 = DIRECTION('',(0.,0.956673880429,0.291161615783));
#8313 = DIRECTION('',(0.,-0.291161615783,0.956673880429));
#8314 = DEFINITIONAL_REPRESENTATION('',(#8315),#8319);
#8315 = CIRCLE('',#8316,1.6);
#8316 = AXIS2_PLACEMENT_2D('',#8317,#8318);
#8317 = CARTESIAN_POINT('',(0.,0.));
#8318 = DIRECTION('',(1.,0.));
#8319 = ( GEOMETRIC_REPRESENTATION_CONTEXT(2) 
PARAMETRIC_REPRESENTATION_CONTEXT() REPRESENTATION_CONTEXT('2D SPACE',''
  ) );
#8320 = ORIENTED_EDGE('',*,*,#8271,.T.);
#8321 = ADVANCED_FACE('',(#8322),#8259,.T.);
#8322 = FACE_BOUND('',#8323,.T.);
#8323 = EDGE_LOOP('',(#8324));
#8324 = ORIENTED_EDGE('',*,*,#8237,.T.);
#8325 = ADVANCED_FACE('',(#8326),#8309,.F.);
#8326 = FACE_BOUND('',#8327,.T.);
#8327 = EDGE_LOOP('',(#8328));
#8328 = ORIENTED_EDGE('',*,*,#8294,.F.);
#8329 = MANIFOLD_SOLID_BREP('',#8330);
#8330 = CLOSED_SHELL('',(#8331));
#8331 = ADVANCED_FACE('',(#8332),#8336,.T.);
#8332 = FACE_BOUND('',#8333,.T.);
#8333 = VERTEX_LOOP('',#8334);
#8334 = VERTEX_POINT('',#8335);
#8335 = CARTESIAN_POINT('',(195.,-59.5,188.9));
#8336 = SPHERICAL_SURFACE('',#8337,1.6);
#8337 = AXIS2_PLACEMENT_3D('',#8338,#8339,#8340);
#8338 = CARTESIAN_POINT('',(195.,-59.5,190.5));
#8339 = DIRECTION('',(0.,0.,1.));
#8340 = DIRECTION('',(1.,0.,-0.));
#8341 = MANIFOLD_SOLID_BREP('',#8342);
#8342 = CLOSED_SHELL('',(#8343));
#8343 = ADVANCED_FACE('',(#8344),#8348,.T.);
#8344 = FACE_BOUND('',#8345,.T.);
#8345 = VERTEX_LOOP('',#8346);
#8346 = VERTEX_POINT('',#8347);
#8347 = CARTESIAN_POINT('',(195.,-48.,192.4));
#8348 = SPHERICAL_SURFACE('',#8349,1.6);
#8349 = AXIS2_PLACEMENT_3D('',#8350,#8351,#8352);
#8350 = CARTESIAN_POINT('',(195.,-48.,194.));
#8351 = DIRECTION('',(0.,0.,1.));
#8352 = DIRECTION('',(1.,0.,-0.));
#8353 = MANIFOLD_SOLID_BREP('',#8354);
#8354 = CLOSED_SHELL('',(#8355,#8443,#8447));
#8355 = ADVANCED_FACE('',(#8356),#8369,.T.);
#8356 = FACE_BOUND('',#8357,.T.);
#8357 = EDGE_LOOP('',(#8358,#8392,#8415,#8442));
#8358 = ORIENTED_EDGE('',*,*,#8359,.F.);
#8359 = EDGE_CURVE('',#8360,#8360,#8362,.T.);
#8360 = VERTEX_POINT('',#8361);
#8361 = CARTESIAN_POINT('',(194.17151571295,-49.36880012642,200.));
#8362 = SURFACE_CURVE('',#8363,(#8368,#8380),.PCURVE_S1.);
#8363 = CIRCLE('',#8364,1.6);
#8364 = AXIS2_PLACEMENT_3D('',#8365,#8366,#8367);
#8365 = CARTESIAN_POINT('',(195.,-48.,200.));
#8366 = DIRECTION('',(-0.786562379621,0.476077229771,0.393281189811));
#8367 = DIRECTION('',(-0.517802679406,-0.855500079018,0.));
#8368 = PCURVE('',#8369,#8374);
#8369 = CYLINDRICAL_SURFACE('',#8370,1.6);
#8370 = AXIS2_PLACEMENT_3D('',#8371,#8372,#8373);
#8371 = CARTESIAN_POINT('',(214.,-59.5,190.5));
#8372 = DIRECTION('',(-0.786562379621,0.476077229771,0.393281189811));
#8373 = DIRECTION('',(-0.517802679406,-0.855500079018,0.));
#8374 = DEFINITIONAL_REPRESENTATION('',(#8375),#8379);
#8375 = LINE('',#8376,#8377);
#8376 = CARTESIAN_POINT('',(0.,24.155744658362));
#8377 = VECTOR('',#8378,1.);
#8378 = DIRECTION('',(1.,0.));
#8379 = ( GEOMETRIC_REPRESENTATION_CONTEXT(2) 
PARAMETRIC_REPRESENTATION_CONTEXT() REPRESENTATION_CONTEXT('2D SPACE',''
  ) );
#8380 = PCURVE('',#8381,#8386);
#8381 = PLANE('',#8382);
#8382 = AXIS2_PLACEMENT_3D('',#8383,#8384,#8385);
#8383 = CARTESIAN_POINT('',(195.,-48.,200.));
#8384 = DIRECTION('',(-0.786562379621,0.476077229771,0.393281189811));
#8385 = DIRECTION('',(-0.517802679406,-0.855500079018,0.));
#8386 = DEFINITIONAL_REPRESENTATION('',(#8387),#8391);
#8387 = CIRCLE('',#8388,1.6);
#8388 = AXIS2_PLACEMENT_2D('',#8389,#8390);
#8389 = CARTESIAN_POINT('',(0.,0.));
#8390 = DIRECTION('',(1.,0.));
#8391 = ( GEOMETRIC_REPRESENTATION_CONTEXT(2) 
PARAMETRIC_REPRESENTATION_CONTEXT() REPRESENTATION_CONTEXT('2D SPACE',''
  ) );
#8392 = ORIENTED_EDGE('',*,*,#8393,.F.);
#8393 = EDGE_CURVE('',#8394,#8360,#8396,.T.);
#8394 = VERTEX_POINT('',#8395);
#8395 = CARTESIAN_POINT('',(213.17151571295,-60.86880012642,190.5));
#8396 = SEAM_CURVE('',#8397,(#8401,#8408),.PCURVE_S1.);
#8397 = LINE('',#8398,#8399);
#8398 = CARTESIAN_POINT('',(213.17151571295,-60.86880012642,190.5));
#8399 = VECTOR('',#8400,1.);
#8400 = DIRECTION('',(-0.786562379621,0.476077229771,0.393281189811));
#8401 = PCURVE('',#8369,#8402);
#8402 = DEFINITIONAL_REPRESENTATION('',(#8403),#8407);
#8403 = LINE('',#8404,#8405);
#8404 = CARTESIAN_POINT('',(6.28318530718,-0.));
#8405 = VECTOR('',#8406,1.);
#8406 = DIRECTION('',(0.,1.));
#8407 = ( GEOMETRIC_REPRESENTATION_CONTEXT(2) 
PARAMETRIC_REPRESENTATION_CONTEXT() REPRESENTATION_CONTEXT('2D SPACE',''
  ) );
#8408 = PCURVE('',#8369,#8409);
#8409 = DEFINITIONAL_REPRESENTATION('',(#8410),#8414);
#8410 = LINE('',#8411,#8412);
#8411 = CARTESIAN_POINT('',(0.,-0.));
#8412 = VECTOR('',#8413,1.);
#8413 = DIRECTION('',(0.,1.));
#8414 = ( GEOMETRIC_REPRESENTATION_CONTEXT(2) 
PARAMETRIC_REPRESENTATION_CONTEXT() REPRESENTATION_CONTEXT('2D SPACE',''
  ) );
#8415 = ORIENTED_EDGE('',*,*,#8416,.T.);
#8416 = EDGE_CURVE('',#8394,#8394,#8417,.T.);
#8417 = SURFACE_CURVE('',#8418,(#8423,#8430),.PCURVE_S1.);
#8418 = CIRCLE('',#8419,1.6);
#8419 = AXIS2_PLACEMENT_3D('',#8420,#8421,#8422);
#8420 = CARTESIAN_POINT('',(214.,-59.5,190.5));
#8421 = DIRECTION('',(-0.786562379621,0.476077229771,0.393281189811));
#8422 = DIRECTION('',(-0.517802679406,-0.855500079018,0.));
#8423 = PCURVE('',#8369,#8424);
#8424 = DEFINITIONAL_REPRESENTATION('',(#8425),#8429);
#8425 = LINE('',#8426,#8427);
#8426 = CARTESIAN_POINT('',(0.,0.));
#8427 = VECTOR('',#8428,1.);
#8428 = DIRECTION('',(1.,0.));
#8429 = ( GEOMETRIC_REPRESENTATION_CONTEXT(2) 
PARAMETRIC_REPRESENTATION_CONTEXT() REPRESENTATION_CONTEXT('2D SPACE',''
  ) );
#8430 = PCURVE('',#8431,#8436);
#8431 = PLANE('',#8432);
#8432 = AXIS2_PLACEMENT_3D('',#8433,#8434,#8435);
#8433 = CARTESIAN_POINT('',(214.,-59.5,190.5));
#8434 = DIRECTION('',(-0.786562379621,0.476077229771,0.393281189811));
#8435 = DIRECTION('',(-0.517802679406,-0.855500079018,0.));
#8436 = DEFINITIONAL_REPRESENTATION('',(#8437),#8441);
#8437 = CIRCLE('',#8438,1.6);
#8438 = AXIS2_PLACEMENT_2D('',#8439,#8440);
#8439 = CARTESIAN_POINT('',(0.,0.));
#8440 = DIRECTION('',(1.,0.));
#8441 = ( GEOMETRIC_REPRESENTATION_CONTEXT(2) 
PARAMETRIC_REPRESENTATION_CONTEXT() REPRESENTATION_CONTEXT('2D SPACE',''
  ) );
#8442 = ORIENTED_EDGE('',*,*,#8393,.T.);
#8443 = ADVANCED_FACE('',(#8444),#8381,.T.);
#8444 = FACE_BOUND('',#8445,.T.);
#8445 = EDGE_LOOP('',(#8446));
#8446 = ORIENTED_EDGE('',*,*,#8359,.T.);
#8447 = ADVANCED_FACE('',(#8448),#8431,.F.);
#8448 = FACE_BOUND('',#8449,.T.);
#8449 = EDGE_LOOP('',(#8450));
#8450 = ORIENTED_EDGE('',*,*,#8416,.F.);
#8451 = MANIFOLD_SOLID_BREP('',#8452);
#8452 = CLOSED_SHELL('',(#8453));
#8453 = ADVANCED_FACE('',(#8454),#8458,.T.);
#8454 = FACE_BOUND('',#8455,.T.);
#8455 = VERTEX_LOOP('',#8456);
#8456 = VERTEX_POINT('',#8457);
#8457 = CARTESIAN_POINT('',(214.,-59.5,188.9));
#8458 = SPHERICAL_SURFACE('',#8459,1.6);
#8459 = AXIS2_PLACEMENT_3D('',#8460,#8461,#8462);
#8460 = CARTESIAN_POINT('',(214.,-59.5,190.5));
#8461 = DIRECTION('',(0.,0.,1.));
#8462 = DIRECTION('',(1.,0.,-0.));
#8463 = MANIFOLD_SOLID_BREP('',#8464);
#8464 = CLOSED_SHELL('',(#8465));
#8465 = ADVANCED_FACE('',(#8466),#8470,.T.);
#8466 = FACE_BOUND('',#8467,.T.);
#8467 = VERTEX_LOOP('',#8468);
#8468 = VERTEX_POINT('',#8469);
#8469 = CARTESIAN_POINT('',(195.,-48.,198.4));
#8470 = SPHERICAL_SURFACE('',#8471,1.6);
#8471 = AXIS2_PLACEMENT_3D('',#8472,#8473,#8474);
#8472 = CARTESIAN_POINT('',(195.,-48.,200.));
#8473 = DIRECTION('',(0.,0.,1.));
#8474 = DIRECTION('',(1.,0.,-0.));
#8475 = MANIFOLD_SOLID_BREP('',#8476);
#8476 = CLOSED_SHELL('',(#8477,#8565,#8569));
#8477 = ADVANCED_FACE('',(#8478),#8491,.T.);
#8478 = FACE_BOUND('',#8479,.T.);
#8479 = EDGE_LOOP('',(#8480,#8514,#8537,#8564));
#8480 = ORIENTED_EDGE('',*,*,#8481,.F.);
#8481 = EDGE_CURVE('',#8482,#8482,#8484,.T.);
#8482 = VERTEX_POINT('',#8483);
#8483 = CARTESIAN_POINT('',(109.20631205839,-48.,121.99770140267));
#8484 = SURFACE_CURVE('',#8485,(#8490,#8502),.PCURVE_S1.);
#8485 = CIRCLE('',#8486,1.6);
#8486 = AXIS2_PLACEMENT_3D('',#8487,#8488,#8489);
#8487 = CARTESIAN_POINT('',(108.14641302723,-48.,123.19628975725));
#8488 = DIRECTION('',(-0.749117721613,-0.,-0.662436894478));
#8489 = DIRECTION('',(0.662436894478,0.,-0.749117721613));
#8490 = PCURVE('',#8491,#8496);
#8491 = CYLINDRICAL_SURFACE('',#8492,1.6);
#8492 = AXIS2_PLACEMENT_3D('',#8493,#8494,#8495);
#8493 = CARTESIAN_POINT('',(195.,-48.,200.));
#8494 = DIRECTION('',(-0.749117721613,0.,-0.662436894478));
#8495 = DIRECTION('',(0.662436894478,0.,-0.749117721613));
#8496 = DEFINITIONAL_REPRESENTATION('',(#8497),#8501);
#8497 = LINE('',#8498,#8499);
#8498 = CARTESIAN_POINT('',(0.,115.94117248452));
#8499 = VECTOR('',#8500,1.);
#8500 = DIRECTION('',(1.,0.));
#8501 = ( GEOMETRIC_REPRESENTATION_CONTEXT(2) 
PARAMETRIC_REPRESENTATION_CONTEXT() REPRESENTATION_CONTEXT('2D SPACE',''
  ) );
#8502 = PCURVE('',#8503,#8508);
#8503 = PLANE('',#8504);
#8504 = AXIS2_PLACEMENT_3D('',#8505,#8506,#8507);
#8505 = CARTESIAN_POINT('',(108.14641302723,-48.,123.19628975725));
#8506 = DIRECTION('',(-0.749117721613,0.,-0.662436894478));
#8507 = DIRECTION('',(0.662436894478,0.,-0.749117721613));
#8508 = DEFINITIONAL_REPRESENTATION('',(#8509),#8513);
#8509 = CIRCLE('',#8510,1.6);
#8510 = AXIS2_PLACEMENT_2D('',#8511,#8512);
#8511 = CARTESIAN_POINT('',(0.,0.));
#8512 = DIRECTION('',(1.,0.));
#8513 = ( GEOMETRIC_REPRESENTATION_CONTEXT(2) 
PARAMETRIC_REPRESENTATION_CONTEXT() REPRESENTATION_CONTEXT('2D SPACE',''
  ) );
#8514 = ORIENTED_EDGE('',*,*,#8515,.F.);
#8515 = EDGE_CURVE('',#8516,#8482,#8518,.T.);
#8516 = VERTEX_POINT('',#8517);
#8517 = CARTESIAN_POINT('',(196.05989903116,-48.,198.80141164541));
#8518 = SEAM_CURVE('',#8519,(#8523,#8530),.PCURVE_S1.);
#8519 = LINE('',#8520,#8521);
#8520 = CARTESIAN_POINT('',(196.05989903116,-48.,198.80141164541));
#8521 = VECTOR('',#8522,1.);
#8522 = DIRECTION('',(-0.749117721613,0.,-0.662436894478));
#8523 = PCURVE('',#8491,#8524);
#8524 = DEFINITIONAL_REPRESENTATION('',(#8525),#8529);
#8525 = LINE('',#8526,#8527);
#8526 = CARTESIAN_POINT('',(6.28318530718,-0.));
#8527 = VECTOR('',#8528,1.);
#8528 = DIRECTION('',(0.,1.));
#8529 = ( GEOMETRIC_REPRESENTATION_CONTEXT(2) 
PARAMETRIC_REPRESENTATION_CONTEXT() REPRESENTATION_CONTEXT('2D SPACE',''
  ) );
#8530 = PCURVE('',#8491,#8531);
#8531 = DEFINITIONAL_REPRESENTATION('',(#8532),#8536);
#8532 = LINE('',#8533,#8534);
#8533 = CARTESIAN_POINT('',(0.,-0.));
#8534 = VECTOR('',#8535,1.);
#8535 = DIRECTION('',(0.,1.));
#8536 = ( GEOMETRIC_REPRESENTATION_CONTEXT(2) 
PARAMETRIC_REPRESENTATION_CONTEXT() REPRESENTATION_CONTEXT('2D SPACE',''
  ) );
#8537 = ORIENTED_EDGE('',*,*,#8538,.T.);
#8538 = EDGE_CURVE('',#8516,#8516,#8539,.T.);
#8539 = SURFACE_CURVE('',#8540,(#8545,#8552),.PCURVE_S1.);
#8540 = CIRCLE('',#8541,1.6);
#8541 = AXIS2_PLACEMENT_3D('',#8542,#8543,#8544);
#8542 = CARTESIAN_POINT('',(195.,-48.,200.));
#8543 = DIRECTION('',(-0.749117721613,-0.,-0.662436894478));
#8544 = DIRECTION('',(0.662436894478,0.,-0.749117721613));
#8545 = PCURVE('',#8491,#8546);
#8546 = DEFINITIONAL_REPRESENTATION('',(#8547),#8551);
#8547 = LINE('',#8548,#8549);
#8548 = CARTESIAN_POINT('',(0.,0.));
#8549 = VECTOR('',#8550,1.);
#8550 = DIRECTION('',(1.,0.));
#8551 = ( GEOMETRIC_REPRESENTATION_CONTEXT(2) 
PARAMETRIC_REPRESENTATION_CONTEXT() REPRESENTATION_CONTEXT('2D SPACE',''
  ) );
#8552 = PCURVE('',#8553,#8558);
#8553 = PLANE('',#8554);
#8554 = AXIS2_PLACEMENT_3D('',#8555,#8556,#8557);
#8555 = CARTESIAN_POINT('',(195.,-48.,200.));
#8556 = DIRECTION('',(-0.749117721613,0.,-0.662436894478));
#8557 = DIRECTION('',(0.662436894478,0.,-0.749117721613));
#8558 = DEFINITIONAL_REPRESENTATION('',(#8559),#8563);
#8559 = CIRCLE('',#8560,1.6);
#8560 = AXIS2_PLACEMENT_2D('',#8561,#8562);
#8561 = CARTESIAN_POINT('',(0.,0.));
#8562 = DIRECTION('',(1.,0.));
#8563 = ( GEOMETRIC_REPRESENTATION_CONTEXT(2) 
PARAMETRIC_REPRESENTATION_CONTEXT() REPRESENTATION_CONTEXT('2D SPACE',''
  ) );
#8564 = ORIENTED_EDGE('',*,*,#8515,.T.);
#8565 = ADVANCED_FACE('',(#8566),#8503,.T.);
#8566 = FACE_BOUND('',#8567,.T.);
#8567 = EDGE_LOOP('',(#8568));
#8568 = ORIENTED_EDGE('',*,*,#8481,.T.);
#8569 = ADVANCED_FACE('',(#8570),#8553,.F.);
#8570 = FACE_BOUND('',#8571,.T.);
#8571 = EDGE_LOOP('',(#8572));
#8572 = ORIENTED_EDGE('',*,*,#8538,.F.);
#8573 = MANIFOLD_SOLID_BREP('',#8574);
#8574 = CLOSED_SHELL('',(#8575));
#8575 = ADVANCED_FACE('',(#8576),#8580,.T.);
#8576 = FACE_BOUND('',#8577,.T.);
#8577 = VERTEX_LOOP('',#8578);
#8578 = VERTEX_POINT('',#8579);
#8579 = CARTESIAN_POINT('',(195.,-48.,198.4));
#8580 = SPHERICAL_SURFACE('',#8581,1.6);
#8581 = AXIS2_PLACEMENT_3D('',#8582,#8583,#8584);
#8582 = CARTESIAN_POINT('',(195.,-48.,200.));
#8583 = DIRECTION('',(0.,0.,1.));
#8584 = DIRECTION('',(1.,0.,-0.));
#8585 = MANIFOLD_SOLID_BREP('',#8586);
#8586 = CLOSED_SHELL('',(#8587));
#8587 = ADVANCED_FACE('',(#8588),#8592,.T.);
#8588 = FACE_BOUND('',#8589,.T.);
#8589 = VERTEX_LOOP('',#8590);
#8590 = VERTEX_POINT('',#8591);
#8591 = CARTESIAN_POINT('',(108.14641302723,-48.,121.59628975725));
#8592 = SPHERICAL_SURFACE('',#8593,1.6);
#8593 = AXIS2_PLACEMENT_3D('',#8594,#8595,#8596);
#8594 = CARTESIAN_POINT('',(108.14641302723,-48.,123.19628975725));
#8595 = DIRECTION('',(0.,0.,1.));
#8596 = DIRECTION('',(1.,0.,-0.));
#8597 = MANIFOLD_SOLID_BREP('',#8598);
#8598 = CLOSED_SHELL('',(#8599,#8687,#8691));
#8599 = ADVANCED_FACE('',(#8600),#8613,.T.);
#8600 = FACE_BOUND('',#8601,.T.);
#8601 = EDGE_LOOP('',(#8602,#8636,#8659,#8686));
#8602 = ORIENTED_EDGE('',*,*,#8603,.F.);
#8603 = EDGE_CURVE('',#8604,#8604,#8606,.T.);
#8604 = VERTEX_POINT('',#8605);
#8605 = CARTESIAN_POINT('',(194.17151571295,-46.63119987357,200.));
#8606 = SURFACE_CURVE('',#8607,(#8612,#8624),.PCURVE_S1.);
#8607 = CIRCLE('',#8608,1.6);
#8608 = AXIS2_PLACEMENT_3D('',#8609,#8610,#8611);
#8609 = CARTESIAN_POINT('',(195.,-48.,200.));
#8610 = DIRECTION('',(0.786562379621,0.476077229771,-0.393281189811));
#8611 = DIRECTION('',(-0.517802679406,0.855500079018,0.));
#8612 = PCURVE('',#8613,#8618);
#8613 = CYLINDRICAL_SURFACE('',#8614,1.6);
#8614 = AXIS2_PLACEMENT_3D('',#8615,#8616,#8617);
#8615 = CARTESIAN_POINT('',(176.,-59.5,209.5));
#8616 = DIRECTION('',(0.786562379621,0.476077229771,-0.393281189811));
#8617 = DIRECTION('',(-0.517802679406,0.855500079018,0.));
#8618 = DEFINITIONAL_REPRESENTATION('',(#8619),#8623);
#8619 = LINE('',#8620,#8621);
#8620 = CARTESIAN_POINT('',(0.,24.155744658362));
#8621 = VECTOR('',#8622,1.);
#8622 = DIRECTION('',(1.,0.));
#8623 = ( GEOMETRIC_REPRESENTATION_CONTEXT(2) 
PARAMETRIC_REPRESENTATION_CONTEXT() REPRESENTATION_CONTEXT('2D SPACE',''
  ) );
#8624 = PCURVE('',#8625,#8630);
#8625 = PLANE('',#8626);
#8626 = AXIS2_PLACEMENT_3D('',#8627,#8628,#8629);
#8627 = CARTESIAN_POINT('',(195.,-48.,200.));
#8628 = DIRECTION('',(0.786562379621,0.476077229771,-0.393281189811));
#8629 = DIRECTION('',(-0.517802679406,0.855500079018,0.));
#8630 = DEFINITIONAL_REPRESENTATION('',(#8631),#8635);
#8631 = CIRCLE('',#8632,1.6);
#8632 = AXIS2_PLACEMENT_2D('',#8633,#8634);
#8633 = CARTESIAN_POINT('',(0.,0.));
#8634 = DIRECTION('',(1.,0.));
#8635 = ( GEOMETRIC_REPRESENTATION_CONTEXT(2) 
PARAMETRIC_REPRESENTATION_CONTEXT() REPRESENTATION_CONTEXT('2D SPACE',''
  ) );
#8636 = ORIENTED_EDGE('',*,*,#8637,.F.);
#8637 = EDGE_CURVE('',#8638,#8604,#8640,.T.);
#8638 = VERTEX_POINT('',#8639);
#8639 = CARTESIAN_POINT('',(175.17151571295,-58.13119987357,209.5));
#8640 = SEAM_CURVE('',#8641,(#8645,#8652),.PCURVE_S1.);
#8641 = LINE('',#8642,#8643);
#8642 = CARTESIAN_POINT('',(175.17151571295,-58.13119987357,209.5));
#8643 = VECTOR('',#8644,1.);
#8644 = DIRECTION('',(0.786562379621,0.476077229771,-0.393281189811));
#8645 = PCURVE('',#8613,#8646);
#8646 = DEFINITIONAL_REPRESENTATION('',(#8647),#8651);
#8647 = LINE('',#8648,#8649);
#8648 = CARTESIAN_POINT('',(6.28318530718,-0.));
#8649 = VECTOR('',#8650,1.);
#8650 = DIRECTION('',(0.,1.));
#8651 = ( GEOMETRIC_REPRESENTATION_CONTEXT(2) 
PARAMETRIC_REPRESENTATION_CONTEXT() REPRESENTATION_CONTEXT('2D SPACE',''
  ) );
#8652 = PCURVE('',#8613,#8653);
#8653 = DEFINITIONAL_REPRESENTATION('',(#8654),#8658);
#8654 = LINE('',#8655,#8656);
#8655 = CARTESIAN_POINT('',(0.,-0.));
#8656 = VECTOR('',#8657,1.);
#8657 = DIRECTION('',(0.,1.));
#8658 = ( GEOMETRIC_REPRESENTATION_CONTEXT(2) 
PARAMETRIC_REPRESENTATION_CONTEXT() REPRESENTATION_CONTEXT('2D SPACE',''
  ) );
#8659 = ORIENTED_EDGE('',*,*,#8660,.T.);
#8660 = EDGE_CURVE('',#8638,#8638,#8661,.T.);
#8661 = SURFACE_CURVE('',#8662,(#8667,#8674),.PCURVE_S1.);
#8662 = CIRCLE('',#8663,1.6);
#8663 = AXIS2_PLACEMENT_3D('',#8664,#8665,#8666);
#8664 = CARTESIAN_POINT('',(176.,-59.5,209.5));
#8665 = DIRECTION('',(0.786562379621,0.476077229771,-0.393281189811));
#8666 = DIRECTION('',(-0.517802679406,0.855500079018,0.));
#8667 = PCURVE('',#8613,#8668);
#8668 = DEFINITIONAL_REPRESENTATION('',(#8669),#8673);
#8669 = LINE('',#8670,#8671);
#8670 = CARTESIAN_POINT('',(0.,0.));
#8671 = VECTOR('',#8672,1.);
#8672 = DIRECTION('',(1.,0.));
#8673 = ( GEOMETRIC_REPRESENTATION_CONTEXT(2) 
PARAMETRIC_REPRESENTATION_CONTEXT() REPRESENTATION_CONTEXT('2D SPACE',''
  ) );
#8674 = PCURVE('',#8675,#8680);
#8675 = PLANE('',#8676);
#8676 = AXIS2_PLACEMENT_3D('',#8677,#8678,#8679);
#8677 = CARTESIAN_POINT('',(176.,-59.5,209.5));
#8678 = DIRECTION('',(0.786562379621,0.476077229771,-0.393281189811));
#8679 = DIRECTION('',(-0.517802679406,0.855500079018,0.));
#8680 = DEFINITIONAL_REPRESENTATION('',(#8681),#8685);
#8681 = CIRCLE('',#8682,1.6);
#8682 = AXIS2_PLACEMENT_2D('',#8683,#8684);
#8683 = CARTESIAN_POINT('',(0.,0.));
#8684 = DIRECTION('',(1.,0.));
#8685 = ( GEOMETRIC_REPRESENTATION_CONTEXT(2) 
PARAMETRIC_REPRESENTATION_CONTEXT() REPRESENTATION_CONTEXT('2D SPACE',''
  ) );
#8686 = ORIENTED_EDGE('',*,*,#8637,.T.);
#8687 = ADVANCED_FACE('',(#8688),#8625,.T.);
#8688 = FACE_BOUND('',#8689,.T.);
#8689 = EDGE_LOOP('',(#8690));
#8690 = ORIENTED_EDGE('',*,*,#8603,.T.);
#8691 = ADVANCED_FACE('',(#8692),#8675,.F.);
#8692 = FACE_BOUND('',#8693,.T.);
#8693 = EDGE_LOOP('',(#8694));
#8694 = ORIENTED_EDGE('',*,*,#8660,.F.);
#8695 = MANIFOLD_SOLID_BREP('',#8696);
#8696 = CLOSED_SHELL('',(#8697));
#8697 = ADVANCED_FACE('',(#8698),#8702,.T.);
#8698 = FACE_BOUND('',#8699,.T.);
#8699 = VERTEX_LOOP('',#8700);
#8700 = VERTEX_POINT('',#8701);
#8701 = CARTESIAN_POINT('',(176.,-59.5,207.9));
#8702 = SPHERICAL_SURFACE('',#8703,1.6);
#8703 = AXIS2_PLACEMENT_3D('',#8704,#8705,#8706);
#8704 = CARTESIAN_POINT('',(176.,-59.5,209.5));
#8705 = DIRECTION('',(0.,0.,1.));
#8706 = DIRECTION('',(1.,0.,-0.));
#8707 = MANIFOLD_SOLID_BREP('',#8708);
#8708 = CLOSED_SHELL('',(#8709));
#8709 = ADVANCED_FACE('',(#8710),#8714,.T.);
#8710 = FACE_BOUND('',#8711,.T.);
#8711 = VERTEX_LOOP('',#8712);
#8712 = VERTEX_POINT('',#8713);
#8713 = CARTESIAN_POINT('',(195.,-48.,198.4));
#8714 = SPHERICAL_SURFACE('',#8715,1.6);
#8715 = AXIS2_PLACEMENT_3D('',#8716,#8717,#8718);
#8716 = CARTESIAN_POINT('',(195.,-48.,200.));
#8717 = DIRECTION('',(0.,0.,1.));
#8718 = DIRECTION('',(1.,0.,-0.));
#8719 = MANIFOLD_SOLID_BREP('',#8720);
#8720 = CLOSED_SHELL('',(#8721,#8809,#8813));
#8721 = ADVANCED_FACE('',(#8722),#8735,.T.);
#8722 = FACE_BOUND('',#8723,.T.);
#8723 = EDGE_LOOP('',(#8724,#8758,#8781,#8808));
#8724 = ORIENTED_EDGE('',*,*,#8725,.F.);
#8725 = EDGE_CURVE('',#8726,#8726,#8728,.T.);
#8726 = VERTEX_POINT('',#8727);
#8727 = CARTESIAN_POINT('',(107.00255234204,-48.,112.31503134175));
#8728 = SURFACE_CURVE('',#8729,(#8734,#8746),.PCURVE_S1.);
#8729 = CIRCLE('',#8730,1.6);
#8730 = AXIS2_PLACEMENT_3D('',#8731,#8732,#8733);
#8731 = CARTESIAN_POINT('',(108.14641302723,-48.,111.19628975725));
#8732 = DIRECTION('',(-0.699213490309,0.,-0.714912928244));
#8733 = DIRECTION('',(-0.714912928244,0.,0.699213490309));
#8734 = PCURVE('',#8735,#8740);
#8735 = CYLINDRICAL_SURFACE('',#8736,1.6);
#8736 = AXIS2_PLACEMENT_3D('',#8737,#8738,#8739);
#8737 = CARTESIAN_POINT('',(195.,-48.,200.));
#8738 = DIRECTION('',(-0.699213490309,0.,-0.714912928244));
#8739 = DIRECTION('',(-0.714912928244,0.,0.699213490309));
#8740 = DEFINITIONAL_REPRESENTATION('',(#8741),#8745);
#8741 = LINE('',#8742,#8743);
#8742 = CARTESIAN_POINT('',(0.,124.21612022162));
#8743 = VECTOR('',#8744,1.);
#8744 = DIRECTION('',(1.,0.));
#8745 = ( GEOMETRIC_REPRESENTATION_CONTEXT(2) 
PARAMETRIC_REPRESENTATION_CONTEXT() REPRESENTATION_CONTEXT('2D SPACE',''
  ) );
#8746 = PCURVE('',#8747,#8752);
#8747 = PLANE('',#8748);
#8748 = AXIS2_PLACEMENT_3D('',#8749,#8750,#8751);
#8749 = CARTESIAN_POINT('',(108.14641302723,-48.,111.19628975725));
#8750 = DIRECTION('',(-0.699213490309,0.,-0.714912928244));
#8751 = DIRECTION('',(-0.714912928244,0.,0.699213490309));
#8752 = DEFINITIONAL_REPRESENTATION('',(#8753),#8757);
#8753 = CIRCLE('',#8754,1.6);
#8754 = AXIS2_PLACEMENT_2D('',#8755,#8756);
#8755 = CARTESIAN_POINT('',(0.,0.));
#8756 = DIRECTION('',(1.,0.));
#8757 = ( GEOMETRIC_REPRESENTATION_CONTEXT(2) 
PARAMETRIC_REPRESENTATION_CONTEXT() REPRESENTATION_CONTEXT('2D SPACE',''
  ) );
#8758 = ORIENTED_EDGE('',*,*,#8759,.F.);
#8759 = EDGE_CURVE('',#8760,#8726,#8762,.T.);
#8760 = VERTEX_POINT('',#8761);
#8761 = CARTESIAN_POINT('',(193.85613931481,-48.,201.11874158449));
#8762 = SEAM_CURVE('',#8763,(#8767,#8774),.PCURVE_S1.);
#8763 = LINE('',#8764,#8765);
#8764 = CARTESIAN_POINT('',(193.85613931481,-48.,201.11874158449));
#8765 = VECTOR('',#8766,1.);
#8766 = DIRECTION('',(-0.699213490309,0.,-0.714912928244));
#8767 = PCURVE('',#8735,#8768);
#8768 = DEFINITIONAL_REPRESENTATION('',(#8769),#8773);
#8769 = LINE('',#8770,#8771);
#8770 = CARTESIAN_POINT('',(6.28318530718,-0.));
#8771 = VECTOR('',#8772,1.);
#8772 = DIRECTION('',(0.,1.));
#8773 = ( GEOMETRIC_REPRESENTATION_CONTEXT(2) 
PARAMETRIC_REPRESENTATION_CONTEXT() REPRESENTATION_CONTEXT('2D SPACE',''
  ) );
#8774 = PCURVE('',#8735,#8775);
#8775 = DEFINITIONAL_REPRESENTATION('',(#8776),#8780);
#8776 = LINE('',#8777,#8778);
#8777 = CARTESIAN_POINT('',(0.,-0.));
#8778 = VECTOR('',#8779,1.);
#8779 = DIRECTION('',(0.,1.));
#8780 = ( GEOMETRIC_REPRESENTATION_CONTEXT(2) 
PARAMETRIC_REPRESENTATION_CONTEXT() REPRESENTATION_CONTEXT('2D SPACE',''
  ) );
#8781 = ORIENTED_EDGE('',*,*,#8782,.T.);
#8782 = EDGE_CURVE('',#8760,#8760,#8783,.T.);
#8783 = SURFACE_CURVE('',#8784,(#8789,#8796),.PCURVE_S1.);
#8784 = CIRCLE('',#8785,1.6);
#8785 = AXIS2_PLACEMENT_3D('',#8786,#8787,#8788);
#8786 = CARTESIAN_POINT('',(195.,-48.,200.));
#8787 = DIRECTION('',(-0.699213490309,0.,-0.714912928244));
#8788 = DIRECTION('',(-0.714912928244,0.,0.699213490309));
#8789 = PCURVE('',#8735,#8790);
#8790 = DEFINITIONAL_REPRESENTATION('',(#8791),#8795);
#8791 = LINE('',#8792,#8793);
#8792 = CARTESIAN_POINT('',(0.,0.));
#8793 = VECTOR('',#8794,1.);
#8794 = DIRECTION('',(1.,0.));
#8795 = ( GEOMETRIC_REPRESENTATION_CONTEXT(2) 
PARAMETRIC_REPRESENTATION_CONTEXT() REPRESENTATION_CONTEXT('2D SPACE',''
  ) );
#8796 = PCURVE('',#8797,#8802);
#8797 = PLANE('',#8798);
#8798 = AXIS2_PLACEMENT_3D('',#8799,#8800,#8801);
#8799 = CARTESIAN_POINT('',(195.,-48.,200.));
#8800 = DIRECTION('',(-0.699213490309,0.,-0.714912928244));
#8801 = DIRECTION('',(-0.714912928244,0.,0.699213490309));
#8802 = DEFINITIONAL_REPRESENTATION('',(#8803),#8807);
#8803 = CIRCLE('',#8804,1.6);
#8804 = AXIS2_PLACEMENT_2D('',#8805,#8806);
#8805 = CARTESIAN_POINT('',(0.,0.));
#8806 = DIRECTION('',(1.,0.));
#8807 = ( GEOMETRIC_REPRESENTATION_CONTEXT(2) 
PARAMETRIC_REPRESENTATION_CONTEXT() REPRESENTATION_CONTEXT('2D SPACE',''
  ) );
#8808 = ORIENTED_EDGE('',*,*,#8759,.T.);
#8809 = ADVANCED_FACE('',(#8810),#8747,.T.);
#8810 = FACE_BOUND('',#8811,.T.);
#8811 = EDGE_LOOP('',(#8812));
#8812 = ORIENTED_EDGE('',*,*,#8725,.T.);
#8813 = ADVANCED_FACE('',(#8814),#8797,.F.);
#8814 = FACE_BOUND('',#8815,.T.);
#8815 = EDGE_LOOP('',(#8816));
#8816 = ORIENTED_EDGE('',*,*,#8782,.F.);
#8817 = MANIFOLD_SOLID_BREP('',#8818);
#8818 = CLOSED_SHELL('',(#8819));
#8819 = ADVANCED_FACE('',(#8820),#8824,.T.);
#8820 = FACE_BOUND('',#8821,.T.);
#8821 = VERTEX_LOOP('',#8822);
#8822 = VERTEX_POINT('',#8823);
#8823 = CARTESIAN_POINT('',(195.,-48.,198.4));
#8824 = SPHERICAL_SURFACE('',#8825,1.6);
#8825 = AXIS2_PLACEMENT_3D('',#8826,#8827,#8828);
#8826 = CARTESIAN_POINT('',(195.,-48.,200.));
#8827 = DIRECTION('',(0.,0.,1.));
#8828 = DIRECTION('',(1.,0.,-0.));
#8829 = MANIFOLD_SOLID_BREP('',#8830);
#8830 = CLOSED_SHELL('',(#8831));
#8831 = ADVANCED_FACE('',(#8832),#8836,.T.);
#8832 = FACE_BOUND('',#8833,.T.);
#8833 = VERTEX_LOOP('',#8834);
#8834 = VERTEX_POINT('',#8835);
#8835 = CARTESIAN_POINT('',(108.14641302723,-48.,109.59628975725));
#8836 = SPHERICAL_SURFACE('',#8837,1.6);
#8837 = AXIS2_PLACEMENT_3D('',#8838,#8839,#8840);
#8838 = CARTESIAN_POINT('',(108.14641302723,-48.,111.19628975725));
#8839 = DIRECTION('',(0.,0.,1.));
#8840 = DIRECTION('',(1.,0.,-0.));
#8841 = MANIFOLD_SOLID_BREP('',#8842);
#8842 = CLOSED_SHELL('',(#8843,#8931,#8935));
#8843 = ADVANCED_FACE('',(#8844),#8857,.T.);
#8844 = FACE_BOUND('',#8845,.T.);
#8845 = EDGE_LOOP('',(#8846,#8880,#8903,#8930));
#8846 = ORIENTED_EDGE('',*,*,#8847,.F.);
#8847 = EDGE_CURVE('',#8848,#8848,#8850,.T.);
#8848 = VERTEX_POINT('',#8849);
#8849 = CARTESIAN_POINT('',(195.,-46.9809896848,201.2335388026));
#8850 = SURFACE_CURVE('',#8851,(#8856,#8868),.PCURVE_S1.);
#8851 = CIRCLE('',#8852,1.6);
#8852 = AXIS2_PLACEMENT_3D('',#8853,#8854,#8855);
#8853 = CARTESIAN_POINT('',(195.,-48.,200.));
#8854 = DIRECTION('',(0.,0.770961751627,-0.636881446996));
#8855 = DIRECTION('',(0.,0.636881446996,0.770961751627));
#8856 = PCURVE('',#8857,#8862);
#8857 = CYLINDRICAL_SURFACE('',#8858,1.6);
#8858 = AXIS2_PLACEMENT_3D('',#8859,#8860,#8861);
#8859 = CARTESIAN_POINT('',(195.,-59.5,209.5));
#8860 = DIRECTION('',(0.,0.770961751627,-0.636881446996));
#8861 = DIRECTION('',(0.,0.636881446996,0.770961751627));
#8862 = DEFINITIONAL_REPRESENTATION('',(#8863),#8867);
#8863 = LINE('',#8864,#8865);
#8864 = CARTESIAN_POINT('',(0.,14.916433890176));
#8865 = VECTOR('',#8866,1.);
#8866 = DIRECTION('',(1.,0.));
#8867 = ( GEOMETRIC_REPRESENTATION_CONTEXT(2) 
PARAMETRIC_REPRESENTATION_CONTEXT() REPRESENTATION_CONTEXT('2D SPACE',''
  ) );
#8868 = PCURVE('',#8869,#8874);
#8869 = PLANE('',#8870);
#8870 = AXIS2_PLACEMENT_3D('',#8871,#8872,#8873);
#8871 = CARTESIAN_POINT('',(195.,-48.,200.));
#8872 = DIRECTION('',(0.,0.770961751627,-0.636881446996));
#8873 = DIRECTION('',(0.,0.636881446996,0.770961751627));
#8874 = DEFINITIONAL_REPRESENTATION('',(#8875),#8879);
#8875 = CIRCLE('',#8876,1.6);
#8876 = AXIS2_PLACEMENT_2D('',#8877,#8878);
#8877 = CARTESIAN_POINT('',(0.,0.));
#8878 = DIRECTION('',(1.,0.));
#8879 = ( GEOMETRIC_REPRESENTATION_CONTEXT(2) 
PARAMETRIC_REPRESENTATION_CONTEXT() REPRESENTATION_CONTEXT('2D SPACE',''
  ) );
#8880 = ORIENTED_EDGE('',*,*,#8881,.F.);
#8881 = EDGE_CURVE('',#8882,#8848,#8884,.T.);
#8882 = VERTEX_POINT('',#8883);
#8883 = CARTESIAN_POINT('',(195.,-58.4809896848,210.7335388026));
#8884 = SEAM_CURVE('',#8885,(#8889,#8896),.PCURVE_S1.);
#8885 = LINE('',#8886,#8887);
#8886 = CARTESIAN_POINT('',(195.,-58.4809896848,210.7335388026));
#8887 = VECTOR('',#8888,1.);
#8888 = DIRECTION('',(0.,0.770961751627,-0.636881446996));
#8889 = PCURVE('',#8857,#8890);
#8890 = DEFINITIONAL_REPRESENTATION('',(#8891),#8895);
#8891 = LINE('',#8892,#8893);
#8892 = CARTESIAN_POINT('',(6.28318530718,-0.));
#8893 = VECTOR('',#8894,1.);
#8894 = DIRECTION('',(0.,1.));
#8895 = ( GEOMETRIC_REPRESENTATION_CONTEXT(2) 
PARAMETRIC_REPRESENTATION_CONTEXT() REPRESENTATION_CONTEXT('2D SPACE',''
  ) );
#8896 = PCURVE('',#8857,#8897);
#8897 = DEFINITIONAL_REPRESENTATION('',(#8898),#8902);
#8898 = LINE('',#8899,#8900);
#8899 = CARTESIAN_POINT('',(0.,-0.));
#8900 = VECTOR('',#8901,1.);
#8901 = DIRECTION('',(0.,1.));
#8902 = ( GEOMETRIC_REPRESENTATION_CONTEXT(2) 
PARAMETRIC_REPRESENTATION_CONTEXT() REPRESENTATION_CONTEXT('2D SPACE',''
  ) );
#8903 = ORIENTED_EDGE('',*,*,#8904,.T.);
#8904 = EDGE_CURVE('',#8882,#8882,#8905,.T.);
#8905 = SURFACE_CURVE('',#8906,(#8911,#8918),.PCURVE_S1.);
#8906 = CIRCLE('',#8907,1.6);
#8907 = AXIS2_PLACEMENT_3D('',#8908,#8909,#8910);
#8908 = CARTESIAN_POINT('',(195.,-59.5,209.5));
#8909 = DIRECTION('',(0.,0.770961751627,-0.636881446996));
#8910 = DIRECTION('',(0.,0.636881446996,0.770961751627));
#8911 = PCURVE('',#8857,#8912);
#8912 = DEFINITIONAL_REPRESENTATION('',(#8913),#8917);
#8913 = LINE('',#8914,#8915);
#8914 = CARTESIAN_POINT('',(0.,0.));
#8915 = VECTOR('',#8916,1.);
#8916 = DIRECTION('',(1.,0.));
#8917 = ( GEOMETRIC_REPRESENTATION_CONTEXT(2) 
PARAMETRIC_REPRESENTATION_CONTEXT() REPRESENTATION_CONTEXT('2D SPACE',''
  ) );
#8918 = PCURVE('',#8919,#8924);
#8919 = PLANE('',#8920);
#8920 = AXIS2_PLACEMENT_3D('',#8921,#8922,#8923);
#8921 = CARTESIAN_POINT('',(195.,-59.5,209.5));
#8922 = DIRECTION('',(0.,0.770961751627,-0.636881446996));
#8923 = DIRECTION('',(0.,0.636881446996,0.770961751627));
#8924 = DEFINITIONAL_REPRESENTATION('',(#8925),#8929);
#8925 = CIRCLE('',#8926,1.6);
#8926 = AXIS2_PLACEMENT_2D('',#8927,#8928);
#8927 = CARTESIAN_POINT('',(0.,0.));
#8928 = DIRECTION('',(1.,0.));
#8929 = ( GEOMETRIC_REPRESENTATION_CONTEXT(2) 
PARAMETRIC_REPRESENTATION_CONTEXT() REPRESENTATION_CONTEXT('2D SPACE',''
  ) );
#8930 = ORIENTED_EDGE('',*,*,#8881,.T.);
#8931 = ADVANCED_FACE('',(#8932),#8869,.T.);
#8932 = FACE_BOUND('',#8933,.T.);
#8933 = EDGE_LOOP('',(#8934));
#8934 = ORIENTED_EDGE('',*,*,#8847,.T.);
#8935 = ADVANCED_FACE('',(#8936),#8919,.F.);
#8936 = FACE_BOUND('',#8937,.T.);
#8937 = EDGE_LOOP('',(#8938));
#8938 = ORIENTED_EDGE('',*,*,#8904,.F.);
#8939 = MANIFOLD_SOLID_BREP('',#8940);
#8940 = CLOSED_SHELL('',(#8941));
#8941 = ADVANCED_FACE('',(#8942),#8946,.T.);
#8942 = FACE_BOUND('',#8943,.T.);
#8943 = VERTEX_LOOP('',#8944);
#8944 = VERTEX_POINT('',#8945);
#8945 = CARTESIAN_POINT('',(195.,-59.5,207.9));
#8946 = SPHERICAL_SURFACE('',#8947,1.6);
#8947 = AXIS2_PLACEMENT_3D('',#8948,#8949,#8950);
#8948 = CARTESIAN_POINT('',(195.,-59.5,209.5));
#8949 = DIRECTION('',(0.,0.,1.));
#8950 = DIRECTION('',(1.,0.,-0.));
#8951 = MANIFOLD_SOLID_BREP('',#8952);
#8952 = CLOSED_SHELL('',(#8953));
#8953 = ADVANCED_FACE('',(#8954),#8958,.T.);
#8954 = FACE_BOUND('',#8955,.T.);
#8955 = VERTEX_LOOP('',#8956);
#8956 = VERTEX_POINT('',#8957);
#8957 = CARTESIAN_POINT('',(195.,-48.,198.4));
#8958 = SPHERICAL_SURFACE('',#8959,1.6);
#8959 = AXIS2_PLACEMENT_3D('',#8960,#8961,#8962);
#8960 = CARTESIAN_POINT('',(195.,-48.,200.));
#8961 = DIRECTION('',(0.,0.,1.));
#8962 = DIRECTION('',(1.,0.,-0.));
#8963 = MANIFOLD_SOLID_BREP('',#8964);
#8964 = CLOSED_SHELL('',(#8965,#9053,#9057));
#8965 = ADVANCED_FACE('',(#8966),#8979,.T.);
#8966 = FACE_BOUND('',#8967,.T.);
#8967 = EDGE_LOOP('',(#8968,#9002,#9025,#9052));
#8968 = ORIENTED_EDGE('',*,*,#8969,.F.);
#8969 = EDGE_CURVE('',#8970,#8970,#8972,.T.);
#8970 = VERTEX_POINT('',#8971);
#8971 = CARTESIAN_POINT('',(109.25046249713,-48.,116.03824193095));
#8972 = SURFACE_CURVE('',#8973,(#8978,#8990),.PCURVE_S1.);
#8973 = CIRCLE('',#8974,1.6);
#8974 = AXIS2_PLACEMENT_3D('',#8975,#8976,#8977);
#8975 = CARTESIAN_POINT('',(108.14641302723,-48.,117.19628975725));
#8976 = DIRECTION('',(-0.72377989144,-0.,-0.69003091869));
#8977 = DIRECTION('',(0.69003091869,0.,-0.72377989144));
#8978 = PCURVE('',#8979,#8984);
#8979 = CYLINDRICAL_SURFACE('',#8980,1.6);
#8980 = AXIS2_PLACEMENT_3D('',#8981,#8982,#8983);
#8981 = CARTESIAN_POINT('',(195.,-48.,200.));
#8982 = DIRECTION('',(-0.72377989144,0.,-0.69003091869));
#8983 = DIRECTION('',(0.69003091869,0.,-0.72377989144));
#8984 = DEFINITIONAL_REPRESENTATION('',(#8985),#8989);
#8985 = LINE('',#8986,#8987);
#8986 = CARTESIAN_POINT('',(0.,120.));
#8987 = VECTOR('',#8988,1.);
#8988 = DIRECTION('',(1.,0.));
#8989 = ( GEOMETRIC_REPRESENTATION_CONTEXT(2) 
PARAMETRIC_REPRESENTATION_CONTEXT() REPRESENTATION_CONTEXT('2D SPACE',''
  ) );
#8990 = PCURVE('',#8991,#8996);
#8991 = PLANE('',#8992);
#8992 = AXIS2_PLACEMENT_3D('',#8993,#8994,#8995);
#8993 = CARTESIAN_POINT('',(108.14641302723,-48.,117.19628975725));
#8994 = DIRECTION('',(-0.72377989144,0.,-0.69003091869));
#8995 = DIRECTION('',(0.69003091869,0.,-0.72377989144));
#8996 = DEFINITIONAL_REPRESENTATION('',(#8997),#9001);
#8997 = CIRCLE('',#8998,1.6);
#8998 = AXIS2_PLACEMENT_2D('',#8999,#9000);
#8999 = CARTESIAN_POINT('',(0.,0.));
#9000 = DIRECTION('',(1.,0.));
#9001 = ( GEOMETRIC_REPRESENTATION_CONTEXT(2) 
PARAMETRIC_REPRESENTATION_CONTEXT() REPRESENTATION_CONTEXT('2D SPACE',''
  ) );
#9002 = ORIENTED_EDGE('',*,*,#9003,.F.);
#9003 = EDGE_CURVE('',#9004,#8970,#9006,.T.);
#9004 = VERTEX_POINT('',#9005);
#9005 = CARTESIAN_POINT('',(196.1040494699,-48.,198.84195217369));
#9006 = SEAM_CURVE('',#9007,(#9011,#9018),.PCURVE_S1.);
#9007 = LINE('',#9008,#9009);
#9008 = CARTESIAN_POINT('',(196.1040494699,-48.,198.84195217369));
#9009 = VECTOR('',#9010,1.);
#9010 = DIRECTION('',(-0.72377989144,0.,-0.69003091869));
#9011 = PCURVE('',#8979,#9012);
#9012 = DEFINITIONAL_REPRESENTATION('',(#9013),#9017);
#9013 = LINE('',#9014,#9015);
#9014 = CARTESIAN_POINT('',(6.28318530718,-0.));
#9015 = VECTOR('',#9016,1.);
#9016 = DIRECTION('',(0.,1.));
#9017 = ( GEOMETRIC_REPRESENTATION_CONTEXT(2) 
PARAMETRIC_REPRESENTATION_CONTEXT() REPRESENTATION_CONTEXT('2D SPACE',''
  ) );
#9018 = PCURVE('',#8979,#9019);
#9019 = DEFINITIONAL_REPRESENTATION('',(#9020),#9024);
#9020 = LINE('',#9021,#9022);
#9021 = CARTESIAN_POINT('',(0.,-0.));
#9022 = VECTOR('',#9023,1.);
#9023 = DIRECTION('',(0.,1.));
#9024 = ( GEOMETRIC_REPRESENTATION_CONTEXT(2) 
PARAMETRIC_REPRESENTATION_CONTEXT() REPRESENTATION_CONTEXT('2D SPACE',''
  ) );
#9025 = ORIENTED_EDGE('',*,*,#9026,.T.);
#9026 = EDGE_CURVE('',#9004,#9004,#9027,.T.);
#9027 = SURFACE_CURVE('',#9028,(#9033,#9040),.PCURVE_S1.);
#9028 = CIRCLE('',#9029,1.6);
#9029 = AXIS2_PLACEMENT_3D('',#9030,#9031,#9032);
#9030 = CARTESIAN_POINT('',(195.,-48.,200.));
#9031 = DIRECTION('',(-0.72377989144,-0.,-0.69003091869));
#9032 = DIRECTION('',(0.69003091869,0.,-0.72377989144));
#9033 = PCURVE('',#8979,#9034);
#9034 = DEFINITIONAL_REPRESENTATION('',(#9035),#9039);
#9035 = LINE('',#9036,#9037);
#9036 = CARTESIAN_POINT('',(0.,0.));
#9037 = VECTOR('',#9038,1.);
#9038 = DIRECTION('',(1.,0.));
#9039 = ( GEOMETRIC_REPRESENTATION_CONTEXT(2) 
PARAMETRIC_REPRESENTATION_CONTEXT() REPRESENTATION_CONTEXT('2D SPACE',''
  ) );
#9040 = PCURVE('',#9041,#9046);
#9041 = PLANE('',#9042);
#9042 = AXIS2_PLACEMENT_3D('',#9043,#9044,#9045);
#9043 = CARTESIAN_POINT('',(195.,-48.,200.));
#9044 = DIRECTION('',(-0.72377989144,0.,-0.69003091869));
#9045 = DIRECTION('',(0.69003091869,0.,-0.72377989144));
#9046 = DEFINITIONAL_REPRESENTATION('',(#9047),#9051);
#9047 = CIRCLE('',#9048,1.6);
#9048 = AXIS2_PLACEMENT_2D('',#9049,#9050);
#9049 = CARTESIAN_POINT('',(0.,0.));
#9050 = DIRECTION('',(1.,0.));
#9051 = ( GEOMETRIC_REPRESENTATION_CONTEXT(2) 
PARAMETRIC_REPRESENTATION_CONTEXT() REPRESENTATION_CONTEXT('2D SPACE',''
  ) );
#9052 = ORIENTED_EDGE('',*,*,#9003,.T.);
#9053 = ADVANCED_FACE('',(#9054),#8991,.T.);
#9054 = FACE_BOUND('',#9055,.T.);
#9055 = EDGE_LOOP('',(#9056));
#9056 = ORIENTED_EDGE('',*,*,#8969,.T.);
#9057 = ADVANCED_FACE('',(#9058),#9041,.F.);
#9058 = FACE_BOUND('',#9059,.T.);
#9059 = EDGE_LOOP('',(#9060));
#9060 = ORIENTED_EDGE('',*,*,#9026,.F.);
#9061 = MANIFOLD_SOLID_BREP('',#9062);
#9062 = CLOSED_SHELL('',(#9063));
#9063 = ADVANCED_FACE('',(#9064),#9068,.T.);
#9064 = FACE_BOUND('',#9065,.T.);
#9065 = VERTEX_LOOP('',#9066);
#9066 = VERTEX_POINT('',#9067);
#9067 = CARTESIAN_POINT('',(195.,-48.,198.4));
#9068 = SPHERICAL_SURFACE('',#9069,1.6);
#9069 = AXIS2_PLACEMENT_3D('',#9070,#9071,#9072);
#9070 = CARTESIAN_POINT('',(195.,-48.,200.));
#9071 = DIRECTION('',(0.,0.,1.));
#9072 = DIRECTION('',(1.,0.,-0.));
#9073 = MANIFOLD_SOLID_BREP('',#9074);
#9074 = CLOSED_SHELL('',(#9075));
#9075 = ADVANCED_FACE('',(#9076),#9080,.T.);
#9076 = FACE_BOUND('',#9077,.T.);
#9077 = VERTEX_LOOP('',#9078);
#9078 = VERTEX_POINT('',#9079);
#9079 = CARTESIAN_POINT('',(108.14641302723,-48.,115.59628975725));
#9080 = SPHERICAL_SURFACE('',#9081,1.6);
#9081 = AXIS2_PLACEMENT_3D('',#9082,#9083,#9084);
#9082 = CARTESIAN_POINT('',(108.14641302723,-48.,117.19628975725));
#9083 = DIRECTION('',(0.,0.,1.));
#9084 = DIRECTION('',(1.,0.,-0.));
#9085 = MANIFOLD_SOLID_BREP('',#9086);
#9086 = CLOSED_SHELL('',(#9087,#9175,#9179));
#9087 = ADVANCED_FACE('',(#9088),#9101,.T.);
#9088 = FACE_BOUND('',#9089,.T.);
#9089 = EDGE_LOOP('',(#9090,#9124,#9147,#9174));
#9090 = ORIENTED_EDGE('',*,*,#9091,.F.);
#9091 = EDGE_CURVE('',#9092,#9092,#9094,.T.);
#9092 = VERTEX_POINT('',#9093);
#9093 = CARTESIAN_POINT('',(165.15669769054,-48.,11.59142508423));
#9094 = SURFACE_CURVE('',#9095,(#9100,#9112),.PCURVE_S1.);
#9095 = CIRCLE('',#9096,1.6);
#9096 = AXIS2_PLACEMENT_3D('',#9097,#9098,#9099);
#9097 = CARTESIAN_POINT('',(166.55437891446,-48.,12.370197962726));
#9098 = DIRECTION('',(0.48673304906,0.,-0.873550764954));
#9099 = DIRECTION('',(-0.873550764954,0.,-0.48673304906));
#9100 = PCURVE('',#9101,#9106);
#9101 = CYLINDRICAL_SURFACE('',#9102,1.6);
#9102 = AXIS2_PLACEMENT_3D('',#9103,#9104,#9105);
#9103 = CARTESIAN_POINT('',(108.14641302723,-48.,117.19628975725));
#9104 = DIRECTION('',(0.48673304906,0.,-0.873550764954));
#9105 = DIRECTION('',(-0.873550764954,0.,-0.48673304906));
#9106 = DEFINITIONAL_REPRESENTATION('',(#9107),#9111);
#9107 = LINE('',#9108,#9109);
#9108 = CARTESIAN_POINT('',(0.,120.));
#9109 = VECTOR('',#9110,1.);
#9110 = DIRECTION('',(1.,0.));
#9111 = ( GEOMETRIC_REPRESENTATION_CONTEXT(2) 
PARAMETRIC_REPRESENTATION_CONTEXT() REPRESENTATION_CONTEXT('2D SPACE',''
  ) );
#9112 = PCURVE('',#9113,#9118);
#9113 = PLANE('',#9114);
#9114 = AXIS2_PLACEMENT_3D('',#9115,#9116,#9117);
#9115 = CARTESIAN_POINT('',(166.55437891446,-48.,12.370197962726));
#9116 = DIRECTION('',(0.48673304906,0.,-0.873550764954));
#9117 = DIRECTION('',(-0.873550764954,0.,-0.48673304906));
#9118 = DEFINITIONAL_REPRESENTATION('',(#9119),#9123);
#9119 = CIRCLE('',#9120,1.6);
#9120 = AXIS2_PLACEMENT_2D('',#9121,#9122);
#9121 = CARTESIAN_POINT('',(0.,0.));
#9122 = DIRECTION('',(1.,0.));
#9123 = ( GEOMETRIC_REPRESENTATION_CONTEXT(2) 
PARAMETRIC_REPRESENTATION_CONTEXT() REPRESENTATION_CONTEXT('2D SPACE',''
  ) );
#9124 = ORIENTED_EDGE('',*,*,#9125,.F.);
#9125 = EDGE_CURVE('',#9126,#9092,#9128,.T.);
#9126 = VERTEX_POINT('',#9127);
#9127 = CARTESIAN_POINT('',(106.7487318033,-48.,116.41751687876));
#9128 = SEAM_CURVE('',#9129,(#9133,#9140),.PCURVE_S1.);
#9129 = LINE('',#9130,#9131);
#9130 = CARTESIAN_POINT('',(106.7487318033,-48.,116.41751687876));
#9131 = VECTOR('',#9132,1.);
#9132 = DIRECTION('',(0.48673304906,0.,-0.873550764954));
#9133 = PCURVE('',#9101,#9134);
#9134 = DEFINITIONAL_REPRESENTATION('',(#9135),#9139);
#9135 = LINE('',#9136,#9137);
#9136 = CARTESIAN_POINT('',(6.28318530718,-0.));
#9137 = VECTOR('',#9138,1.);
#9138 = DIRECTION('',(0.,1.));
#9139 = ( GEOMETRIC_REPRESENTATION_CONTEXT(2) 
PARAMETRIC_REPRESENTATION_CONTEXT() REPRESENTATION_CONTEXT('2D SPACE',''
  ) );
#9140 = PCURVE('',#9101,#9141);
#9141 = DEFINITIONAL_REPRESENTATION('',(#9142),#9146);
#9142 = LINE('',#9143,#9144);
#9143 = CARTESIAN_POINT('',(0.,-0.));
#9144 = VECTOR('',#9145,1.);
#9145 = DIRECTION('',(0.,1.));
#9146 = ( GEOMETRIC_REPRESENTATION_CONTEXT(2) 
PARAMETRIC_REPRESENTATION_CONTEXT() REPRESENTATION_CONTEXT('2D SPACE',''
  ) );
#9147 = ORIENTED_EDGE('',*,*,#9148,.T.);
#9148 = EDGE_CURVE('',#9126,#9126,#9149,.T.);
#9149 = SURFACE_CURVE('',#9150,(#9155,#9162),.PCURVE_S1.);
#9150 = CIRCLE('',#9151,1.6);
#9151 = AXIS2_PLACEMENT_3D('',#9152,#9153,#9154);
#9152 = CARTESIAN_POINT('',(108.14641302723,-48.,117.19628975725));
#9153 = DIRECTION('',(0.48673304906,0.,-0.873550764954));
#9154 = DIRECTION('',(-0.873550764954,0.,-0.48673304906));
#9155 = PCURVE('',#9101,#9156);
#9156 = DEFINITIONAL_REPRESENTATION('',(#9157),#9161);
#9157 = LINE('',#9158,#9159);
#9158 = CARTESIAN_POINT('',(0.,0.));
#9159 = VECTOR('',#9160,1.);
#9160 = DIRECTION('',(1.,0.));
#9161 = ( GEOMETRIC_REPRESENTATION_CONTEXT(2) 
PARAMETRIC_REPRESENTATION_CONTEXT() REPRESENTATION_CONTEXT('2D SPACE',''
  ) );
#9162 = PCURVE('',#9163,#9168);
#9163 = PLANE('',#9164);
#9164 = AXIS2_PLACEMENT_3D('',#9165,#9166,#9167);
#9165 = CARTESIAN_POINT('',(108.14641302723,-48.,117.19628975725));
#9166 = DIRECTION('',(0.48673304906,0.,-0.873550764954));
#9167 = DIRECTION('',(-0.873550764954,0.,-0.48673304906));
#9168 = DEFINITIONAL_REPRESENTATION('',(#9169),#9173);
#9169 = CIRCLE('',#9170,1.6);
#9170 = AXIS2_PLACEMENT_2D('',#9171,#9172);
#9171 = CARTESIAN_POINT('',(0.,0.));
#9172 = DIRECTION('',(1.,0.));
#9173 = ( GEOMETRIC_REPRESENTATION_CONTEXT(2) 
PARAMETRIC_REPRESENTATION_CONTEXT() REPRESENTATION_CONTEXT('2D SPACE',''
  ) );
#9174 = ORIENTED_EDGE('',*,*,#9125,.T.);
#9175 = ADVANCED_FACE('',(#9176),#9113,.T.);
#9176 = FACE_BOUND('',#9177,.T.);
#9177 = EDGE_LOOP('',(#9178));
#9178 = ORIENTED_EDGE('',*,*,#9091,.T.);
#9179 = ADVANCED_FACE('',(#9180),#9163,.F.);
#9180 = FACE_BOUND('',#9181,.T.);
#9181 = EDGE_LOOP('',(#9182));
#9182 = ORIENTED_EDGE('',*,*,#9148,.F.);
#9183 = MANIFOLD_SOLID_BREP('',#9184);
#9184 = CLOSED_SHELL('',(#9185));
#9185 = ADVANCED_FACE('',(#9186),#9190,.T.);
#9186 = FACE_BOUND('',#9187,.T.);
#9187 = VERTEX_LOOP('',#9188);
#9188 = VERTEX_POINT('',#9189);
#9189 = CARTESIAN_POINT('',(108.14641302723,-48.,115.59628975725));
#9190 = SPHERICAL_SURFACE('',#9191,1.6);
#9191 = AXIS2_PLACEMENT_3D('',#9192,#9193,#9194);
#9192 = CARTESIAN_POINT('',(108.14641302723,-48.,117.19628975725));
#9193 = DIRECTION('',(0.,0.,1.));
#9194 = DIRECTION('',(1.,0.,-0.));
#9195 = MANIFOLD_SOLID_BREP('',#9196);
#9196 = CLOSED_SHELL('',(#9197));
#9197 = ADVANCED_FACE('',(#9198),#9202,.T.);
#9198 = FACE_BOUND('',#9199,.T.);
#9199 = VERTEX_LOOP('',#9200);
#9200 = VERTEX_POINT('',#9201);
#9201 = CARTESIAN_POINT('',(166.55437891446,-48.,10.770197962726));
#9202 = SPHERICAL_SURFACE('',#9203,1.6);
#9203 = AXIS2_PLACEMENT_3D('',#9204,#9205,#9206);
#9204 = CARTESIAN_POINT('',(166.55437891446,-48.,12.370197962726));
#9205 = DIRECTION('',(0.,0.,1.));
#9206 = DIRECTION('',(1.,0.,-0.));
#9207 = MANIFOLD_SOLID_BREP('',#9208);
#9208 = CLOSED_SHELL('',(#9209,#9297,#9301));
#9209 = ADVANCED_FACE('',(#9210),#9223,.T.);
#9210 = FACE_BOUND('',#9211,.T.);
#9211 = EDGE_LOOP('',(#9212,#9246,#9269,#9296));
#9212 = ORIENTED_EDGE('',*,*,#9213,.F.);
#9213 = EDGE_CURVE('',#9214,#9214,#9216,.T.);
#9214 = VERTEX_POINT('',#9215);
#9215 = CARTESIAN_POINT('',(-1.011402763955,48.,207.23978403323));
#9216 = SURFACE_CURVE('',#9217,(#9222,#9234),.PCURVE_S1.);
#9217 = CIRCLE('',#9218,1.6);
#9218 = AXIS2_PLACEMENT_3D('',#9219,#9220,#9221);
#9219 = CARTESIAN_POINT('',(-2.84217094304E-14,48.,206.));
#9220 = DIRECTION('',(0.701541782454,-0.424617394643,0.572310401476));
#9221 = DIRECTION('',(-0.632126727472,0.,0.774865020772));
#9222 = PCURVE('',#9223,#9228);
#9223 = CYLINDRICAL_SURFACE('',#9224,1.6);
#9224 = AXIS2_PLACEMENT_3D('',#9225,#9226,#9227);
#9225 = CARTESIAN_POINT('',(-19.,59.5,190.5));
#9226 = DIRECTION('',(0.701541782454,-0.424617394643,0.572310401476));
#9227 = DIRECTION('',(-0.632126727472,0.,0.774865020772));
#9228 = DEFINITIONAL_REPRESENTATION('',(#9229),#9233);
#9229 = LINE('',#9230,#9231);
#9230 = CARTESIAN_POINT('',(0.,27.083205127902));
#9231 = VECTOR('',#9232,1.);
#9232 = DIRECTION('',(1.,0.));
#9233 = ( GEOMETRIC_REPRESENTATION_CONTEXT(2) 
PARAMETRIC_REPRESENTATION_CONTEXT() REPRESENTATION_CONTEXT('2D SPACE',''
  ) );
#9234 = PCURVE('',#9235,#9240);
#9235 = PLANE('',#9236);
#9236 = AXIS2_PLACEMENT_3D('',#9237,#9238,#9239);
#9237 = CARTESIAN_POINT('',(-2.84217094304E-14,48.,206.));
#9238 = DIRECTION('',(0.701541782454,-0.424617394643,0.572310401476));
#9239 = DIRECTION('',(-0.632126727472,0.,0.774865020772));
#9240 = DEFINITIONAL_REPRESENTATION('',(#9241),#9245);
#9241 = CIRCLE('',#9242,1.6);
#9242 = AXIS2_PLACEMENT_2D('',#9243,#9244);
#9243 = CARTESIAN_POINT('',(0.,0.));
#9244 = DIRECTION('',(1.,0.));
#9245 = ( GEOMETRIC_REPRESENTATION_CONTEXT(2) 
PARAMETRIC_REPRESENTATION_CONTEXT() REPRESENTATION_CONTEXT('2D SPACE',''
  ) );
#9246 = ORIENTED_EDGE('',*,*,#9247,.F.);
#9247 = EDGE_CURVE('',#9248,#9214,#9250,.T.);
#9248 = VERTEX_POINT('',#9249);
#9249 = CARTESIAN_POINT('',(-20.01140276395,59.5,191.73978403323));
#9250 = SEAM_CURVE('',#9251,(#9255,#9262),.PCURVE_S1.);
#9251 = LINE('',#9252,#9253);
#9252 = CARTESIAN_POINT('',(-20.01140276395,59.5,191.73978403323));
#9253 = VECTOR('',#9254,1.);
#9254 = DIRECTION('',(0.701541782454,-0.424617394643,0.572310401476));
#9255 = PCURVE('',#9223,#9256);
#9256 = DEFINITIONAL_REPRESENTATION('',(#9257),#9261);
#9257 = LINE('',#9258,#9259);
#9258 = CARTESIAN_POINT('',(6.28318530718,-0.));
#9259 = VECTOR('',#9260,1.);
#9260 = DIRECTION('',(0.,1.));
#9261 = ( GEOMETRIC_REPRESENTATION_CONTEXT(2) 
PARAMETRIC_REPRESENTATION_CONTEXT() REPRESENTATION_CONTEXT('2D SPACE',''
  ) );
#9262 = PCURVE('',#9223,#9263);
#9263 = DEFINITIONAL_REPRESENTATION('',(#9264),#9268);
#9264 = LINE('',#9265,#9266);
#9265 = CARTESIAN_POINT('',(0.,-0.));
#9266 = VECTOR('',#9267,1.);
#9267 = DIRECTION('',(0.,1.));
#9268 = ( GEOMETRIC_REPRESENTATION_CONTEXT(2) 
PARAMETRIC_REPRESENTATION_CONTEXT() REPRESENTATION_CONTEXT('2D SPACE',''
  ) );
#9269 = ORIENTED_EDGE('',*,*,#9270,.T.);
#9270 = EDGE_CURVE('',#9248,#9248,#9271,.T.);
#9271 = SURFACE_CURVE('',#9272,(#9277,#9284),.PCURVE_S1.);
#9272 = CIRCLE('',#9273,1.6);
#9273 = AXIS2_PLACEMENT_3D('',#9274,#9275,#9276);
#9274 = CARTESIAN_POINT('',(-19.,59.5,190.5));
#9275 = DIRECTION('',(0.701541782454,-0.424617394643,0.572310401476));
#9276 = DIRECTION('',(-0.632126727472,0.,0.774865020772));
#9277 = PCURVE('',#9223,#9278);
#9278 = DEFINITIONAL_REPRESENTATION('',(#9279),#9283);
#9279 = LINE('',#9280,#9281);
#9280 = CARTESIAN_POINT('',(0.,0.));
#9281 = VECTOR('',#9282,1.);
#9282 = DIRECTION('',(1.,0.));
#9283 = ( GEOMETRIC_REPRESENTATION_CONTEXT(2) 
PARAMETRIC_REPRESENTATION_CONTEXT() REPRESENTATION_CONTEXT('2D SPACE',''
  ) );
#9284 = PCURVE('',#9285,#9290);
#9285 = PLANE('',#9286);
#9286 = AXIS2_PLACEMENT_3D('',#9287,#9288,#9289);
#9287 = CARTESIAN_POINT('',(-19.,59.5,190.5));
#9288 = DIRECTION('',(0.701541782454,-0.424617394643,0.572310401476));
#9289 = DIRECTION('',(-0.632126727472,0.,0.774865020772));
#9290 = DEFINITIONAL_REPRESENTATION('',(#9291),#9295);
#9291 = CIRCLE('',#9292,1.6);
#9292 = AXIS2_PLACEMENT_2D('',#9293,#9294);
#9293 = CARTESIAN_POINT('',(0.,0.));
#9294 = DIRECTION('',(1.,0.));
#9295 = ( GEOMETRIC_REPRESENTATION_CONTEXT(2) 
PARAMETRIC_REPRESENTATION_CONTEXT() REPRESENTATION_CONTEXT('2D SPACE',''
  ) );
#9296 = ORIENTED_EDGE('',*,*,#9247,.T.);
#9297 = ADVANCED_FACE('',(#9298),#9235,.T.);
#9298 = FACE_BOUND('',#9299,.T.);
#9299 = EDGE_LOOP('',(#9300));
#9300 = ORIENTED_EDGE('',*,*,#9213,.T.);
#9301 = ADVANCED_FACE('',(#9302),#9285,.F.);
#9302 = FACE_BOUND('',#9303,.T.);
#9303 = EDGE_LOOP('',(#9304));
#9304 = ORIENTED_EDGE('',*,*,#9270,.F.);
#9305 = MANIFOLD_SOLID_BREP('',#9306);
#9306 = CLOSED_SHELL('',(#9307));
#9307 = ADVANCED_FACE('',(#9308),#9312,.T.);
#9308 = FACE_BOUND('',#9309,.T.);
#9309 = VERTEX_LOOP('',#9310);
#9310 = VERTEX_POINT('',#9311);
#9311 = CARTESIAN_POINT('',(-19.,59.5,188.9));
#9312 = SPHERICAL_SURFACE('',#9313,1.6);
#9313 = AXIS2_PLACEMENT_3D('',#9314,#9315,#9316);
#9314 = CARTESIAN_POINT('',(-19.,59.5,190.5));
#9315 = DIRECTION('',(0.,0.,1.));
#9316 = DIRECTION('',(1.,0.,-0.));
#9317 = MANIFOLD_SOLID_BREP('',#9318);
#9318 = CLOSED_SHELL('',(#9319));
#9319 = ADVANCED_FACE('',(#9320),#9324,.T.);
#9320 = FACE_BOUND('',#9321,.T.);
#9321 = VERTEX_LOOP('',#9322);
#9322 = VERTEX_POINT('',#9323);
#9323 = CARTESIAN_POINT('',(9.797174393179E-17,48.,204.4));
#9324 = SPHERICAL_SURFACE('',#9325,1.6);
#9325 = AXIS2_PLACEMENT_3D('',#9326,#9327,#9328);
#9326 = CARTESIAN_POINT('',(0.,48.,206.));
#9327 = DIRECTION('',(0.,0.,1.));
#9328 = DIRECTION('',(1.,0.,-0.));
#9329 = MANIFOLD_SOLID_BREP('',#9330);
#9330 = CLOSED_SHELL('',(#9331,#9419,#9423));
#9331 = ADVANCED_FACE('',(#9332),#9345,.T.);
#9332 = FACE_BOUND('',#9333,.T.);
#9333 = EDGE_LOOP('',(#9334,#9368,#9391,#9418));
#9334 = ORIENTED_EDGE('',*,*,#9335,.F.);
#9335 = EDGE_CURVE('',#9336,#9336,#9338,.T.);
#9336 = VERTEX_POINT('',#9337);
#9337 = CARTESIAN_POINT('',(-3.918869757272E-16,47.534141414748,
    192.46932179131));
#9338 = SURFACE_CURVE('',#9339,(#9344,#9356),.PCURVE_S1.);
#9339 = CIRCLE('',#9340,1.6);
#9340 = AXIS2_PLACEMENT_3D('',#9341,#9342,#9343);
#9341 = CARTESIAN_POINT('',(0.,48.,194.));
#9342 = DIRECTION('',(0.,-0.956673880429,0.291161615783));
#9343 = DIRECTION('',(0.,-0.291161615783,-0.956673880429));
#9344 = PCURVE('',#9345,#9350);
#9345 = CYLINDRICAL_SURFACE('',#9346,1.6);
#9346 = AXIS2_PLACEMENT_3D('',#9347,#9348,#9349);
#9347 = CARTESIAN_POINT('',(0.,59.5,190.5));
#9348 = DIRECTION('',(0.,-0.956673880429,0.291161615783));
#9349 = DIRECTION('',(0.,-0.291161615783,-0.956673880429));
#9350 = DEFINITIONAL_REPRESENTATION('',(#9351),#9355);
#9351 = LINE('',#9352,#9353);
#9352 = CARTESIAN_POINT('',(0.,12.020815280171));
#9353 = VECTOR('',#9354,1.);
#9354 = DIRECTION('',(1.,0.));
#9355 = ( GEOMETRIC_REPRESENTATION_CONTEXT(2) 
PARAMETRIC_REPRESENTATION_CONTEXT() REPRESENTATION_CONTEXT('2D SPACE',''
  ) );
#9356 = PCURVE('',#9357,#9362);
#9357 = PLANE('',#9358);
#9358 = AXIS2_PLACEMENT_3D('',#9359,#9360,#9361);
#9359 = CARTESIAN_POINT('',(0.,48.,194.));
#9360 = DIRECTION('',(0.,-0.956673880429,0.291161615783));
#9361 = DIRECTION('',(0.,-0.291161615783,-0.956673880429));
#9362 = DEFINITIONAL_REPRESENTATION('',(#9363),#9367);
#9363 = CIRCLE('',#9364,1.6);
#9364 = AXIS2_PLACEMENT_2D('',#9365,#9366);
#9365 = CARTESIAN_POINT('',(0.,0.));
#9366 = DIRECTION('',(1.,0.));
#9367 = ( GEOMETRIC_REPRESENTATION_CONTEXT(2) 
PARAMETRIC_REPRESENTATION_CONTEXT() REPRESENTATION_CONTEXT('2D SPACE',''
  ) );
#9368 = ORIENTED_EDGE('',*,*,#9369,.F.);
#9369 = EDGE_CURVE('',#9370,#9336,#9372,.T.);
#9370 = VERTEX_POINT('',#9371);
#9371 = CARTESIAN_POINT('',(-3.918869757272E-16,59.034141414748,
    188.96932179131));
#9372 = SEAM_CURVE('',#9373,(#9377,#9384),.PCURVE_S1.);
#9373 = LINE('',#9374,#9375);
#9374 = CARTESIAN_POINT('',(-3.918869757272E-16,59.034141414748,
    188.96932179131));
#9375 = VECTOR('',#9376,1.);
#9376 = DIRECTION('',(0.,-0.956673880429,0.291161615783));
#9377 = PCURVE('',#9345,#9378);
#9378 = DEFINITIONAL_REPRESENTATION('',(#9379),#9383);
#9379 = LINE('',#9380,#9381);
#9380 = CARTESIAN_POINT('',(6.28318530718,-0.));
#9381 = VECTOR('',#9382,1.);
#9382 = DIRECTION('',(0.,1.));
#9383 = ( GEOMETRIC_REPRESENTATION_CONTEXT(2) 
PARAMETRIC_REPRESENTATION_CONTEXT() REPRESENTATION_CONTEXT('2D SPACE',''
  ) );
#9384 = PCURVE('',#9345,#9385);
#9385 = DEFINITIONAL_REPRESENTATION('',(#9386),#9390);
#9386 = LINE('',#9387,#9388);
#9387 = CARTESIAN_POINT('',(0.,-0.));
#9388 = VECTOR('',#9389,1.);
#9389 = DIRECTION('',(0.,1.));
#9390 = ( GEOMETRIC_REPRESENTATION_CONTEXT(2) 
PARAMETRIC_REPRESENTATION_CONTEXT() REPRESENTATION_CONTEXT('2D SPACE',''
  ) );
#9391 = ORIENTED_EDGE('',*,*,#9392,.T.);
#9392 = EDGE_CURVE('',#9370,#9370,#9393,.T.);
#9393 = SURFACE_CURVE('',#9394,(#9399,#9406),.PCURVE_S1.);
#9394 = CIRCLE('',#9395,1.6);
#9395 = AXIS2_PLACEMENT_3D('',#9396,#9397,#9398);
#9396 = CARTESIAN_POINT('',(0.,59.5,190.5));
#9397 = DIRECTION('',(0.,-0.956673880429,0.291161615783));
#9398 = DIRECTION('',(0.,-0.291161615783,-0.956673880429));
#9399 = PCURVE('',#9345,#9400);
#9400 = DEFINITIONAL_REPRESENTATION('',(#9401),#9405);
#9401 = LINE('',#9402,#9403);
#9402 = CARTESIAN_POINT('',(0.,0.));
#9403 = VECTOR('',#9404,1.);
#9404 = DIRECTION('',(1.,0.));
#9405 = ( GEOMETRIC_REPRESENTATION_CONTEXT(2) 
PARAMETRIC_REPRESENTATION_CONTEXT() REPRESENTATION_CONTEXT('2D SPACE',''
  ) );
#9406 = PCURVE('',#9407,#9412);
#9407 = PLANE('',#9408);
#9408 = AXIS2_PLACEMENT_3D('',#9409,#9410,#9411);
#9409 = CARTESIAN_POINT('',(0.,59.5,190.5));
#9410 = DIRECTION('',(0.,-0.956673880429,0.291161615783));
#9411 = DIRECTION('',(0.,-0.291161615783,-0.956673880429));
#9412 = DEFINITIONAL_REPRESENTATION('',(#9413),#9417);
#9413 = CIRCLE('',#9414,1.6);
#9414 = AXIS2_PLACEMENT_2D('',#9415,#9416);
#9415 = CARTESIAN_POINT('',(0.,0.));
#9416 = DIRECTION('',(1.,0.));
#9417 = ( GEOMETRIC_REPRESENTATION_CONTEXT(2) 
PARAMETRIC_REPRESENTATION_CONTEXT() REPRESENTATION_CONTEXT('2D SPACE',''
  ) );
#9418 = ORIENTED_EDGE('',*,*,#9369,.T.);
#9419 = ADVANCED_FACE('',(#9420),#9357,.T.);
#9420 = FACE_BOUND('',#9421,.T.);
#9421 = EDGE_LOOP('',(#9422));
#9422 = ORIENTED_EDGE('',*,*,#9335,.T.);
#9423 = ADVANCED_FACE('',(#9424),#9407,.F.);
#9424 = FACE_BOUND('',#9425,.T.);
#9425 = EDGE_LOOP('',(#9426));
#9426 = ORIENTED_EDGE('',*,*,#9392,.F.);
#9427 = MANIFOLD_SOLID_BREP('',#9428);
#9428 = CLOSED_SHELL('',(#9429));
#9429 = ADVANCED_FACE('',(#9430),#9434,.T.);
#9430 = FACE_BOUND('',#9431,.T.);
#9431 = VERTEX_LOOP('',#9432);
#9432 = VERTEX_POINT('',#9433);
#9433 = CARTESIAN_POINT('',(9.797174393179E-17,59.5,188.9));
#9434 = SPHERICAL_SURFACE('',#9435,1.6);
#9435 = AXIS2_PLACEMENT_3D('',#9436,#9437,#9438);
#9436 = CARTESIAN_POINT('',(0.,59.5,190.5));
#9437 = DIRECTION('',(0.,0.,1.));
#9438 = DIRECTION('',(1.,0.,-0.));
#9439 = MANIFOLD_SOLID_BREP('',#9440);
#9440 = CLOSED_SHELL('',(#9441));
#9441 = ADVANCED_FACE('',(#9442),#9446,.T.);
#9442 = FACE_BOUND('',#9443,.T.);
#9443 = VERTEX_LOOP('',#9444);
#9444 = VERTEX_POINT('',#9445);
#9445 = CARTESIAN_POINT('',(9.797174393179E-17,48.,192.4));
#9446 = SPHERICAL_SURFACE('',#9447,1.6);
#9447 = AXIS2_PLACEMENT_3D('',#9448,#9449,#9450);
#9448 = CARTESIAN_POINT('',(0.,48.,194.));
#9449 = DIRECTION('',(0.,0.,1.));
#9450 = DIRECTION('',(1.,0.,-0.));
#9451 = MANIFOLD_SOLID_BREP('',#9452);
#9452 = CLOSED_SHELL('',(#9453,#9541,#9545));
#9453 = ADVANCED_FACE('',(#9454),#9467,.T.);
#9454 = FACE_BOUND('',#9455,.T.);
#9455 = EDGE_LOOP('',(#9456,#9490,#9513,#9540));
#9456 = ORIENTED_EDGE('',*,*,#9457,.F.);
#9457 = EDGE_CURVE('',#9458,#9458,#9460,.T.);
#9458 = VERTEX_POINT('',#9459);
#9459 = CARTESIAN_POINT('',(0.828484287049,46.631199873571,200.));
#9460 = SURFACE_CURVE('',#9461,(#9466,#9478),.PCURVE_S1.);
#9461 = CIRCLE('',#9462,1.6);
#9462 = AXIS2_PLACEMENT_3D('',#9463,#9464,#9465);
#9463 = CARTESIAN_POINT('',(7.105427357601E-15,48.,200.));
#9464 = DIRECTION('',(-0.786562379621,-0.476077229771,0.393281189811));
#9465 = DIRECTION('',(0.517802679406,-0.855500079018,0.));
#9466 = PCURVE('',#9467,#9472);
#9467 = CYLINDRICAL_SURFACE('',#9468,1.6);
#9468 = AXIS2_PLACEMENT_3D('',#9469,#9470,#9471);
#9469 = CARTESIAN_POINT('',(19.,59.5,190.5));
#9470 = DIRECTION('',(-0.786562379621,-0.476077229771,0.393281189811));
#9471 = DIRECTION('',(0.517802679406,-0.855500079018,0.));
#9472 = DEFINITIONAL_REPRESENTATION('',(#9473),#9477);
#9473 = LINE('',#9474,#9475);
#9474 = CARTESIAN_POINT('',(0.,24.155744658362));
#9475 = VECTOR('',#9476,1.);
#9476 = DIRECTION('',(1.,0.));
#9477 = ( GEOMETRIC_REPRESENTATION_CONTEXT(2) 
PARAMETRIC_REPRESENTATION_CONTEXT() REPRESENTATION_CONTEXT('2D SPACE',''
  ) );
#9478 = PCURVE('',#9479,#9484);
#9479 = PLANE('',#9480);
#9480 = AXIS2_PLACEMENT_3D('',#9481,#9482,#9483);
#9481 = CARTESIAN_POINT('',(7.105427357601E-15,48.,200.));
#9482 = DIRECTION('',(-0.786562379621,-0.476077229771,0.393281189811));
#9483 = DIRECTION('',(0.517802679406,-0.855500079018,0.));
#9484 = DEFINITIONAL_REPRESENTATION('',(#9485),#9489);
#9485 = CIRCLE('',#9486,1.6);
#9486 = AXIS2_PLACEMENT_2D('',#9487,#9488);
#9487 = CARTESIAN_POINT('',(0.,0.));
#9488 = DIRECTION('',(1.,0.));
#9489 = ( GEOMETRIC_REPRESENTATION_CONTEXT(2) 
PARAMETRIC_REPRESENTATION_CONTEXT() REPRESENTATION_CONTEXT('2D SPACE',''
  ) );
#9490 = ORIENTED_EDGE('',*,*,#9491,.F.);
#9491 = EDGE_CURVE('',#9492,#9458,#9494,.T.);
#9492 = VERTEX_POINT('',#9493);
#9493 = CARTESIAN_POINT('',(19.828484287049,58.131199873571,190.5));
#9494 = SEAM_CURVE('',#9495,(#9499,#9506),.PCURVE_S1.);
#9495 = LINE('',#9496,#9497);
#9496 = CARTESIAN_POINT('',(19.828484287049,58.131199873571,190.5));
#9497 = VECTOR('',#9498,1.);
#9498 = DIRECTION('',(-0.786562379621,-0.476077229771,0.393281189811));
#9499 = PCURVE('',#9467,#9500);
#9500 = DEFINITIONAL_REPRESENTATION('',(#9501),#9505);
#9501 = LINE('',#9502,#9503);
#9502 = CARTESIAN_POINT('',(6.28318530718,-0.));
#9503 = VECTOR('',#9504,1.);
#9504 = DIRECTION('',(0.,1.));
#9505 = ( GEOMETRIC_REPRESENTATION_CONTEXT(2) 
PARAMETRIC_REPRESENTATION_CONTEXT() REPRESENTATION_CONTEXT('2D SPACE',''
  ) );
#9506 = PCURVE('',#9467,#9507);
#9507 = DEFINITIONAL_REPRESENTATION('',(#9508),#9512);
#9508 = LINE('',#9509,#9510);
#9509 = CARTESIAN_POINT('',(0.,-0.));
#9510 = VECTOR('',#9511,1.);
#9511 = DIRECTION('',(0.,1.));
#9512 = ( GEOMETRIC_REPRESENTATION_CONTEXT(2) 
PARAMETRIC_REPRESENTATION_CONTEXT() REPRESENTATION_CONTEXT('2D SPACE',''
  ) );
#9513 = ORIENTED_EDGE('',*,*,#9514,.T.);
#9514 = EDGE_CURVE('',#9492,#9492,#9515,.T.);
#9515 = SURFACE_CURVE('',#9516,(#9521,#9528),.PCURVE_S1.);
#9516 = CIRCLE('',#9517,1.6);
#9517 = AXIS2_PLACEMENT_3D('',#9518,#9519,#9520);
#9518 = CARTESIAN_POINT('',(19.,59.5,190.5));
#9519 = DIRECTION('',(-0.786562379621,-0.476077229771,0.393281189811));
#9520 = DIRECTION('',(0.517802679406,-0.855500079018,0.));
#9521 = PCURVE('',#9467,#9522);
#9522 = DEFINITIONAL_REPRESENTATION('',(#9523),#9527);
#9523 = LINE('',#9524,#9525);
#9524 = CARTESIAN_POINT('',(0.,0.));
#9525 = VECTOR('',#9526,1.);
#9526 = DIRECTION('',(1.,0.));
#9527 = ( GEOMETRIC_REPRESENTATION_CONTEXT(2) 
PARAMETRIC_REPRESENTATION_CONTEXT() REPRESENTATION_CONTEXT('2D SPACE',''
  ) );
#9528 = PCURVE('',#9529,#9534);
#9529 = PLANE('',#9530);
#9530 = AXIS2_PLACEMENT_3D('',#9531,#9532,#9533);
#9531 = CARTESIAN_POINT('',(19.,59.5,190.5));
#9532 = DIRECTION('',(-0.786562379621,-0.476077229771,0.393281189811));
#9533 = DIRECTION('',(0.517802679406,-0.855500079018,0.));
#9534 = DEFINITIONAL_REPRESENTATION('',(#9535),#9539);
#9535 = CIRCLE('',#9536,1.6);
#9536 = AXIS2_PLACEMENT_2D('',#9537,#9538);
#9537 = CARTESIAN_POINT('',(0.,0.));
#9538 = DIRECTION('',(1.,0.));
#9539 = ( GEOMETRIC_REPRESENTATION_CONTEXT(2) 
PARAMETRIC_REPRESENTATION_CONTEXT() REPRESENTATION_CONTEXT('2D SPACE',''
  ) );
#9540 = ORIENTED_EDGE('',*,*,#9491,.T.);
#9541 = ADVANCED_FACE('',(#9542),#9479,.T.);
#9542 = FACE_BOUND('',#9543,.T.);
#9543 = EDGE_LOOP('',(#9544));
#9544 = ORIENTED_EDGE('',*,*,#9457,.T.);
#9545 = ADVANCED_FACE('',(#9546),#9529,.F.);
#9546 = FACE_BOUND('',#9547,.T.);
#9547 = EDGE_LOOP('',(#9548));
#9548 = ORIENTED_EDGE('',*,*,#9514,.F.);
#9549 = MANIFOLD_SOLID_BREP('',#9550);
#9550 = CLOSED_SHELL('',(#9551));
#9551 = ADVANCED_FACE('',(#9552),#9556,.T.);
#9552 = FACE_BOUND('',#9553,.T.);
#9553 = VERTEX_LOOP('',#9554);
#9554 = VERTEX_POINT('',#9555);
#9555 = CARTESIAN_POINT('',(19.,59.5,188.9));
#9556 = SPHERICAL_SURFACE('',#9557,1.6);
#9557 = AXIS2_PLACEMENT_3D('',#9558,#9559,#9560);
#9558 = CARTESIAN_POINT('',(19.,59.5,190.5));
#9559 = DIRECTION('',(0.,0.,1.));
#9560 = DIRECTION('',(1.,0.,-0.));
#9561 = MANIFOLD_SOLID_BREP('',#9562);
#9562 = CLOSED_SHELL('',(#9563));
#9563 = ADVANCED_FACE('',(#9564),#9568,.T.);
#9564 = FACE_BOUND('',#9565,.T.);
#9565 = VERTEX_LOOP('',#9566);
#9566 = VERTEX_POINT('',#9567);
#9567 = CARTESIAN_POINT('',(9.797174393179E-17,48.,198.4));
#9568 = SPHERICAL_SURFACE('',#9569,1.6);
#9569 = AXIS2_PLACEMENT_3D('',#9570,#9571,#9572);
#9570 = CARTESIAN_POINT('',(0.,48.,200.));
#9571 = DIRECTION('',(0.,0.,1.));
#9572 = DIRECTION('',(1.,0.,-0.));
#9573 = MANIFOLD_SOLID_BREP('',#9574);
#9574 = CLOSED_SHELL('',(#9575,#9663,#9667));
#9575 = ADVANCED_FACE('',(#9576),#9589,.T.);
#9576 = FACE_BOUND('',#9577,.T.);
#9577 = EDGE_LOOP('',(#9578,#9612,#9635,#9662));
#9578 = ORIENTED_EDGE('',*,*,#9579,.F.);
#9579 = EDGE_CURVE('',#9580,#9580,#9582,.T.);
#9580 = VERTEX_POINT('',#9581);
#9581 = CARTESIAN_POINT('',(-95.84091771099,48.,133.66042572628));
#9582 = SURFACE_CURVE('',#9583,(#9588,#9600),.PCURVE_S1.);
#9583 = CIRCLE('',#9584,1.6);
#9584 = AXIS2_PLACEMENT_3D('',#9585,#9586,#9587);
#9585 = CARTESIAN_POINT('',(-96.73339942703,48.,134.98838520854));
#9586 = DIRECTION('',(-0.829974676413,-0.,-0.557801072528));
#9587 = DIRECTION('',(0.557801072528,0.,-0.829974676413));
#9588 = PCURVE('',#9589,#9594);
#9589 = CYLINDRICAL_SURFACE('',#9590,1.6);
#9590 = AXIS2_PLACEMENT_3D('',#9591,#9592,#9593);
#9591 = CARTESIAN_POINT('',(7.105427357601E-15,48.,200.));
#9592 = DIRECTION('',(-0.829974676413,0.,-0.557801072528));
#9593 = DIRECTION('',(0.557801072528,0.,-0.829974676413));
#9594 = DEFINITIONAL_REPRESENTATION('',(#9595),#9599);
#9595 = LINE('',#9596,#9597);
#9596 = CARTESIAN_POINT('',(0.,116.54982034521));
#9597 = VECTOR('',#9598,1.);
#9598 = DIRECTION('',(1.,0.));
#9599 = ( GEOMETRIC_REPRESENTATION_CONTEXT(2) 
PARAMETRIC_REPRESENTATION_CONTEXT() REPRESENTATION_CONTEXT('2D SPACE',''
  ) );
#9600 = PCURVE('',#9601,#9606);
#9601 = PLANE('',#9602);
#9602 = AXIS2_PLACEMENT_3D('',#9603,#9604,#9605);
#9603 = CARTESIAN_POINT('',(-96.73339942703,48.,134.98838520854));
#9604 = DIRECTION('',(-0.829974676413,0.,-0.557801072528));
#9605 = DIRECTION('',(0.557801072528,0.,-0.829974676413));
#9606 = DEFINITIONAL_REPRESENTATION('',(#9607),#9611);
#9607 = CIRCLE('',#9608,1.6);
#9608 = AXIS2_PLACEMENT_2D('',#9609,#9610);
#9609 = CARTESIAN_POINT('',(0.,0.));
#9610 = DIRECTION('',(1.,0.));
#9611 = ( GEOMETRIC_REPRESENTATION_CONTEXT(2) 
PARAMETRIC_REPRESENTATION_CONTEXT() REPRESENTATION_CONTEXT('2D SPACE',''
  ) );
#9612 = ORIENTED_EDGE('',*,*,#9613,.F.);
#9613 = EDGE_CURVE('',#9614,#9580,#9616,.T.);
#9614 = VERTEX_POINT('',#9615);
#9615 = CARTESIAN_POINT('',(0.892481716044,48.,198.67204051773));
#9616 = SEAM_CURVE('',#9617,(#9621,#9628),.PCURVE_S1.);
#9617 = LINE('',#9618,#9619);
#9618 = CARTESIAN_POINT('',(0.892481716044,48.,198.67204051773));
#9619 = VECTOR('',#9620,1.);
#9620 = DIRECTION('',(-0.829974676413,0.,-0.557801072528));
#9621 = PCURVE('',#9589,#9622);
#9622 = DEFINITIONAL_REPRESENTATION('',(#9623),#9627);
#9623 = LINE('',#9624,#9625);
#9624 = CARTESIAN_POINT('',(6.28318530718,-0.));
#9625 = VECTOR('',#9626,1.);
#9626 = DIRECTION('',(0.,1.));
#9627 = ( GEOMETRIC_REPRESENTATION_CONTEXT(2) 
PARAMETRIC_REPRESENTATION_CONTEXT() REPRESENTATION_CONTEXT('2D SPACE',''
  ) );
#9628 = PCURVE('',#9589,#9629);
#9629 = DEFINITIONAL_REPRESENTATION('',(#9630),#9634);
#9630 = LINE('',#9631,#9632);
#9631 = CARTESIAN_POINT('',(0.,-0.));
#9632 = VECTOR('',#9633,1.);
#9633 = DIRECTION('',(0.,1.));
#9634 = ( GEOMETRIC_REPRESENTATION_CONTEXT(2) 
PARAMETRIC_REPRESENTATION_CONTEXT() REPRESENTATION_CONTEXT('2D SPACE',''
  ) );
#9635 = ORIENTED_EDGE('',*,*,#9636,.T.);
#9636 = EDGE_CURVE('',#9614,#9614,#9637,.T.);
#9637 = SURFACE_CURVE('',#9638,(#9643,#9650),.PCURVE_S1.);
#9638 = CIRCLE('',#9639,1.6);
#9639 = AXIS2_PLACEMENT_3D('',#9640,#9641,#9642);
#9640 = CARTESIAN_POINT('',(7.105427357601E-15,48.,200.));
#9641 = DIRECTION('',(-0.829974676413,-0.,-0.557801072528));
#9642 = DIRECTION('',(0.557801072528,0.,-0.829974676413));
#9643 = PCURVE('',#9589,#9644);
#9644 = DEFINITIONAL_REPRESENTATION('',(#9645),#9649);
#9645 = LINE('',#9646,#9647);
#9646 = CARTESIAN_POINT('',(0.,0.));
#9647 = VECTOR('',#9648,1.);
#9648 = DIRECTION('',(1.,0.));
#9649 = ( GEOMETRIC_REPRESENTATION_CONTEXT(2) 
PARAMETRIC_REPRESENTATION_CONTEXT() REPRESENTATION_CONTEXT('2D SPACE',''
  ) );
#9650 = PCURVE('',#9651,#9656);
#9651 = PLANE('',#9652);
#9652 = AXIS2_PLACEMENT_3D('',#9653,#9654,#9655);
#9653 = CARTESIAN_POINT('',(7.105427357601E-15,48.,200.));
#9654 = DIRECTION('',(-0.829974676413,0.,-0.557801072528));
#9655 = DIRECTION('',(0.557801072528,0.,-0.829974676413));
#9656 = DEFINITIONAL_REPRESENTATION('',(#9657),#9661);
#9657 = CIRCLE('',#9658,1.6);
#9658 = AXIS2_PLACEMENT_2D('',#9659,#9660);
#9659 = CARTESIAN_POINT('',(0.,0.));
#9660 = DIRECTION('',(1.,0.));
#9661 = ( GEOMETRIC_REPRESENTATION_CONTEXT(2) 
PARAMETRIC_REPRESENTATION_CONTEXT() REPRESENTATION_CONTEXT('2D SPACE',''
  ) );
#9662 = ORIENTED_EDGE('',*,*,#9613,.T.);
#9663 = ADVANCED_FACE('',(#9664),#9601,.T.);
#9664 = FACE_BOUND('',#9665,.T.);
#9665 = EDGE_LOOP('',(#9666));
#9666 = ORIENTED_EDGE('',*,*,#9579,.T.);
#9667 = ADVANCED_FACE('',(#9668),#9651,.F.);
#9668 = FACE_BOUND('',#9669,.T.);
#9669 = EDGE_LOOP('',(#9670));
#9670 = ORIENTED_EDGE('',*,*,#9636,.F.);
#9671 = MANIFOLD_SOLID_BREP('',#9672);
#9672 = CLOSED_SHELL('',(#9673));
#9673 = ADVANCED_FACE('',(#9674),#9678,.T.);
#9674 = FACE_BOUND('',#9675,.T.);
#9675 = VERTEX_LOOP('',#9676);
#9676 = VERTEX_POINT('',#9677);
#9677 = CARTESIAN_POINT('',(9.797174393179E-17,48.,198.4));
#9678 = SPHERICAL_SURFACE('',#9679,1.6);
#9679 = AXIS2_PLACEMENT_3D('',#9680,#9681,#9682);
#9680 = CARTESIAN_POINT('',(0.,48.,200.));
#9681 = DIRECTION('',(0.,0.,1.));
#9682 = DIRECTION('',(1.,0.,-0.));
#9683 = MANIFOLD_SOLID_BREP('',#9684);
#9684 = CLOSED_SHELL('',(#9685));
#9685 = ADVANCED_FACE('',(#9686),#9690,.T.);
#9686 = FACE_BOUND('',#9687,.T.);
#9687 = VERTEX_LOOP('',#9688);
#9688 = VERTEX_POINT('',#9689);
#9689 = CARTESIAN_POINT('',(-96.73339942703,48.,133.38838520854));
#9690 = SPHERICAL_SURFACE('',#9691,1.6);
#9691 = AXIS2_PLACEMENT_3D('',#9692,#9693,#9694);
#9692 = CARTESIAN_POINT('',(-96.73339942703,48.,134.98838520854));
#9693 = DIRECTION('',(0.,0.,1.));
#9694 = DIRECTION('',(1.,0.,-0.));
#9695 = MANIFOLD_SOLID_BREP('',#9696);
#9696 = CLOSED_SHELL('',(#9697,#9785,#9789));
#9697 = ADVANCED_FACE('',(#9698),#9711,.T.);
#9698 = FACE_BOUND('',#9699,.T.);
#9699 = EDGE_LOOP('',(#9700,#9734,#9757,#9784));
#9700 = ORIENTED_EDGE('',*,*,#9701,.F.);
#9701 = EDGE_CURVE('',#9702,#9702,#9704,.T.);
#9702 = VERTEX_POINT('',#9703);
#9703 = CARTESIAN_POINT('',(0.828484287049,49.368800126429,200.));
#9704 = SURFACE_CURVE('',#9705,(#9710,#9722),.PCURVE_S1.);
#9705 = CIRCLE('',#9706,1.6);
#9706 = AXIS2_PLACEMENT_3D('',#9707,#9708,#9709);
#9707 = CARTESIAN_POINT('',(-1.42108547152E-14,48.,200.));
#9708 = DIRECTION('',(0.786562379621,-0.476077229771,-0.393281189811));
#9709 = DIRECTION('',(0.517802679406,0.855500079018,0.));
#9710 = PCURVE('',#9711,#9716);
#9711 = CYLINDRICAL_SURFACE('',#9712,1.6);
#9712 = AXIS2_PLACEMENT_3D('',#9713,#9714,#9715);
#9713 = CARTESIAN_POINT('',(-19.,59.5,209.5));
#9714 = DIRECTION('',(0.786562379621,-0.476077229771,-0.393281189811));
#9715 = DIRECTION('',(0.517802679406,0.855500079018,0.));
#9716 = DEFINITIONAL_REPRESENTATION('',(#9717),#9721);
#9717 = LINE('',#9718,#9719);
#9718 = CARTESIAN_POINT('',(0.,24.155744658362));
#9719 = VECTOR('',#9720,1.);
#9720 = DIRECTION('',(1.,0.));
#9721 = ( GEOMETRIC_REPRESENTATION_CONTEXT(2) 
PARAMETRIC_REPRESENTATION_CONTEXT() REPRESENTATION_CONTEXT('2D SPACE',''
  ) );
#9722 = PCURVE('',#9723,#9728);
#9723 = PLANE('',#9724);
#9724 = AXIS2_PLACEMENT_3D('',#9725,#9726,#9727);
#9725 = CARTESIAN_POINT('',(-1.42108547152E-14,48.,200.));
#9726 = DIRECTION('',(0.786562379621,-0.476077229771,-0.393281189811));
#9727 = DIRECTION('',(0.517802679406,0.855500079018,0.));
#9728 = DEFINITIONAL_REPRESENTATION('',(#9729),#9733);
#9729 = CIRCLE('',#9730,1.6);
#9730 = AXIS2_PLACEMENT_2D('',#9731,#9732);
#9731 = CARTESIAN_POINT('',(0.,0.));
#9732 = DIRECTION('',(1.,0.));
#9733 = ( GEOMETRIC_REPRESENTATION_CONTEXT(2) 
PARAMETRIC_REPRESENTATION_CONTEXT() REPRESENTATION_CONTEXT('2D SPACE',''
  ) );
#9734 = ORIENTED_EDGE('',*,*,#9735,.F.);
#9735 = EDGE_CURVE('',#9736,#9702,#9738,.T.);
#9736 = VERTEX_POINT('',#9737);
#9737 = CARTESIAN_POINT('',(-18.17151571295,60.868800126429,209.5));
#9738 = SEAM_CURVE('',#9739,(#9743,#9750),.PCURVE_S1.);
#9739 = LINE('',#9740,#9741);
#9740 = CARTESIAN_POINT('',(-18.17151571295,60.868800126429,209.5));
#9741 = VECTOR('',#9742,1.);
#9742 = DIRECTION('',(0.786562379621,-0.476077229771,-0.393281189811));
#9743 = PCURVE('',#9711,#9744);
#9744 = DEFINITIONAL_REPRESENTATION('',(#9745),#9749);
#9745 = LINE('',#9746,#9747);
#9746 = CARTESIAN_POINT('',(6.28318530718,-0.));
#9747 = VECTOR('',#9748,1.);
#9748 = DIRECTION('',(0.,1.));
#9749 = ( GEOMETRIC_REPRESENTATION_CONTEXT(2) 
PARAMETRIC_REPRESENTATION_CONTEXT() REPRESENTATION_CONTEXT('2D SPACE',''
  ) );
#9750 = PCURVE('',#9711,#9751);
#9751 = DEFINITIONAL_REPRESENTATION('',(#9752),#9756);
#9752 = LINE('',#9753,#9754);
#9753 = CARTESIAN_POINT('',(0.,-0.));
#9754 = VECTOR('',#9755,1.);
#9755 = DIRECTION('',(0.,1.));
#9756 = ( GEOMETRIC_REPRESENTATION_CONTEXT(2) 
PARAMETRIC_REPRESENTATION_CONTEXT() REPRESENTATION_CONTEXT('2D SPACE',''
  ) );
#9757 = ORIENTED_EDGE('',*,*,#9758,.T.);
#9758 = EDGE_CURVE('',#9736,#9736,#9759,.T.);
#9759 = SURFACE_CURVE('',#9760,(#9765,#9772),.PCURVE_S1.);
#9760 = CIRCLE('',#9761,1.6);
#9761 = AXIS2_PLACEMENT_3D('',#9762,#9763,#9764);
#9762 = CARTESIAN_POINT('',(-19.,59.5,209.5));
#9763 = DIRECTION('',(0.786562379621,-0.476077229771,-0.393281189811));
#9764 = DIRECTION('',(0.517802679406,0.855500079018,0.));
#9765 = PCURVE('',#9711,#9766);
#9766 = DEFINITIONAL_REPRESENTATION('',(#9767),#9771);
#9767 = LINE('',#9768,#9769);
#9768 = CARTESIAN_POINT('',(0.,0.));
#9769 = VECTOR('',#9770,1.);
#9770 = DIRECTION('',(1.,0.));
#9771 = ( GEOMETRIC_REPRESENTATION_CONTEXT(2) 
PARAMETRIC_REPRESENTATION_CONTEXT() REPRESENTATION_CONTEXT('2D SPACE',''
  ) );
#9772 = PCURVE('',#9773,#9778);
#9773 = PLANE('',#9774);
#9774 = AXIS2_PLACEMENT_3D('',#9775,#9776,#9777);
#9775 = CARTESIAN_POINT('',(-19.,59.5,209.5));
#9776 = DIRECTION('',(0.786562379621,-0.476077229771,-0.393281189811));
#9777 = DIRECTION('',(0.517802679406,0.855500079018,0.));
#9778 = DEFINITIONAL_REPRESENTATION('',(#9779),#9783);
#9779 = CIRCLE('',#9780,1.6);
#9780 = AXIS2_PLACEMENT_2D('',#9781,#9782);
#9781 = CARTESIAN_POINT('',(0.,0.));
#9782 = DIRECTION('',(1.,0.));
#9783 = ( GEOMETRIC_REPRESENTATION_CONTEXT(2) 
PARAMETRIC_REPRESENTATION_CONTEXT() REPRESENTATION_CONTEXT('2D SPACE',''
  ) );
#9784 = ORIENTED_EDGE('',*,*,#9735,.T.);
#9785 = ADVANCED_FACE('',(#9786),#9723,.T.);
#9786 = FACE_BOUND('',#9787,.T.);
#9787 = EDGE_LOOP('',(#9788));
#9788 = ORIENTED_EDGE('',*,*,#9701,.T.);
#9789 = ADVANCED_FACE('',(#9790),#9773,.F.);
#9790 = FACE_BOUND('',#9791,.T.);
#9791 = EDGE_LOOP('',(#9792));
#9792 = ORIENTED_EDGE('',*,*,#9758,.F.);
#9793 = MANIFOLD_SOLID_BREP('',#9794);
#9794 = CLOSED_SHELL('',(#9795));
#9795 = ADVANCED_FACE('',(#9796),#9800,.T.);
#9796 = FACE_BOUND('',#9797,.T.);
#9797 = VERTEX_LOOP('',#9798);
#9798 = VERTEX_POINT('',#9799);
#9799 = CARTESIAN_POINT('',(-19.,59.5,207.9));
#9800 = SPHERICAL_SURFACE('',#9801,1.6);
#9801 = AXIS2_PLACEMENT_3D('',#9802,#9803,#9804);
#9802 = CARTESIAN_POINT('',(-19.,59.5,209.5));
#9803 = DIRECTION('',(0.,0.,1.));
#9804 = DIRECTION('',(1.,0.,-0.));
#9805 = MANIFOLD_SOLID_BREP('',#9806);
#9806 = CLOSED_SHELL('',(#9807));
#9807 = ADVANCED_FACE('',(#9808),#9812,.T.);
#9808 = FACE_BOUND('',#9809,.T.);
#9809 = VERTEX_LOOP('',#9810);
#9810 = VERTEX_POINT('',#9811);
#9811 = CARTESIAN_POINT('',(9.797174393179E-17,48.,198.4));
#9812 = SPHERICAL_SURFACE('',#9813,1.6);
#9813 = AXIS2_PLACEMENT_3D('',#9814,#9815,#9816);
#9814 = CARTESIAN_POINT('',(0.,48.,200.));
#9815 = DIRECTION('',(0.,0.,1.));
#9816 = DIRECTION('',(1.,0.,-0.));
#9817 = MANIFOLD_SOLID_BREP('',#9818);
#9818 = CLOSED_SHELL('',(#9819,#9907,#9911));
#9819 = ADVANCED_FACE('',(#9820),#9833,.T.);
#9820 = FACE_BOUND('',#9821,.T.);
#9821 = EDGE_LOOP('',(#9822,#9856,#9879,#9906));
#9822 = ORIENTED_EDGE('',*,*,#9823,.F.);
#9823 = EDGE_CURVE('',#9824,#9824,#9826,.T.);
#9824 = VERTEX_POINT('',#9825);
#9825 = CARTESIAN_POINT('',(-95.73684988065,48.,121.73663083903));
#9826 = SURFACE_CURVE('',#9827,(#9832,#9844),.PCURVE_S1.);
#9827 = CIRCLE('',#9828,1.6);
#9828 = AXIS2_PLACEMENT_3D('',#9829,#9830,#9831);
#9829 = CARTESIAN_POINT('',(-96.73339942703,48.,122.98838520854));
#9830 = DIRECTION('',(-0.782346480949,-0.,-0.622843466488));
#9831 = DIRECTION('',(0.622843466488,0.,-0.782346480949));
#9832 = PCURVE('',#9833,#9838);
#9833 = CYLINDRICAL_SURFACE('',#9834,1.6);
#9834 = AXIS2_PLACEMENT_3D('',#9835,#9836,#9837);
#9835 = CARTESIAN_POINT('',(-7.105427357601E-15,48.,200.));
#9836 = DIRECTION('',(-0.782346480949,0.,-0.622843466488));
#9837 = DIRECTION('',(0.622843466488,0.,-0.782346480949));
#9838 = DEFINITIONAL_REPRESENTATION('',(#9839),#9843);
#9839 = LINE('',#9840,#9841);
#9840 = CARTESIAN_POINT('',(0.,123.64521574851));
#9841 = VECTOR('',#9842,1.);
#9842 = DIRECTION('',(1.,0.));
#9843 = ( GEOMETRIC_REPRESENTATION_CONTEXT(2) 
PARAMETRIC_REPRESENTATION_CONTEXT() REPRESENTATION_CONTEXT('2D SPACE',''
  ) );
#9844 = PCURVE('',#9845,#9850);
#9845 = PLANE('',#9846);
#9846 = AXIS2_PLACEMENT_3D('',#9847,#9848,#9849);
#9847 = CARTESIAN_POINT('',(-96.73339942703,48.,122.98838520854));
#9848 = DIRECTION('',(-0.782346480949,0.,-0.622843466488));
#9849 = DIRECTION('',(0.622843466488,0.,-0.782346480949));
#9850 = DEFINITIONAL_REPRESENTATION('',(#9851),#9855);
#9851 = CIRCLE('',#9852,1.6);
#9852 = AXIS2_PLACEMENT_2D('',#9853,#9854);
#9853 = CARTESIAN_POINT('',(0.,0.));
#9854 = DIRECTION('',(1.,0.));
#9855 = ( GEOMETRIC_REPRESENTATION_CONTEXT(2) 
PARAMETRIC_REPRESENTATION_CONTEXT() REPRESENTATION_CONTEXT('2D SPACE',''
  ) );
#9856 = ORIENTED_EDGE('',*,*,#9857,.F.);
#9857 = EDGE_CURVE('',#9858,#9824,#9860,.T.);
#9858 = VERTEX_POINT('',#9859);
#9859 = CARTESIAN_POINT('',(0.996549546381,48.,198.74824563048));
#9860 = SEAM_CURVE('',#9861,(#9865,#9872),.PCURVE_S1.);
#9861 = LINE('',#9862,#9863);
#9862 = CARTESIAN_POINT('',(0.996549546381,48.,198.74824563048));
#9863 = VECTOR('',#9864,1.);
#9864 = DIRECTION('',(-0.782346480949,0.,-0.622843466488));
#9865 = PCURVE('',#9833,#9866);
#9866 = DEFINITIONAL_REPRESENTATION('',(#9867),#9871);
#9867 = LINE('',#9868,#9869);
#9868 = CARTESIAN_POINT('',(6.28318530718,-0.));
#9869 = VECTOR('',#9870,1.);
#9870 = DIRECTION('',(0.,1.));
#9871 = ( GEOMETRIC_REPRESENTATION_CONTEXT(2) 
PARAMETRIC_REPRESENTATION_CONTEXT() REPRESENTATION_CONTEXT('2D SPACE',''
  ) );
#9872 = PCURVE('',#9833,#9873);
#9873 = DEFINITIONAL_REPRESENTATION('',(#9874),#9878);
#9874 = LINE('',#9875,#9876);
#9875 = CARTESIAN_POINT('',(0.,-0.));
#9876 = VECTOR('',#9877,1.);
#9877 = DIRECTION('',(0.,1.));
#9878 = ( GEOMETRIC_REPRESENTATION_CONTEXT(2) 
PARAMETRIC_REPRESENTATION_CONTEXT() REPRESENTATION_CONTEXT('2D SPACE',''
  ) );
#9879 = ORIENTED_EDGE('',*,*,#9880,.T.);
#9880 = EDGE_CURVE('',#9858,#9858,#9881,.T.);
#9881 = SURFACE_CURVE('',#9882,(#9887,#9894),.PCURVE_S1.);
#9882 = CIRCLE('',#9883,1.6);
#9883 = AXIS2_PLACEMENT_3D('',#9884,#9885,#9886);
#9884 = CARTESIAN_POINT('',(-7.105427357601E-15,48.,200.));
#9885 = DIRECTION('',(-0.782346480949,-0.,-0.622843466488));
#9886 = DIRECTION('',(0.622843466488,0.,-0.782346480949));
#9887 = PCURVE('',#9833,#9888);
#9888 = DEFINITIONAL_REPRESENTATION('',(#9889),#9893);
#9889 = LINE('',#9890,#9891);
#9890 = CARTESIAN_POINT('',(0.,0.));
#9891 = VECTOR('',#9892,1.);
#9892 = DIRECTION('',(1.,0.));
#9893 = ( GEOMETRIC_REPRESENTATION_CONTEXT(2) 
PARAMETRIC_REPRESENTATION_CONTEXT() REPRESENTATION_CONTEXT('2D SPACE',''
  ) );
#9894 = PCURVE('',#9895,#9900);
#9895 = PLANE('',#9896);
#9896 = AXIS2_PLACEMENT_3D('',#9897,#9898,#9899);
#9897 = CARTESIAN_POINT('',(-7.105427357601E-15,48.,200.));
#9898 = DIRECTION('',(-0.782346480949,0.,-0.622843466488));
#9899 = DIRECTION('',(0.622843466488,0.,-0.782346480949));
#9900 = DEFINITIONAL_REPRESENTATION('',(#9901),#9905);
#9901 = CIRCLE('',#9902,1.6);
#9902 = AXIS2_PLACEMENT_2D('',#9903,#9904);
#9903 = CARTESIAN_POINT('',(0.,0.));
#9904 = DIRECTION('',(1.,0.));
#9905 = ( GEOMETRIC_REPRESENTATION_CONTEXT(2) 
PARAMETRIC_REPRESENTATION_CONTEXT() REPRESENTATION_CONTEXT('2D SPACE',''
  ) );
#9906 = ORIENTED_EDGE('',*,*,#9857,.T.);
#9907 = ADVANCED_FACE('',(#9908),#9845,.T.);
#9908 = FACE_BOUND('',#9909,.T.);
#9909 = EDGE_LOOP('',(#9910));
#9910 = ORIENTED_EDGE('',*,*,#9823,.T.);
#9911 = ADVANCED_FACE('',(#9912),#9895,.F.);
#9912 = FACE_BOUND('',#9913,.T.);
#9913 = EDGE_LOOP('',(#9914));
#9914 = ORIENTED_EDGE('',*,*,#9880,.F.);
#9915 = MANIFOLD_SOLID_BREP('',#9916);
#9916 = CLOSED_SHELL('',(#9917));
#9917 = ADVANCED_FACE('',(#9918),#9922,.T.);
#9918 = FACE_BOUND('',#9919,.T.);
#9919 = VERTEX_LOOP('',#9920);
#9920 = VERTEX_POINT('',#9921);
#9921 = CARTESIAN_POINT('',(9.797174393179E-17,48.,198.4));
#9922 = SPHERICAL_SURFACE('',#9923,1.6);
#9923 = AXIS2_PLACEMENT_3D('',#9924,#9925,#9926);
#9924 = CARTESIAN_POINT('',(0.,48.,200.));
#9925 = DIRECTION('',(0.,0.,1.));
#9926 = DIRECTION('',(1.,0.,-0.));
#9927 = MANIFOLD_SOLID_BREP('',#9928);
#9928 = CLOSED_SHELL('',(#9929));
#9929 = ADVANCED_FACE('',(#9930),#9934,.T.);
#9930 = FACE_BOUND('',#9931,.T.);
#9931 = VERTEX_LOOP('',#9932);
#9932 = VERTEX_POINT('',#9933);
#9933 = CARTESIAN_POINT('',(-96.73339942703,48.,121.38838520854));
#9934 = SPHERICAL_SURFACE('',#9935,1.6);
#9935 = AXIS2_PLACEMENT_3D('',#9936,#9937,#9938);
#9936 = CARTESIAN_POINT('',(-96.73339942703,48.,122.98838520854));
#9937 = DIRECTION('',(0.,0.,1.));
#9938 = DIRECTION('',(1.,0.,-0.));
#9939 = MANIFOLD_SOLID_BREP('',#9940);
#9940 = CLOSED_SHELL('',(#9941,#10029,#10033));
#9941 = ADVANCED_FACE('',(#9942),#9955,.T.);
#9942 = FACE_BOUND('',#9943,.T.);
#9943 = EDGE_LOOP('',(#9944,#9978,#10001,#10028));
#9944 = ORIENTED_EDGE('',*,*,#9945,.F.);
#9945 = EDGE_CURVE('',#9946,#9946,#9948,.T.);
#9946 = VERTEX_POINT('',#9947);
#9947 = CARTESIAN_POINT('',(-3.918869757272E-16,49.019010315194,
    198.76646119739));
#9948 = SURFACE_CURVE('',#9949,(#9954,#9966),.PCURVE_S1.);
#9949 = CIRCLE('',#9950,1.6);
#9950 = AXIS2_PLACEMENT_3D('',#9951,#9952,#9953);
#9951 = CARTESIAN_POINT('',(0.,48.,200.));
#9952 = DIRECTION('',(0.,-0.770961751627,-0.636881446996));
#9953 = DIRECTION('',(0.,0.636881446996,-0.770961751627));
#9954 = PCURVE('',#9955,#9960);
#9955 = CYLINDRICAL_SURFACE('',#9956,1.6);
#9956 = AXIS2_PLACEMENT_3D('',#9957,#9958,#9959);
#9957 = CARTESIAN_POINT('',(0.,59.5,209.5));
#9958 = DIRECTION('',(0.,-0.770961751627,-0.636881446996));
#9959 = DIRECTION('',(0.,0.636881446996,-0.770961751627));
#9960 = DEFINITIONAL_REPRESENTATION('',(#9961),#9965);
#9961 = LINE('',#9962,#9963);
#9962 = CARTESIAN_POINT('',(0.,14.916433890176));
#9963 = VECTOR('',#9964,1.);
#9964 = DIRECTION('',(1.,0.));
#9965 = ( GEOMETRIC_REPRESENTATION_CONTEXT(2) 
PARAMETRIC_REPRESENTATION_CONTEXT() REPRESENTATION_CONTEXT('2D SPACE',''
  ) );
#9966 = PCURVE('',#9967,#9972);
#9967 = PLANE('',#9968);
#9968 = AXIS2_PLACEMENT_3D('',#9969,#9970,#9971);
#9969 = CARTESIAN_POINT('',(0.,48.,200.));
#9970 = DIRECTION('',(0.,-0.770961751627,-0.636881446996));
#9971 = DIRECTION('',(0.,0.636881446996,-0.770961751627));
#9972 = DEFINITIONAL_REPRESENTATION('',(#9973),#9977);
#9973 = CIRCLE('',#9974,1.6);
#9974 = AXIS2_PLACEMENT_2D('',#9975,#9976);
#9975 = CARTESIAN_POINT('',(0.,0.));
#9976 = DIRECTION('',(1.,0.));
#9977 = ( GEOMETRIC_REPRESENTATION_CONTEXT(2) 
PARAMETRIC_REPRESENTATION_CONTEXT() REPRESENTATION_CONTEXT('2D SPACE',''
  ) );
#9978 = ORIENTED_EDGE('',*,*,#9979,.F.);
#9979 = EDGE_CURVE('',#9980,#9946,#9982,.T.);
#9980 = VERTEX_POINT('',#9981);
#9981 = CARTESIAN_POINT('',(-3.918869757272E-16,60.519010315194,
    208.26646119739));
#9982 = SEAM_CURVE('',#9983,(#9987,#9994),.PCURVE_S1.);
#9983 = LINE('',#9984,#9985);
#9984 = CARTESIAN_POINT('',(-3.918869757272E-16,60.519010315194,
    208.26646119739));
#9985 = VECTOR('',#9986,1.);
#9986 = DIRECTION('',(0.,-0.770961751627,-0.636881446996));
#9987 = PCURVE('',#9955,#9988);
#9988 = DEFINITIONAL_REPRESENTATION('',(#9989),#9993);
#9989 = LINE('',#9990,#9991);
#9990 = CARTESIAN_POINT('',(6.28318530718,-0.));
#9991 = VECTOR('',#9992,1.);
#9992 = DIRECTION('',(0.,1.));
#9993 = ( GEOMETRIC_REPRESENTATION_CONTEXT(2) 
PARAMETRIC_REPRESENTATION_CONTEXT() REPRESENTATION_CONTEXT('2D SPACE',''
  ) );
#9994 = PCURVE('',#9955,#9995);
#9995 = DEFINITIONAL_REPRESENTATION('',(#9996),#10000);
#9996 = LINE('',#9997,#9998);
#9997 = CARTESIAN_POINT('',(0.,-0.));
#9998 = VECTOR('',#9999,1.);
#9999 = DIRECTION('',(0.,1.));
#10000 = ( GEOMETRIC_REPRESENTATION_CONTEXT(2) 
PARAMETRIC_REPRESENTATION_CONTEXT() REPRESENTATION_CONTEXT('2D SPACE',''
  ) );
#10001 = ORIENTED_EDGE('',*,*,#10002,.T.);
#10002 = EDGE_CURVE('',#9980,#9980,#10003,.T.);
#10003 = SURFACE_CURVE('',#10004,(#10009,#10016),.PCURVE_S1.);
#10004 = CIRCLE('',#10005,1.6);
#10005 = AXIS2_PLACEMENT_3D('',#10006,#10007,#10008);
#10006 = CARTESIAN_POINT('',(0.,59.5,209.5));
#10007 = DIRECTION('',(0.,-0.770961751627,-0.636881446996));
#10008 = DIRECTION('',(0.,0.636881446996,-0.770961751627));
#10009 = PCURVE('',#9955,#10010);
#10010 = DEFINITIONAL_REPRESENTATION('',(#10011),#10015);
#10011 = LINE('',#10012,#10013);
#10012 = CARTESIAN_POINT('',(0.,0.));
#10013 = VECTOR('',#10014,1.);
#10014 = DIRECTION('',(1.,0.));
#10015 = ( GEOMETRIC_REPRESENTATION_CONTEXT(2) 
PARAMETRIC_REPRESENTATION_CONTEXT() REPRESENTATION_CONTEXT('2D SPACE',''
  ) );
#10016 = PCURVE('',#10017,#10022);
#10017 = PLANE('',#10018);
#10018 = AXIS2_PLACEMENT_3D('',#10019,#10020,#10021);
#10019 = CARTESIAN_POINT('',(0.,59.5,209.5));
#10020 = DIRECTION('',(0.,-0.770961751627,-0.636881446996));
#10021 = DIRECTION('',(0.,0.636881446996,-0.770961751627));
#10022 = DEFINITIONAL_REPRESENTATION('',(#10023),#10027);
#10023 = CIRCLE('',#10024,1.6);
#10024 = AXIS2_PLACEMENT_2D('',#10025,#10026);
#10025 = CARTESIAN_POINT('',(0.,0.));
#10026 = DIRECTION('',(1.,0.));
#10027 = ( GEOMETRIC_REPRESENTATION_CONTEXT(2) 
PARAMETRIC_REPRESENTATION_CONTEXT() REPRESENTATION_CONTEXT('2D SPACE',''
  ) );
#10028 = ORIENTED_EDGE('',*,*,#9979,.T.);
#10029 = ADVANCED_FACE('',(#10030),#9967,.T.);
#10030 = FACE_BOUND('',#10031,.T.);
#10031 = EDGE_LOOP('',(#10032));
#10032 = ORIENTED_EDGE('',*,*,#9945,.T.);
#10033 = ADVANCED_FACE('',(#10034),#10017,.F.);
#10034 = FACE_BOUND('',#10035,.T.);
#10035 = EDGE_LOOP('',(#10036));
#10036 = ORIENTED_EDGE('',*,*,#10002,.F.);
#10037 = MANIFOLD_SOLID_BREP('',#10038);
#10038 = CLOSED_SHELL('',(#10039));
#10039 = ADVANCED_FACE('',(#10040),#10044,.T.);
#10040 = FACE_BOUND('',#10041,.T.);
#10041 = VERTEX_LOOP('',#10042);
#10042 = VERTEX_POINT('',#10043);
#10043 = CARTESIAN_POINT('',(9.797174393179E-17,59.5,207.9));
#10044 = SPHERICAL_SURFACE('',#10045,1.6);
#10045 = AXIS2_PLACEMENT_3D('',#10046,#10047,#10048);
#10046 = CARTESIAN_POINT('',(0.,59.5,209.5));
#10047 = DIRECTION('',(0.,0.,1.));
#10048 = DIRECTION('',(1.,0.,-0.));
#10049 = MANIFOLD_SOLID_BREP('',#10050);
#10050 = CLOSED_SHELL('',(#10051));
#10051 = ADVANCED_FACE('',(#10052),#10056,.T.);
#10052 = FACE_BOUND('',#10053,.T.);
#10053 = VERTEX_LOOP('',#10054);
#10054 = VERTEX_POINT('',#10055);
#10055 = CARTESIAN_POINT('',(9.797174393179E-17,48.,198.4));
#10056 = SPHERICAL_SURFACE('',#10057,1.6);
#10057 = AXIS2_PLACEMENT_3D('',#10058,#10059,#10060);
#10058 = CARTESIAN_POINT('',(0.,48.,200.));
#10059 = DIRECTION('',(0.,0.,1.));
#10060 = DIRECTION('',(1.,0.,-0.));
#10061 = MANIFOLD_SOLID_BREP('',#10062);
#10062 = CLOSED_SHELL('',(#10063,#10151,#10155));
#10063 = ADVANCED_FACE('',(#10064),#10077,.T.);
#10064 = FACE_BOUND('',#10065,.T.);
#10065 = EDGE_LOOP('',(#10066,#10100,#10123,#10150));
#10066 = ORIENTED_EDGE('',*,*,#10067,.F.);
#10067 = EDGE_CURVE('',#10068,#10068,#10070,.T.);
#10068 = VERTEX_POINT('',#10069);
#10069 = CARTESIAN_POINT('',(-95.78657789648,48.,127.69860654952));
#10070 = SURFACE_CURVE('',#10071,(#10076,#10088),.PCURVE_S1.);
#10071 = CIRCLE('',#10072,1.6);
#10072 = AXIS2_PLACEMENT_3D('',#10073,#10074,#10075);
#10073 = CARTESIAN_POINT('',(-96.73339942703,48.,128.98838520854));
#10074 = DIRECTION('',(-0.806111661892,-0.,-0.591763456595));
#10075 = DIRECTION('',(0.591763456595,0.,-0.806111661892));
#10076 = PCURVE('',#10077,#10082);
#10077 = CYLINDRICAL_SURFACE('',#10078,1.6);
#10078 = AXIS2_PLACEMENT_3D('',#10079,#10080,#10081);
#10079 = CARTESIAN_POINT('',(-7.105427357601E-15,48.,200.));
#10080 = DIRECTION('',(-0.806111661892,0.,-0.591763456595));
#10081 = DIRECTION('',(0.591763456595,0.,-0.806111661892));
#10082 = DEFINITIONAL_REPRESENTATION('',(#10083),#10087);
#10083 = LINE('',#10084,#10085);
#10084 = CARTESIAN_POINT('',(0.,120.));
#10085 = VECTOR('',#10086,1.);
#10086 = DIRECTION('',(1.,0.));
#10087 = ( GEOMETRIC_REPRESENTATION_CONTEXT(2) 
PARAMETRIC_REPRESENTATION_CONTEXT() REPRESENTATION_CONTEXT('2D SPACE',''
  ) );
#10088 = PCURVE('',#10089,#10094);
#10089 = PLANE('',#10090);
#10090 = AXIS2_PLACEMENT_3D('',#10091,#10092,#10093);
#10091 = CARTESIAN_POINT('',(-96.73339942703,48.,128.98838520854));
#10092 = DIRECTION('',(-0.806111661892,0.,-0.591763456595));
#10093 = DIRECTION('',(0.591763456595,0.,-0.806111661892));
#10094 = DEFINITIONAL_REPRESENTATION('',(#10095),#10099);
#10095 = CIRCLE('',#10096,1.6);
#10096 = AXIS2_PLACEMENT_2D('',#10097,#10098);
#10097 = CARTESIAN_POINT('',(0.,0.));
#10098 = DIRECTION('',(1.,0.));
#10099 = ( GEOMETRIC_REPRESENTATION_CONTEXT(2) 
PARAMETRIC_REPRESENTATION_CONTEXT() REPRESENTATION_CONTEXT('2D SPACE',''
  ) );
#10100 = ORIENTED_EDGE('',*,*,#10101,.F.);
#10101 = EDGE_CURVE('',#10102,#10068,#10104,.T.);
#10102 = VERTEX_POINT('',#10103);
#10103 = CARTESIAN_POINT('',(0.946821530553,48.,198.71022134097));
#10104 = SEAM_CURVE('',#10105,(#10109,#10116),.PCURVE_S1.);
#10105 = LINE('',#10106,#10107);
#10106 = CARTESIAN_POINT('',(0.946821530553,48.,198.71022134097));
#10107 = VECTOR('',#10108,1.);
#10108 = DIRECTION('',(-0.806111661892,0.,-0.591763456595));
#10109 = PCURVE('',#10077,#10110);
#10110 = DEFINITIONAL_REPRESENTATION('',(#10111),#10115);
#10111 = LINE('',#10112,#10113);
#10112 = CARTESIAN_POINT('',(6.28318530718,-0.));
#10113 = VECTOR('',#10114,1.);
#10114 = DIRECTION('',(0.,1.));
#10115 = ( GEOMETRIC_REPRESENTATION_CONTEXT(2) 
PARAMETRIC_REPRESENTATION_CONTEXT() REPRESENTATION_CONTEXT('2D SPACE',''
  ) );
#10116 = PCURVE('',#10077,#10117);
#10117 = DEFINITIONAL_REPRESENTATION('',(#10118),#10122);
#10118 = LINE('',#10119,#10120);
#10119 = CARTESIAN_POINT('',(0.,-0.));
#10120 = VECTOR('',#10121,1.);
#10121 = DIRECTION('',(0.,1.));
#10122 = ( GEOMETRIC_REPRESENTATION_CONTEXT(2) 
PARAMETRIC_REPRESENTATION_CONTEXT() REPRESENTATION_CONTEXT('2D SPACE',''
  ) );
#10123 = ORIENTED_EDGE('',*,*,#10124,.T.);
#10124 = EDGE_CURVE('',#10102,#10102,#10125,.T.);
#10125 = SURFACE_CURVE('',#10126,(#10131,#10138),.PCURVE_S1.);
#10126 = CIRCLE('',#10127,1.6);
#10127 = AXIS2_PLACEMENT_3D('',#10128,#10129,#10130);
#10128 = CARTESIAN_POINT('',(-7.105427357601E-15,48.,200.));
#10129 = DIRECTION('',(-0.806111661892,-0.,-0.591763456595));
#10130 = DIRECTION('',(0.591763456595,0.,-0.806111661892));
#10131 = PCURVE('',#10077,#10132);
#10132 = DEFINITIONAL_REPRESENTATION('',(#10133),#10137);
#10133 = LINE('',#10134,#10135);
#10134 = CARTESIAN_POINT('',(0.,0.));
#10135 = VECTOR('',#10136,1.);
#10136 = DIRECTION('',(1.,0.));
#10137 = ( GEOMETRIC_REPRESENTATION_CONTEXT(2) 
PARAMETRIC_REPRESENTATION_CONTEXT() REPRESENTATION_CONTEXT('2D SPACE',''
  ) );
#10138 = PCURVE('',#10139,#10144);
#10139 = PLANE('',#10140);
#10140 = AXIS2_PLACEMENT_3D('',#10141,#10142,#10143);
#10141 = CARTESIAN_POINT('',(-7.105427357601E-15,48.,200.));
#10142 = DIRECTION('',(-0.806111661892,0.,-0.591763456595));
#10143 = DIRECTION('',(0.591763456595,0.,-0.806111661892));
#10144 = DEFINITIONAL_REPRESENTATION('',(#10145),#10149);
#10145 = CIRCLE('',#10146,1.6);
#10146 = AXIS2_PLACEMENT_2D('',#10147,#10148);
#10147 = CARTESIAN_POINT('',(0.,0.));
#10148 = DIRECTION('',(1.,0.));
#10149 = ( GEOMETRIC_REPRESENTATION_CONTEXT(2) 
PARAMETRIC_REPRESENTATION_CONTEXT() REPRESENTATION_CONTEXT('2D SPACE',''
  ) );
#10150 = ORIENTED_EDGE('',*,*,#10101,.T.);
#10151 = ADVANCED_FACE('',(#10152),#10089,.T.);
#10152 = FACE_BOUND('',#10153,.T.);
#10153 = EDGE_LOOP('',(#10154));
#10154 = ORIENTED_EDGE('',*,*,#10067,.T.);
#10155 = ADVANCED_FACE('',(#10156),#10139,.F.);
#10156 = FACE_BOUND('',#10157,.T.);
#10157 = EDGE_LOOP('',(#10158));
#10158 = ORIENTED_EDGE('',*,*,#10124,.F.);
#10159 = MANIFOLD_SOLID_BREP('',#10160);
#10160 = CLOSED_SHELL('',(#10161));
#10161 = ADVANCED_FACE('',(#10162),#10166,.T.);
#10162 = FACE_BOUND('',#10163,.T.);
#10163 = VERTEX_LOOP('',#10164);
#10164 = VERTEX_POINT('',#10165);
#10165 = CARTESIAN_POINT('',(9.797174393179E-17,48.,198.4));
#10166 = SPHERICAL_SURFACE('',#10167,1.6);
#10167 = AXIS2_PLACEMENT_3D('',#10168,#10169,#10170);
#10168 = CARTESIAN_POINT('',(0.,48.,200.));
#10169 = DIRECTION('',(0.,0.,1.));
#10170 = DIRECTION('',(1.,0.,-0.));
#10171 = MANIFOLD_SOLID_BREP('',#10172);
#10172 = CLOSED_SHELL('',(#10173));
#10173 = ADVANCED_FACE('',(#10174),#10178,.T.);
#10174 = FACE_BOUND('',#10175,.T.);
#10175 = VERTEX_LOOP('',#10176);
#10176 = VERTEX_POINT('',#10177);
#10177 = CARTESIAN_POINT('',(-96.73339942703,48.,127.38838520854));
#10178 = SPHERICAL_SURFACE('',#10179,1.6);
#10179 = AXIS2_PLACEMENT_3D('',#10180,#10181,#10182);
#10180 = CARTESIAN_POINT('',(-96.73339942703,48.,128.98838520854));
#10181 = DIRECTION('',(0.,0.,1.));
#10182 = DIRECTION('',(1.,0.,-0.));
#10183 = MANIFOLD_SOLID_BREP('',#10184);
#10184 = CLOSED_SHELL('',(#10185,#10273,#10277));
#10185 = ADVANCED_FACE('',(#10186),#10199,.T.);
#10186 = FACE_BOUND('',#10187,.T.);
#10187 = EDGE_LOOP('',(#10188,#10222,#10245,#10272));
#10188 = ORIENTED_EDGE('',*,*,#10189,.F.);
#10189 = EDGE_CURVE('',#10190,#10190,#10192,.T.);
#10190 = VERTEX_POINT('',#10191);
#10191 = CARTESIAN_POINT('',(-70.00053024881,48.,11.993027584839));
#10192 = SURFACE_CURVE('',#10193,(#10198,#10210),.PCURVE_S1.);
#10193 = CIRCLE('',#10194,1.6);
#10194 = AXIS2_PLACEMENT_3D('',#10195,#10196,#10197);
#10195 = CARTESIAN_POINT('',(-68.44562108553,48.,12.370197962726));
#10196 = DIRECTION('',(0.235731486179,0.,-0.971818227049));
#10197 = DIRECTION('',(-0.971818227049,0.,-0.235731486179));
#10198 = PCURVE('',#10199,#10204);
#10199 = CYLINDRICAL_SURFACE('',#10200,1.6);
#10200 = AXIS2_PLACEMENT_3D('',#10201,#10202,#10203);
#10201 = CARTESIAN_POINT('',(-96.73339942703,48.,128.98838520854));
#10202 = DIRECTION('',(0.235731486179,0.,-0.971818227049));
#10203 = DIRECTION('',(-0.971818227049,0.,-0.235731486179));
#10204 = DEFINITIONAL_REPRESENTATION('',(#10205),#10209);
#10205 = LINE('',#10206,#10207);
#10206 = CARTESIAN_POINT('',(0.,120.));
#10207 = VECTOR('',#10208,1.);
#10208 = DIRECTION('',(1.,0.));
#10209 = ( GEOMETRIC_REPRESENTATION_CONTEXT(2) 
PARAMETRIC_REPRESENTATION_CONTEXT() REPRESENTATION_CONTEXT('2D SPACE',''
  ) );
#10210 = PCURVE('',#10211,#10216);
#10211 = PLANE('',#10212);
#10212 = AXIS2_PLACEMENT_3D('',#10213,#10214,#10215);
#10213 = CARTESIAN_POINT('',(-68.44562108553,48.,12.370197962726));
#10214 = DIRECTION('',(0.235731486179,0.,-0.971818227049));
#10215 = DIRECTION('',(-0.971818227049,0.,-0.235731486179));
#10216 = DEFINITIONAL_REPRESENTATION('',(#10217),#10221);
#10217 = CIRCLE('',#10218,1.6);
#10218 = AXIS2_PLACEMENT_2D('',#10219,#10220);
#10219 = CARTESIAN_POINT('',(0.,0.));
#10220 = DIRECTION('',(1.,0.));
#10221 = ( GEOMETRIC_REPRESENTATION_CONTEXT(2) 
PARAMETRIC_REPRESENTATION_CONTEXT() REPRESENTATION_CONTEXT('2D SPACE',''
  ) );
#10222 = ORIENTED_EDGE('',*,*,#10223,.F.);
#10223 = EDGE_CURVE('',#10224,#10190,#10226,.T.);
#10224 = VERTEX_POINT('',#10225);
#10225 = CARTESIAN_POINT('',(-98.28830859031,48.,128.61121483066));
#10226 = SEAM_CURVE('',#10227,(#10231,#10238),.PCURVE_S1.);
#10227 = LINE('',#10228,#10229);
#10228 = CARTESIAN_POINT('',(-98.28830859031,48.,128.61121483066));
#10229 = VECTOR('',#10230,1.);
#10230 = DIRECTION('',(0.235731486179,0.,-0.971818227049));
#10231 = PCURVE('',#10199,#10232);
#10232 = DEFINITIONAL_REPRESENTATION('',(#10233),#10237);
#10233 = LINE('',#10234,#10235);
#10234 = CARTESIAN_POINT('',(6.28318530718,-0.));
#10235 = VECTOR('',#10236,1.);
#10236 = DIRECTION('',(0.,1.));
#10237 = ( GEOMETRIC_REPRESENTATION_CONTEXT(2) 
PARAMETRIC_REPRESENTATION_CONTEXT() REPRESENTATION_CONTEXT('2D SPACE',''
  ) );
#10238 = PCURVE('',#10199,#10239);
#10239 = DEFINITIONAL_REPRESENTATION('',(#10240),#10244);
#10240 = LINE('',#10241,#10242);
#10241 = CARTESIAN_POINT('',(0.,-0.));
#10242 = VECTOR('',#10243,1.);
#10243 = DIRECTION('',(0.,1.));
#10244 = ( GEOMETRIC_REPRESENTATION_CONTEXT(2) 
PARAMETRIC_REPRESENTATION_CONTEXT() REPRESENTATION_CONTEXT('2D SPACE',''
  ) );
#10245 = ORIENTED_EDGE('',*,*,#10246,.T.);
#10246 = EDGE_CURVE('',#10224,#10224,#10247,.T.);
#10247 = SURFACE_CURVE('',#10248,(#10253,#10260),.PCURVE_S1.);
#10248 = CIRCLE('',#10249,1.6);
#10249 = AXIS2_PLACEMENT_3D('',#10250,#10251,#10252);
#10250 = CARTESIAN_POINT('',(-96.73339942703,48.,128.98838520854));
#10251 = DIRECTION('',(0.235731486179,0.,-0.971818227049));
#10252 = DIRECTION('',(-0.971818227049,0.,-0.235731486179));
#10253 = PCURVE('',#10199,#10254);
#10254 = DEFINITIONAL_REPRESENTATION('',(#10255),#10259);
#10255 = LINE('',#10256,#10257);
#10256 = CARTESIAN_POINT('',(0.,0.));
#10257 = VECTOR('',#10258,1.);
#10258 = DIRECTION('',(1.,0.));
#10259 = ( GEOMETRIC_REPRESENTATION_CONTEXT(2) 
PARAMETRIC_REPRESENTATION_CONTEXT() REPRESENTATION_CONTEXT('2D SPACE',''
  ) );
#10260 = PCURVE('',#10261,#10266);
#10261 = PLANE('',#10262);
#10262 = AXIS2_PLACEMENT_3D('',#10263,#10264,#10265);
#10263 = CARTESIAN_POINT('',(-96.73339942703,48.,128.98838520854));
#10264 = DIRECTION('',(0.235731486179,0.,-0.971818227049));
#10265 = DIRECTION('',(-0.971818227049,0.,-0.235731486179));
#10266 = DEFINITIONAL_REPRESENTATION('',(#10267),#10271);
#10267 = CIRCLE('',#10268,1.6);
#10268 = AXIS2_PLACEMENT_2D('',#10269,#10270);
#10269 = CARTESIAN_POINT('',(0.,0.));
#10270 = DIRECTION('',(1.,0.));
#10271 = ( GEOMETRIC_REPRESENTATION_CONTEXT(2) 
PARAMETRIC_REPRESENTATION_CONTEXT() REPRESENTATION_CONTEXT('2D SPACE',''
  ) );
#10272 = ORIENTED_EDGE('',*,*,#10223,.T.);
#10273 = ADVANCED_FACE('',(#10274),#10211,.T.);
#10274 = FACE_BOUND('',#10275,.T.);
#10275 = EDGE_LOOP('',(#10276));
#10276 = ORIENTED_EDGE('',*,*,#10189,.T.);
#10277 = ADVANCED_FACE('',(#10278),#10261,.F.);
#10278 = FACE_BOUND('',#10279,.T.);
#10279 = EDGE_LOOP('',(#10280));
#10280 = ORIENTED_EDGE('',*,*,#10246,.F.);
#10281 = MANIFOLD_SOLID_BREP('',#10282);
#10282 = CLOSED_SHELL('',(#10283));
#10283 = ADVANCED_FACE('',(#10284),#10288,.T.);
#10284 = FACE_BOUND('',#10285,.T.);
#10285 = VERTEX_LOOP('',#10286);
#10286 = VERTEX_POINT('',#10287);
#10287 = CARTESIAN_POINT('',(-96.73339942703,48.,127.38838520854));
#10288 = SPHERICAL_SURFACE('',#10289,1.6);
#10289 = AXIS2_PLACEMENT_3D('',#10290,#10291,#10292);
#10290 = CARTESIAN_POINT('',(-96.73339942703,48.,128.98838520854));
#10291 = DIRECTION('',(0.,0.,1.));
#10292 = DIRECTION('',(1.,0.,-0.));
#10293 = MANIFOLD_SOLID_BREP('',#10294);
#10294 = CLOSED_SHELL('',(#10295));
#10295 = ADVANCED_FACE('',(#10296),#10300,.T.);
#10296 = FACE_BOUND('',#10297,.T.);
#10297 = VERTEX_LOOP('',#10298);
#10298 = VERTEX_POINT('',#10299);
#10299 = CARTESIAN_POINT('',(-68.44562108553,48.,10.770197962726));
#10300 = SPHERICAL_SURFACE('',#10301,1.6);
#10301 = AXIS2_PLACEMENT_3D('',#10302,#10303,#10304);
#10302 = CARTESIAN_POINT('',(-68.44562108553,48.,12.370197962726));
#10303 = DIRECTION('',(0.,0.,1.));
#10304 = DIRECTION('',(1.,0.,-0.));
#10305 = MANIFOLD_SOLID_BREP('',#10306);
#10306 = CLOSED_SHELL('',(#10307,#10395,#10399));
#10307 = ADVANCED_FACE('',(#10308),#10321,.T.);
#10308 = FACE_BOUND('',#10309,.T.);
#10309 = EDGE_LOOP('',(#10310,#10344,#10367,#10394));
#10310 = ORIENTED_EDGE('',*,*,#10311,.F.);
#10311 = EDGE_CURVE('',#10312,#10312,#10314,.T.);
#10312 = VERTEX_POINT('',#10313);
#10313 = CARTESIAN_POINT('',(-1.011402763955,-48.,207.23978403323));
#10314 = SURFACE_CURVE('',#10315,(#10320,#10332),.PCURVE_S1.);
#10315 = CIRCLE('',#10316,1.6);
#10316 = AXIS2_PLACEMENT_3D('',#10317,#10318,#10319);
#10317 = CARTESIAN_POINT('',(-2.84217094304E-14,-48.,206.));
#10318 = DIRECTION('',(0.701541782454,0.424617394643,0.572310401476));
#10319 = DIRECTION('',(-0.632126727472,0.,0.774865020772));
#10320 = PCURVE('',#10321,#10326);
#10321 = CYLINDRICAL_SURFACE('',#10322,1.6);
#10322 = AXIS2_PLACEMENT_3D('',#10323,#10324,#10325);
#10323 = CARTESIAN_POINT('',(-19.,-59.5,190.5));
#10324 = DIRECTION('',(0.701541782454,0.424617394643,0.572310401476));
#10325 = DIRECTION('',(-0.632126727472,0.,0.774865020772));
#10326 = DEFINITIONAL_REPRESENTATION('',(#10327),#10331);
#10327 = LINE('',#10328,#10329);
#10328 = CARTESIAN_POINT('',(0.,27.083205127902));
#10329 = VECTOR('',#10330,1.);
#10330 = DIRECTION('',(1.,0.));
#10331 = ( GEOMETRIC_REPRESENTATION_CONTEXT(2) 
PARAMETRIC_REPRESENTATION_CONTEXT() REPRESENTATION_CONTEXT('2D SPACE',''
  ) );
#10332 = PCURVE('',#10333,#10338);
#10333 = PLANE('',#10334);
#10334 = AXIS2_PLACEMENT_3D('',#10335,#10336,#10337);
#10335 = CARTESIAN_POINT('',(-2.84217094304E-14,-48.,206.));
#10336 = DIRECTION('',(0.701541782454,0.424617394643,0.572310401476));
#10337 = DIRECTION('',(-0.632126727472,0.,0.774865020772));
#10338 = DEFINITIONAL_REPRESENTATION('',(#10339),#10343);
#10339 = CIRCLE('',#10340,1.6);
#10340 = AXIS2_PLACEMENT_2D('',#10341,#10342);
#10341 = CARTESIAN_POINT('',(0.,0.));
#10342 = DIRECTION('',(1.,0.));
#10343 = ( GEOMETRIC_REPRESENTATION_CONTEXT(2) 
PARAMETRIC_REPRESENTATION_CONTEXT() REPRESENTATION_CONTEXT('2D SPACE',''
  ) );
#10344 = ORIENTED_EDGE('',*,*,#10345,.F.);
#10345 = EDGE_CURVE('',#10346,#10312,#10348,.T.);
#10346 = VERTEX_POINT('',#10347);
#10347 = CARTESIAN_POINT('',(-20.01140276395,-59.5,191.73978403323));
#10348 = SEAM_CURVE('',#10349,(#10353,#10360),.PCURVE_S1.);
#10349 = LINE('',#10350,#10351);
#10350 = CARTESIAN_POINT('',(-20.01140276395,-59.5,191.73978403323));
#10351 = VECTOR('',#10352,1.);
#10352 = DIRECTION('',(0.701541782454,0.424617394643,0.572310401476));
#10353 = PCURVE('',#10321,#10354);
#10354 = DEFINITIONAL_REPRESENTATION('',(#10355),#10359);
#10355 = LINE('',#10356,#10357);
#10356 = CARTESIAN_POINT('',(6.28318530718,-0.));
#10357 = VECTOR('',#10358,1.);
#10358 = DIRECTION('',(0.,1.));
#10359 = ( GEOMETRIC_REPRESENTATION_CONTEXT(2) 
PARAMETRIC_REPRESENTATION_CONTEXT() REPRESENTATION_CONTEXT('2D SPACE',''
  ) );
#10360 = PCURVE('',#10321,#10361);
#10361 = DEFINITIONAL_REPRESENTATION('',(#10362),#10366);
#10362 = LINE('',#10363,#10364);
#10363 = CARTESIAN_POINT('',(0.,-0.));
#10364 = VECTOR('',#10365,1.);
#10365 = DIRECTION('',(0.,1.));
#10366 = ( GEOMETRIC_REPRESENTATION_CONTEXT(2) 
PARAMETRIC_REPRESENTATION_CONTEXT() REPRESENTATION_CONTEXT('2D SPACE',''
  ) );
#10367 = ORIENTED_EDGE('',*,*,#10368,.T.);
#10368 = EDGE_CURVE('',#10346,#10346,#10369,.T.);
#10369 = SURFACE_CURVE('',#10370,(#10375,#10382),.PCURVE_S1.);
#10370 = CIRCLE('',#10371,1.6);
#10371 = AXIS2_PLACEMENT_3D('',#10372,#10373,#10374);
#10372 = CARTESIAN_POINT('',(-19.,-59.5,190.5));
#10373 = DIRECTION('',(0.701541782454,0.424617394643,0.572310401476));
#10374 = DIRECTION('',(-0.632126727472,0.,0.774865020772));
#10375 = PCURVE('',#10321,#10376);
#10376 = DEFINITIONAL_REPRESENTATION('',(#10377),#10381);
#10377 = LINE('',#10378,#10379);
#10378 = CARTESIAN_POINT('',(0.,0.));
#10379 = VECTOR('',#10380,1.);
#10380 = DIRECTION('',(1.,0.));
#10381 = ( GEOMETRIC_REPRESENTATION_CONTEXT(2) 
PARAMETRIC_REPRESENTATION_CONTEXT() REPRESENTATION_CONTEXT('2D SPACE',''
  ) );
#10382 = PCURVE('',#10383,#10388);
#10383 = PLANE('',#10384);
#10384 = AXIS2_PLACEMENT_3D('',#10385,#10386,#10387);
#10385 = CARTESIAN_POINT('',(-19.,-59.5,190.5));
#10386 = DIRECTION('',(0.701541782454,0.424617394643,0.572310401476));
#10387 = DIRECTION('',(-0.632126727472,0.,0.774865020772));
#10388 = DEFINITIONAL_REPRESENTATION('',(#10389),#10393);
#10389 = CIRCLE('',#10390,1.6);
#10390 = AXIS2_PLACEMENT_2D('',#10391,#10392);
#10391 = CARTESIAN_POINT('',(0.,0.));
#10392 = DIRECTION('',(1.,0.));
#10393 = ( GEOMETRIC_REPRESENTATION_CONTEXT(2) 
PARAMETRIC_REPRESENTATION_CONTEXT() REPRESENTATION_CONTEXT('2D SPACE',''
  ) );
#10394 = ORIENTED_EDGE('',*,*,#10345,.T.);
#10395 = ADVANCED_FACE('',(#10396),#10333,.T.);
#10396 = FACE_BOUND('',#10397,.T.);
#10397 = EDGE_LOOP('',(#10398));
#10398 = ORIENTED_EDGE('',*,*,#10311,.T.);
#10399 = ADVANCED_FACE('',(#10400),#10383,.F.);
#10400 = FACE_BOUND('',#10401,.T.);
#10401 = EDGE_LOOP('',(#10402));
#10402 = ORIENTED_EDGE('',*,*,#10368,.F.);
#10403 = MANIFOLD_SOLID_BREP('',#10404);
#10404 = CLOSED_SHELL('',(#10405));
#10405 = ADVANCED_FACE('',(#10406),#10410,.T.);
#10406 = FACE_BOUND('',#10407,.T.);
#10407 = VERTEX_LOOP('',#10408);
#10408 = VERTEX_POINT('',#10409);
#10409 = CARTESIAN_POINT('',(-19.,-59.5,188.9));
#10410 = SPHERICAL_SURFACE('',#10411,1.6);
#10411 = AXIS2_PLACEMENT_3D('',#10412,#10413,#10414);
#10412 = CARTESIAN_POINT('',(-19.,-59.5,190.5));
#10413 = DIRECTION('',(0.,0.,1.));
#10414 = DIRECTION('',(1.,0.,-0.));
#10415 = MANIFOLD_SOLID_BREP('',#10416);
#10416 = CLOSED_SHELL('',(#10417));
#10417 = ADVANCED_FACE('',(#10418),#10422,.T.);
#10418 = FACE_BOUND('',#10419,.T.);
#10419 = VERTEX_LOOP('',#10420);
#10420 = VERTEX_POINT('',#10421);
#10421 = CARTESIAN_POINT('',(9.797174393179E-17,-48.,204.4));
#10422 = SPHERICAL_SURFACE('',#10423,1.6);
#10423 = AXIS2_PLACEMENT_3D('',#10424,#10425,#10426);
#10424 = CARTESIAN_POINT('',(0.,-48.,206.));
#10425 = DIRECTION('',(0.,0.,1.));
#10426 = DIRECTION('',(1.,0.,-0.));
#10427 = MANIFOLD_SOLID_BREP('',#10428);
#10428 = CLOSED_SHELL('',(#10429,#10517,#10521));
#10429 = ADVANCED_FACE('',(#10430),#10443,.T.);
#10430 = FACE_BOUND('',#10431,.T.);
#10431 = EDGE_LOOP('',(#10432,#10466,#10489,#10516));
#10432 = ORIENTED_EDGE('',*,*,#10433,.F.);
#10433 = EDGE_CURVE('',#10434,#10434,#10436,.T.);
#10434 = VERTEX_POINT('',#10435);
#10435 = CARTESIAN_POINT('',(-3.918869757272E-16,-48.46585858525,
    195.53067820868));
#10436 = SURFACE_CURVE('',#10437,(#10442,#10454),.PCURVE_S1.);
#10437 = CIRCLE('',#10438,1.6);
#10438 = AXIS2_PLACEMENT_3D('',#10439,#10440,#10441);
#10439 = CARTESIAN_POINT('',(0.,-48.,194.));
#10440 = DIRECTION('',(-0.,0.956673880429,0.291161615783));
#10441 = DIRECTION('',(0.,-0.291161615783,0.956673880429));
#10442 = PCURVE('',#10443,#10448);
#10443 = CYLINDRICAL_SURFACE('',#10444,1.6);
#10444 = AXIS2_PLACEMENT_3D('',#10445,#10446,#10447);
#10445 = CARTESIAN_POINT('',(0.,-59.5,190.5));
#10446 = DIRECTION('',(0.,0.956673880429,0.291161615783));
#10447 = DIRECTION('',(0.,-0.291161615783,0.956673880429));
#10448 = DEFINITIONAL_REPRESENTATION('',(#10449),#10453);
#10449 = LINE('',#10450,#10451);
#10450 = CARTESIAN_POINT('',(0.,12.020815280171));
#10451 = VECTOR('',#10452,1.);
#10452 = DIRECTION('',(1.,0.));
#10453 = ( GEOMETRIC_REPRESENTATION_CONTEXT(2) 
PARAMETRIC_REPRESENTATION_CONTEXT() REPRESENTATION_CONTEXT('2D SPACE',''
  ) );
#10454 = PCURVE('',#10455,#10460);
#10455 = PLANE('',#10456);
#10456 = AXIS2_PLACEMENT_3D('',#10457,#10458,#10459);
#10457 = CARTESIAN_POINT('',(0.,-48.,194.));
#10458 = DIRECTION('',(0.,0.956673880429,0.291161615783));
#10459 = DIRECTION('',(0.,-0.291161615783,0.956673880429));
#10460 = DEFINITIONAL_REPRESENTATION('',(#10461),#10465);
#10461 = CIRCLE('',#10462,1.6);
#10462 = AXIS2_PLACEMENT_2D('',#10463,#10464);
#10463 = CARTESIAN_POINT('',(0.,0.));
#10464 = DIRECTION('',(1.,0.));
#10465 = ( GEOMETRIC_REPRESENTATION_CONTEXT(2) 
PARAMETRIC_REPRESENTATION_CONTEXT() REPRESENTATION_CONTEXT('2D SPACE',''
  ) );
#10466 = ORIENTED_EDGE('',*,*,#10467,.F.);
#10467 = EDGE_CURVE('',#10468,#10434,#10470,.T.);
#10468 = VERTEX_POINT('',#10469);
#10469 = CARTESIAN_POINT('',(-3.918869757272E-16,-59.96585858525,
    192.03067820868));
#10470 = SEAM_CURVE('',#10471,(#10475,#10482),.PCURVE_S1.);
#10471 = LINE('',#10472,#10473);
#10472 = CARTESIAN_POINT('',(-3.918869757272E-16,-59.96585858525,
    192.03067820868));
#10473 = VECTOR('',#10474,1.);
#10474 = DIRECTION('',(0.,0.956673880429,0.291161615783));
#10475 = PCURVE('',#10443,#10476);
#10476 = DEFINITIONAL_REPRESENTATION('',(#10477),#10481);
#10477 = LINE('',#10478,#10479);
#10478 = CARTESIAN_POINT('',(6.28318530718,-0.));
#10479 = VECTOR('',#10480,1.);
#10480 = DIRECTION('',(0.,1.));
#10481 = ( GEOMETRIC_REPRESENTATION_CONTEXT(2) 
PARAMETRIC_REPRESENTATION_CONTEXT() REPRESENTATION_CONTEXT('2D SPACE',''
  ) );
#10482 = PCURVE('',#10443,#10483);
#10483 = DEFINITIONAL_REPRESENTATION('',(#10484),#10488);
#10484 = LINE('',#10485,#10486);
#10485 = CARTESIAN_POINT('',(0.,-0.));
#10486 = VECTOR('',#10487,1.);
#10487 = DIRECTION('',(0.,1.));
#10488 = ( GEOMETRIC_REPRESENTATION_CONTEXT(2) 
PARAMETRIC_REPRESENTATION_CONTEXT() REPRESENTATION_CONTEXT('2D SPACE',''
  ) );
#10489 = ORIENTED_EDGE('',*,*,#10490,.T.);
#10490 = EDGE_CURVE('',#10468,#10468,#10491,.T.);
#10491 = SURFACE_CURVE('',#10492,(#10497,#10504),.PCURVE_S1.);
#10492 = CIRCLE('',#10493,1.6);
#10493 = AXIS2_PLACEMENT_3D('',#10494,#10495,#10496);
#10494 = CARTESIAN_POINT('',(0.,-59.5,190.5));
#10495 = DIRECTION('',(-0.,0.956673880429,0.291161615783));
#10496 = DIRECTION('',(0.,-0.291161615783,0.956673880429));
#10497 = PCURVE('',#10443,#10498);
#10498 = DEFINITIONAL_REPRESENTATION('',(#10499),#10503);
#10499 = LINE('',#10500,#10501);
#10500 = CARTESIAN_POINT('',(0.,0.));
#10501 = VECTOR('',#10502,1.);
#10502 = DIRECTION('',(1.,0.));
#10503 = ( GEOMETRIC_REPRESENTATION_CONTEXT(2) 
PARAMETRIC_REPRESENTATION_CONTEXT() REPRESENTATION_CONTEXT('2D SPACE',''
  ) );
#10504 = PCURVE('',#10505,#10510);
#10505 = PLANE('',#10506);
#10506 = AXIS2_PLACEMENT_3D('',#10507,#10508,#10509);
#10507 = CARTESIAN_POINT('',(0.,-59.5,190.5));
#10508 = DIRECTION('',(0.,0.956673880429,0.291161615783));
#10509 = DIRECTION('',(0.,-0.291161615783,0.956673880429));
#10510 = DEFINITIONAL_REPRESENTATION('',(#10511),#10515);
#10511 = CIRCLE('',#10512,1.6);
#10512 = AXIS2_PLACEMENT_2D('',#10513,#10514);
#10513 = CARTESIAN_POINT('',(0.,0.));
#10514 = DIRECTION('',(1.,0.));
#10515 = ( GEOMETRIC_REPRESENTATION_CONTEXT(2) 
PARAMETRIC_REPRESENTATION_CONTEXT() REPRESENTATION_CONTEXT('2D SPACE',''
  ) );
#10516 = ORIENTED_EDGE('',*,*,#10467,.T.);
#10517 = ADVANCED_FACE('',(#10518),#10455,.T.);
#10518 = FACE_BOUND('',#10519,.T.);
#10519 = EDGE_LOOP('',(#10520));
#10520 = ORIENTED_EDGE('',*,*,#10433,.T.);
#10521 = ADVANCED_FACE('',(#10522),#10505,.F.);
#10522 = FACE_BOUND('',#10523,.T.);
#10523 = EDGE_LOOP('',(#10524));
#10524 = ORIENTED_EDGE('',*,*,#10490,.F.);
#10525 = MANIFOLD_SOLID_BREP('',#10526);
#10526 = CLOSED_SHELL('',(#10527));
#10527 = ADVANCED_FACE('',(#10528),#10532,.T.);
#10528 = FACE_BOUND('',#10529,.T.);
#10529 = VERTEX_LOOP('',#10530);
#10530 = VERTEX_POINT('',#10531);
#10531 = CARTESIAN_POINT('',(9.797174393179E-17,-59.5,188.9));
#10532 = SPHERICAL_SURFACE('',#10533,1.6);
#10533 = AXIS2_PLACEMENT_3D('',#10534,#10535,#10536);
#10534 = CARTESIAN_POINT('',(0.,-59.5,190.5));
#10535 = DIRECTION('',(0.,0.,1.));
#10536 = DIRECTION('',(1.,0.,-0.));
#10537 = MANIFOLD_SOLID_BREP('',#10538);
#10538 = CLOSED_SHELL('',(#10539));
#10539 = ADVANCED_FACE('',(#10540),#10544,.T.);
#10540 = FACE_BOUND('',#10541,.T.);
#10541 = VERTEX_LOOP('',#10542);
#10542 = VERTEX_POINT('',#10543);
#10543 = CARTESIAN_POINT('',(9.797174393179E-17,-48.,192.4));
#10544 = SPHERICAL_SURFACE('',#10545,1.6);
#10545 = AXIS2_PLACEMENT_3D('',#10546,#10547,#10548);
#10546 = CARTESIAN_POINT('',(0.,-48.,194.));
#10547 = DIRECTION('',(0.,0.,1.));
#10548 = DIRECTION('',(1.,0.,-0.));
#10549 = MANIFOLD_SOLID_BREP('',#10550);
#10550 = CLOSED_SHELL('',(#10551,#10639,#10643));
#10551 = ADVANCED_FACE('',(#10552),#10565,.T.);
#10552 = FACE_BOUND('',#10553,.T.);
#10553 = EDGE_LOOP('',(#10554,#10588,#10611,#10638));
#10554 = ORIENTED_EDGE('',*,*,#10555,.F.);
#10555 = EDGE_CURVE('',#10556,#10556,#10558,.T.);
#10556 = VERTEX_POINT('',#10557);
#10557 = CARTESIAN_POINT('',(-0.828484287049,-49.36880012642,200.));
#10558 = SURFACE_CURVE('',#10559,(#10564,#10576),.PCURVE_S1.);
#10559 = CIRCLE('',#10560,1.6);
#10560 = AXIS2_PLACEMENT_3D('',#10561,#10562,#10563);
#10561 = CARTESIAN_POINT('',(7.105427357601E-15,-48.,200.));
#10562 = DIRECTION('',(-0.786562379621,0.476077229771,0.393281189811));
#10563 = DIRECTION('',(-0.517802679406,-0.855500079018,0.));
#10564 = PCURVE('',#10565,#10570);
#10565 = CYLINDRICAL_SURFACE('',#10566,1.6);
#10566 = AXIS2_PLACEMENT_3D('',#10567,#10568,#10569);
#10567 = CARTESIAN_POINT('',(19.,-59.5,190.5));
#10568 = DIRECTION('',(-0.786562379621,0.476077229771,0.393281189811));
#10569 = DIRECTION('',(-0.517802679406,-0.855500079018,0.));
#10570 = DEFINITIONAL_REPRESENTATION('',(#10571),#10575);
#10571 = LINE('',#10572,#10573);
#10572 = CARTESIAN_POINT('',(0.,24.155744658362));
#10573 = VECTOR('',#10574,1.);
#10574 = DIRECTION('',(1.,0.));
#10575 = ( GEOMETRIC_REPRESENTATION_CONTEXT(2) 
PARAMETRIC_REPRESENTATION_CONTEXT() REPRESENTATION_CONTEXT('2D SPACE',''
  ) );
#10576 = PCURVE('',#10577,#10582);
#10577 = PLANE('',#10578);
#10578 = AXIS2_PLACEMENT_3D('',#10579,#10580,#10581);
#10579 = CARTESIAN_POINT('',(7.105427357601E-15,-48.,200.));
#10580 = DIRECTION('',(-0.786562379621,0.476077229771,0.393281189811));
#10581 = DIRECTION('',(-0.517802679406,-0.855500079018,0.));
#10582 = DEFINITIONAL_REPRESENTATION('',(#10583),#10587);
#10583 = CIRCLE('',#10584,1.6);
#10584 = AXIS2_PLACEMENT_2D('',#10585,#10586);
#10585 = CARTESIAN_POINT('',(0.,0.));
#10586 = DIRECTION('',(1.,0.));
#10587 = ( GEOMETRIC_REPRESENTATION_CONTEXT(2) 
PARAMETRIC_REPRESENTATION_CONTEXT() REPRESENTATION_CONTEXT('2D SPACE',''
  ) );
#10588 = ORIENTED_EDGE('',*,*,#10589,.F.);
#10589 = EDGE_CURVE('',#10590,#10556,#10592,.T.);
#10590 = VERTEX_POINT('',#10591);
#10591 = CARTESIAN_POINT('',(18.171515712951,-60.86880012642,190.5));
#10592 = SEAM_CURVE('',#10593,(#10597,#10604),.PCURVE_S1.);
#10593 = LINE('',#10594,#10595);
#10594 = CARTESIAN_POINT('',(18.171515712951,-60.86880012642,190.5));
#10595 = VECTOR('',#10596,1.);
#10596 = DIRECTION('',(-0.786562379621,0.476077229771,0.393281189811));
#10597 = PCURVE('',#10565,#10598);
#10598 = DEFINITIONAL_REPRESENTATION('',(#10599),#10603);
#10599 = LINE('',#10600,#10601);
#10600 = CARTESIAN_POINT('',(6.28318530718,-0.));
#10601 = VECTOR('',#10602,1.);
#10602 = DIRECTION('',(0.,1.));
#10603 = ( GEOMETRIC_REPRESENTATION_CONTEXT(2) 
PARAMETRIC_REPRESENTATION_CONTEXT() REPRESENTATION_CONTEXT('2D SPACE',''
  ) );
#10604 = PCURVE('',#10565,#10605);
#10605 = DEFINITIONAL_REPRESENTATION('',(#10606),#10610);
#10606 = LINE('',#10607,#10608);
#10607 = CARTESIAN_POINT('',(0.,-0.));
#10608 = VECTOR('',#10609,1.);
#10609 = DIRECTION('',(0.,1.));
#10610 = ( GEOMETRIC_REPRESENTATION_CONTEXT(2) 
PARAMETRIC_REPRESENTATION_CONTEXT() REPRESENTATION_CONTEXT('2D SPACE',''
  ) );
#10611 = ORIENTED_EDGE('',*,*,#10612,.T.);
#10612 = EDGE_CURVE('',#10590,#10590,#10613,.T.);
#10613 = SURFACE_CURVE('',#10614,(#10619,#10626),.PCURVE_S1.);
#10614 = CIRCLE('',#10615,1.6);
#10615 = AXIS2_PLACEMENT_3D('',#10616,#10617,#10618);
#10616 = CARTESIAN_POINT('',(19.,-59.5,190.5));
#10617 = DIRECTION('',(-0.786562379621,0.476077229771,0.393281189811));
#10618 = DIRECTION('',(-0.517802679406,-0.855500079018,0.));
#10619 = PCURVE('',#10565,#10620);
#10620 = DEFINITIONAL_REPRESENTATION('',(#10621),#10625);
#10621 = LINE('',#10622,#10623);
#10622 = CARTESIAN_POINT('',(0.,0.));
#10623 = VECTOR('',#10624,1.);
#10624 = DIRECTION('',(1.,0.));
#10625 = ( GEOMETRIC_REPRESENTATION_CONTEXT(2) 
PARAMETRIC_REPRESENTATION_CONTEXT() REPRESENTATION_CONTEXT('2D SPACE',''
  ) );
#10626 = PCURVE('',#10627,#10632);
#10627 = PLANE('',#10628);
#10628 = AXIS2_PLACEMENT_3D('',#10629,#10630,#10631);
#10629 = CARTESIAN_POINT('',(19.,-59.5,190.5));
#10630 = DIRECTION('',(-0.786562379621,0.476077229771,0.393281189811));
#10631 = DIRECTION('',(-0.517802679406,-0.855500079018,0.));
#10632 = DEFINITIONAL_REPRESENTATION('',(#10633),#10637);
#10633 = CIRCLE('',#10634,1.6);
#10634 = AXIS2_PLACEMENT_2D('',#10635,#10636);
#10635 = CARTESIAN_POINT('',(0.,0.));
#10636 = DIRECTION('',(1.,0.));
#10637 = ( GEOMETRIC_REPRESENTATION_CONTEXT(2) 
PARAMETRIC_REPRESENTATION_CONTEXT() REPRESENTATION_CONTEXT('2D SPACE',''
  ) );
#10638 = ORIENTED_EDGE('',*,*,#10589,.T.);
#10639 = ADVANCED_FACE('',(#10640),#10577,.T.);
#10640 = FACE_BOUND('',#10641,.T.);
#10641 = EDGE_LOOP('',(#10642));
#10642 = ORIENTED_EDGE('',*,*,#10555,.T.);
#10643 = ADVANCED_FACE('',(#10644),#10627,.F.);
#10644 = FACE_BOUND('',#10645,.T.);
#10645 = EDGE_LOOP('',(#10646));
#10646 = ORIENTED_EDGE('',*,*,#10612,.F.);
#10647 = MANIFOLD_SOLID_BREP('',#10648);
#10648 = CLOSED_SHELL('',(#10649));
#10649 = ADVANCED_FACE('',(#10650),#10654,.T.);
#10650 = FACE_BOUND('',#10651,.T.);
#10651 = VERTEX_LOOP('',#10652);
#10652 = VERTEX_POINT('',#10653);
#10653 = CARTESIAN_POINT('',(19.,-59.5,188.9));
#10654 = SPHERICAL_SURFACE('',#10655,1.6);
#10655 = AXIS2_PLACEMENT_3D('',#10656,#10657,#10658);
#10656 = CARTESIAN_POINT('',(19.,-59.5,190.5));
#10657 = DIRECTION('',(0.,0.,1.));
#10658 = DIRECTION('',(1.,0.,-0.));
#10659 = MANIFOLD_SOLID_BREP('',#10660);
#10660 = CLOSED_SHELL('',(#10661));
#10661 = ADVANCED_FACE('',(#10662),#10666,.T.);
#10662 = FACE_BOUND('',#10663,.T.);
#10663 = VERTEX_LOOP('',#10664);
#10664 = VERTEX_POINT('',#10665);
#10665 = CARTESIAN_POINT('',(9.797174393179E-17,-48.,198.4));
#10666 = SPHERICAL_SURFACE('',#10667,1.6);
#10667 = AXIS2_PLACEMENT_3D('',#10668,#10669,#10670);
#10668 = CARTESIAN_POINT('',(0.,-48.,200.));
#10669 = DIRECTION('',(0.,0.,1.));
#10670 = DIRECTION('',(1.,0.,-0.));
#10671 = MANIFOLD_SOLID_BREP('',#10672);
#10672 = CLOSED_SHELL('',(#10673,#10761,#10765));
#10673 = ADVANCED_FACE('',(#10674),#10687,.T.);
#10674 = FACE_BOUND('',#10675,.T.);
#10675 = EDGE_LOOP('',(#10676,#10710,#10733,#10760));
#10676 = ORIENTED_EDGE('',*,*,#10677,.F.);
#10677 = EDGE_CURVE('',#10678,#10678,#10680,.T.);
#10678 = VERTEX_POINT('',#10679);
#10679 = CARTESIAN_POINT('',(-95.84091771099,-48.,133.66042572628));
#10680 = SURFACE_CURVE('',#10681,(#10686,#10698),.PCURVE_S1.);
#10681 = CIRCLE('',#10682,1.6);
#10682 = AXIS2_PLACEMENT_3D('',#10683,#10684,#10685);
#10683 = CARTESIAN_POINT('',(-96.73339942703,-48.,134.98838520854));
#10684 = DIRECTION('',(-0.829974676413,-0.,-0.557801072528));
#10685 = DIRECTION('',(0.557801072528,0.,-0.829974676413));
#10686 = PCURVE('',#10687,#10692);
#10687 = CYLINDRICAL_SURFACE('',#10688,1.6);
#10688 = AXIS2_PLACEMENT_3D('',#10689,#10690,#10691);
#10689 = CARTESIAN_POINT('',(7.105427357601E-15,-48.,200.));
#10690 = DIRECTION('',(-0.829974676413,0.,-0.557801072528));
#10691 = DIRECTION('',(0.557801072528,0.,-0.829974676413));
#10692 = DEFINITIONAL_REPRESENTATION('',(#10693),#10697);
#10693 = LINE('',#10694,#10695);
#10694 = CARTESIAN_POINT('',(0.,116.54982034521));
#10695 = VECTOR('',#10696,1.);
#10696 = DIRECTION('',(1.,0.));
#10697 = ( GEOMETRIC_REPRESENTATION_CONTEXT(2) 
PARAMETRIC_REPRESENTATION_CONTEXT() REPRESENTATION_CONTEXT('2D SPACE',''
  ) );
#10698 = PCURVE('',#10699,#10704);
#10699 = PLANE('',#10700);
#10700 = AXIS2_PLACEMENT_3D('',#10701,#10702,#10703);
#10701 = CARTESIAN_POINT('',(-96.73339942703,-48.,134.98838520854));
#10702 = DIRECTION('',(-0.829974676413,0.,-0.557801072528));
#10703 = DIRECTION('',(0.557801072528,0.,-0.829974676413));
#10704 = DEFINITIONAL_REPRESENTATION('',(#10705),#10709);
#10705 = CIRCLE('',#10706,1.6);
#10706 = AXIS2_PLACEMENT_2D('',#10707,#10708);
#10707 = CARTESIAN_POINT('',(0.,0.));
#10708 = DIRECTION('',(1.,0.));
#10709 = ( GEOMETRIC_REPRESENTATION_CONTEXT(2) 
PARAMETRIC_REPRESENTATION_CONTEXT() REPRESENTATION_CONTEXT('2D SPACE',''
  ) );
#10710 = ORIENTED_EDGE('',*,*,#10711,.F.);
#10711 = EDGE_CURVE('',#10712,#10678,#10714,.T.);
#10712 = VERTEX_POINT('',#10713);
#10713 = CARTESIAN_POINT('',(0.892481716044,-48.,198.67204051773));
#10714 = SEAM_CURVE('',#10715,(#10719,#10726),.PCURVE_S1.);
#10715 = LINE('',#10716,#10717);
#10716 = CARTESIAN_POINT('',(0.892481716044,-48.,198.67204051773));
#10717 = VECTOR('',#10718,1.);
#10718 = DIRECTION('',(-0.829974676413,0.,-0.557801072528));
#10719 = PCURVE('',#10687,#10720);
#10720 = DEFINITIONAL_REPRESENTATION('',(#10721),#10725);
#10721 = LINE('',#10722,#10723);
#10722 = CARTESIAN_POINT('',(6.28318530718,-0.));
#10723 = VECTOR('',#10724,1.);
#10724 = DIRECTION('',(0.,1.));
#10725 = ( GEOMETRIC_REPRESENTATION_CONTEXT(2) 
PARAMETRIC_REPRESENTATION_CONTEXT() REPRESENTATION_CONTEXT('2D SPACE',''
  ) );
#10726 = PCURVE('',#10687,#10727);
#10727 = DEFINITIONAL_REPRESENTATION('',(#10728),#10732);
#10728 = LINE('',#10729,#10730);
#10729 = CARTESIAN_POINT('',(0.,-0.));
#10730 = VECTOR('',#10731,1.);
#10731 = DIRECTION('',(0.,1.));
#10732 = ( GEOMETRIC_REPRESENTATION_CONTEXT(2) 
PARAMETRIC_REPRESENTATION_CONTEXT() REPRESENTATION_CONTEXT('2D SPACE',''
  ) );
#10733 = ORIENTED_EDGE('',*,*,#10734,.T.);
#10734 = EDGE_CURVE('',#10712,#10712,#10735,.T.);
#10735 = SURFACE_CURVE('',#10736,(#10741,#10748),.PCURVE_S1.);
#10736 = CIRCLE('',#10737,1.6);
#10737 = AXIS2_PLACEMENT_3D('',#10738,#10739,#10740);
#10738 = CARTESIAN_POINT('',(7.105427357601E-15,-48.,200.));
#10739 = DIRECTION('',(-0.829974676413,-0.,-0.557801072528));
#10740 = DIRECTION('',(0.557801072528,0.,-0.829974676413));
#10741 = PCURVE('',#10687,#10742);
#10742 = DEFINITIONAL_REPRESENTATION('',(#10743),#10747);
#10743 = LINE('',#10744,#10745);
#10744 = CARTESIAN_POINT('',(0.,0.));
#10745 = VECTOR('',#10746,1.);
#10746 = DIRECTION('',(1.,0.));
#10747 = ( GEOMETRIC_REPRESENTATION_CONTEXT(2) 
PARAMETRIC_REPRESENTATION_CONTEXT() REPRESENTATION_CONTEXT('2D SPACE',''
  ) );
#10748 = PCURVE('',#10749,#10754);
#10749 = PLANE('',#10750);
#10750 = AXIS2_PLACEMENT_3D('',#10751,#10752,#10753);
#10751 = CARTESIAN_POINT('',(7.105427357601E-15,-48.,200.));
#10752 = DIRECTION('',(-0.829974676413,0.,-0.557801072528));
#10753 = DIRECTION('',(0.557801072528,0.,-0.829974676413));
#10754 = DEFINITIONAL_REPRESENTATION('',(#10755),#10759);
#10755 = CIRCLE('',#10756,1.6);
#10756 = AXIS2_PLACEMENT_2D('',#10757,#10758);
#10757 = CARTESIAN_POINT('',(0.,0.));
#10758 = DIRECTION('',(1.,0.));
#10759 = ( GEOMETRIC_REPRESENTATION_CONTEXT(2) 
PARAMETRIC_REPRESENTATION_CONTEXT() REPRESENTATION_CONTEXT('2D SPACE',''
  ) );
#10760 = ORIENTED_EDGE('',*,*,#10711,.T.);
#10761 = ADVANCED_FACE('',(#10762),#10699,.T.);
#10762 = FACE_BOUND('',#10763,.T.);
#10763 = EDGE_LOOP('',(#10764));
#10764 = ORIENTED_EDGE('',*,*,#10677,.T.);
#10765 = ADVANCED_FACE('',(#10766),#10749,.F.);
#10766 = FACE_BOUND('',#10767,.T.);
#10767 = EDGE_LOOP('',(#10768));
#10768 = ORIENTED_EDGE('',*,*,#10734,.F.);
#10769 = MANIFOLD_SOLID_BREP('',#10770);
#10770 = CLOSED_SHELL('',(#10771));
#10771 = ADVANCED_FACE('',(#10772),#10776,.T.);
#10772 = FACE_BOUND('',#10773,.T.);
#10773 = VERTEX_LOOP('',#10774);
#10774 = VERTEX_POINT('',#10775);
#10775 = CARTESIAN_POINT('',(9.797174393179E-17,-48.,198.4));
#10776 = SPHERICAL_SURFACE('',#10777,1.6);
#10777 = AXIS2_PLACEMENT_3D('',#10778,#10779,#10780);
#10778 = CARTESIAN_POINT('',(0.,-48.,200.));
#10779 = DIRECTION('',(0.,0.,1.));
#10780 = DIRECTION('',(1.,0.,-0.));
#10781 = MANIFOLD_SOLID_BREP('',#10782);
#10782 = CLOSED_SHELL('',(#10783));
#10783 = ADVANCED_FACE('',(#10784),#10788,.T.);
#10784 = FACE_BOUND('',#10785,.T.);
#10785 = VERTEX_LOOP('',#10786);
#10786 = VERTEX_POINT('',#10787);
#10787 = CARTESIAN_POINT('',(-96.73339942703,-48.,133.38838520854));
#10788 = SPHERICAL_SURFACE('',#10789,1.6);
#10789 = AXIS2_PLACEMENT_3D('',#10790,#10791,#10792);
#10790 = CARTESIAN_POINT('',(-96.73339942703,-48.,134.98838520854));
#10791 = DIRECTION('',(0.,0.,1.));
#10792 = DIRECTION('',(1.,0.,-0.));
#10793 = MANIFOLD_SOLID_BREP('',#10794);
#10794 = CLOSED_SHELL('',(#10795,#10883,#10887));
#10795 = ADVANCED_FACE('',(#10796),#10809,.T.);
#10796 = FACE_BOUND('',#10797,.T.);
#10797 = EDGE_LOOP('',(#10798,#10832,#10855,#10882));
#10798 = ORIENTED_EDGE('',*,*,#10799,.F.);
#10799 = EDGE_CURVE('',#10800,#10800,#10802,.T.);
#10800 = VERTEX_POINT('',#10801);
#10801 = CARTESIAN_POINT('',(-0.828484287049,-46.63119987357,200.));
#10802 = SURFACE_CURVE('',#10803,(#10808,#10820),.PCURVE_S1.);
#10803 = CIRCLE('',#10804,1.6);
#10804 = AXIS2_PLACEMENT_3D('',#10805,#10806,#10807);
#10805 = CARTESIAN_POINT('',(-1.42108547152E-14,-48.,200.));
#10806 = DIRECTION('',(0.786562379621,0.476077229771,-0.393281189811));
#10807 = DIRECTION('',(-0.517802679406,0.855500079018,0.));
#10808 = PCURVE('',#10809,#10814);
#10809 = CYLINDRICAL_SURFACE('',#10810,1.6);
#10810 = AXIS2_PLACEMENT_3D('',#10811,#10812,#10813);
#10811 = CARTESIAN_POINT('',(-19.,-59.5,209.5));
#10812 = DIRECTION('',(0.786562379621,0.476077229771,-0.393281189811));
#10813 = DIRECTION('',(-0.517802679406,0.855500079018,0.));
#10814 = DEFINITIONAL_REPRESENTATION('',(#10815),#10819);
#10815 = LINE('',#10816,#10817);
#10816 = CARTESIAN_POINT('',(0.,24.155744658362));
#10817 = VECTOR('',#10818,1.);
#10818 = DIRECTION('',(1.,0.));
#10819 = ( GEOMETRIC_REPRESENTATION_CONTEXT(2) 
PARAMETRIC_REPRESENTATION_CONTEXT() REPRESENTATION_CONTEXT('2D SPACE',''
  ) );
#10820 = PCURVE('',#10821,#10826);
#10821 = PLANE('',#10822);
#10822 = AXIS2_PLACEMENT_3D('',#10823,#10824,#10825);
#10823 = CARTESIAN_POINT('',(-1.42108547152E-14,-48.,200.));
#10824 = DIRECTION('',(0.786562379621,0.476077229771,-0.393281189811));
#10825 = DIRECTION('',(-0.517802679406,0.855500079018,0.));
#10826 = DEFINITIONAL_REPRESENTATION('',(#10827),#10831);
#10827 = CIRCLE('',#10828,1.6);
#10828 = AXIS2_PLACEMENT_2D('',#10829,#10830);
#10829 = CARTESIAN_POINT('',(0.,0.));
#10830 = DIRECTION('',(1.,0.));
#10831 = ( GEOMETRIC_REPRESENTATION_CONTEXT(2) 
PARAMETRIC_REPRESENTATION_CONTEXT() REPRESENTATION_CONTEXT('2D SPACE',''
  ) );
#10832 = ORIENTED_EDGE('',*,*,#10833,.F.);
#10833 = EDGE_CURVE('',#10834,#10800,#10836,.T.);
#10834 = VERTEX_POINT('',#10835);
#10835 = CARTESIAN_POINT('',(-19.82848428704,-58.13119987357,209.5));
#10836 = SEAM_CURVE('',#10837,(#10841,#10848),.PCURVE_S1.);
#10837 = LINE('',#10838,#10839);
#10838 = CARTESIAN_POINT('',(-19.82848428704,-58.13119987357,209.5));
#10839 = VECTOR('',#10840,1.);
#10840 = DIRECTION('',(0.786562379621,0.476077229771,-0.393281189811));
#10841 = PCURVE('',#10809,#10842);
#10842 = DEFINITIONAL_REPRESENTATION('',(#10843),#10847);
#10843 = LINE('',#10844,#10845);
#10844 = CARTESIAN_POINT('',(6.28318530718,-0.));
#10845 = VECTOR('',#10846,1.);
#10846 = DIRECTION('',(0.,1.));
#10847 = ( GEOMETRIC_REPRESENTATION_CONTEXT(2) 
PARAMETRIC_REPRESENTATION_CONTEXT() REPRESENTATION_CONTEXT('2D SPACE',''
  ) );
#10848 = PCURVE('',#10809,#10849);
#10849 = DEFINITIONAL_REPRESENTATION('',(#10850),#10854);
#10850 = LINE('',#10851,#10852);
#10851 = CARTESIAN_POINT('',(0.,-0.));
#10852 = VECTOR('',#10853,1.);
#10853 = DIRECTION('',(0.,1.));
#10854 = ( GEOMETRIC_REPRESENTATION_CONTEXT(2) 
PARAMETRIC_REPRESENTATION_CONTEXT() REPRESENTATION_CONTEXT('2D SPACE',''
  ) );
#10855 = ORIENTED_EDGE('',*,*,#10856,.T.);
#10856 = EDGE_CURVE('',#10834,#10834,#10857,.T.);
#10857 = SURFACE_CURVE('',#10858,(#10863,#10870),.PCURVE_S1.);
#10858 = CIRCLE('',#10859,1.6);
#10859 = AXIS2_PLACEMENT_3D('',#10860,#10861,#10862);
#10860 = CARTESIAN_POINT('',(-19.,-59.5,209.5));
#10861 = DIRECTION('',(0.786562379621,0.476077229771,-0.393281189811));
#10862 = DIRECTION('',(-0.517802679406,0.855500079018,0.));
#10863 = PCURVE('',#10809,#10864);
#10864 = DEFINITIONAL_REPRESENTATION('',(#10865),#10869);
#10865 = LINE('',#10866,#10867);
#10866 = CARTESIAN_POINT('',(0.,0.));
#10867 = VECTOR('',#10868,1.);
#10868 = DIRECTION('',(1.,0.));
#10869 = ( GEOMETRIC_REPRESENTATION_CONTEXT(2) 
PARAMETRIC_REPRESENTATION_CONTEXT() REPRESENTATION_CONTEXT('2D SPACE',''
  ) );
#10870 = PCURVE('',#10871,#10876);
#10871 = PLANE('',#10872);
#10872 = AXIS2_PLACEMENT_3D('',#10873,#10874,#10875);
#10873 = CARTESIAN_POINT('',(-19.,-59.5,209.5));
#10874 = DIRECTION('',(0.786562379621,0.476077229771,-0.393281189811));
#10875 = DIRECTION('',(-0.517802679406,0.855500079018,0.));
#10876 = DEFINITIONAL_REPRESENTATION('',(#10877),#10881);
#10877 = CIRCLE('',#10878,1.6);
#10878 = AXIS2_PLACEMENT_2D('',#10879,#10880);
#10879 = CARTESIAN_POINT('',(0.,0.));
#10880 = DIRECTION('',(1.,0.));
#10881 = ( GEOMETRIC_REPRESENTATION_CONTEXT(2) 
PARAMETRIC_REPRESENTATION_CONTEXT() REPRESENTATION_CONTEXT('2D SPACE',''
  ) );
#10882 = ORIENTED_EDGE('',*,*,#10833,.T.);
#10883 = ADVANCED_FACE('',(#10884),#10821,.T.);
#10884 = FACE_BOUND('',#10885,.T.);
#10885 = EDGE_LOOP('',(#10886));
#10886 = ORIENTED_EDGE('',*,*,#10799,.T.);
#10887 = ADVANCED_FACE('',(#10888),#10871,.F.);
#10888 = FACE_BOUND('',#10889,.T.);
#10889 = EDGE_LOOP('',(#10890));
#10890 = ORIENTED_EDGE('',*,*,#10856,.F.);
#10891 = MANIFOLD_SOLID_BREP('',#10892);
#10892 = CLOSED_SHELL('',(#10893));
#10893 = ADVANCED_FACE('',(#10894),#10898,.T.);
#10894 = FACE_BOUND('',#10895,.T.);
#10895 = VERTEX_LOOP('',#10896);
#10896 = VERTEX_POINT('',#10897);
#10897 = CARTESIAN_POINT('',(-19.,-59.5,207.9));
#10898 = SPHERICAL_SURFACE('',#10899,1.6);
#10899 = AXIS2_PLACEMENT_3D('',#10900,#10901,#10902);
#10900 = CARTESIAN_POINT('',(-19.,-59.5,209.5));
#10901 = DIRECTION('',(0.,0.,1.));
#10902 = DIRECTION('',(1.,0.,-0.));
#10903 = MANIFOLD_SOLID_BREP('',#10904);
#10904 = CLOSED_SHELL('',(#10905));
#10905 = ADVANCED_FACE('',(#10906),#10910,.T.);
#10906 = FACE_BOUND('',#10907,.T.);
#10907 = VERTEX_LOOP('',#10908);
#10908 = VERTEX_POINT('',#10909);
#10909 = CARTESIAN_POINT('',(9.797174393179E-17,-48.,198.4));
#10910 = SPHERICAL_SURFACE('',#10911,1.6);
#10911 = AXIS2_PLACEMENT_3D('',#10912,#10913,#10914);
#10912 = CARTESIAN_POINT('',(0.,-48.,200.));
#10913 = DIRECTION('',(0.,0.,1.));
#10914 = DIRECTION('',(1.,0.,-0.));
#10915 = MANIFOLD_SOLID_BREP('',#10916);
#10916 = CLOSED_SHELL('',(#10917,#11005,#11009));
#10917 = ADVANCED_FACE('',(#10918),#10931,.T.);
#10918 = FACE_BOUND('',#10919,.T.);
#10919 = EDGE_LOOP('',(#10920,#10954,#10977,#11004));
#10920 = ORIENTED_EDGE('',*,*,#10921,.F.);
#10921 = EDGE_CURVE('',#10922,#10922,#10924,.T.);
#10922 = VERTEX_POINT('',#10923);
#10923 = CARTESIAN_POINT('',(-95.73684988065,-48.,121.73663083903));
#10924 = SURFACE_CURVE('',#10925,(#10930,#10942),.PCURVE_S1.);
#10925 = CIRCLE('',#10926,1.6);
#10926 = AXIS2_PLACEMENT_3D('',#10927,#10928,#10929);
#10927 = CARTESIAN_POINT('',(-96.73339942703,-48.,122.98838520854));
#10928 = DIRECTION('',(-0.782346480949,-0.,-0.622843466488));
#10929 = DIRECTION('',(0.622843466488,0.,-0.782346480949));
#10930 = PCURVE('',#10931,#10936);
#10931 = CYLINDRICAL_SURFACE('',#10932,1.6);
#10932 = AXIS2_PLACEMENT_3D('',#10933,#10934,#10935);
#10933 = CARTESIAN_POINT('',(-7.105427357601E-15,-48.,200.));
#10934 = DIRECTION('',(-0.782346480949,0.,-0.622843466488));
#10935 = DIRECTION('',(0.622843466488,0.,-0.782346480949));
#10936 = DEFINITIONAL_REPRESENTATION('',(#10937),#10941);
#10937 = LINE('',#10938,#10939);
#10938 = CARTESIAN_POINT('',(0.,123.64521574851));
#10939 = VECTOR('',#10940,1.);
#10940 = DIRECTION('',(1.,0.));
#10941 = ( GEOMETRIC_REPRESENTATION_CONTEXT(2) 
PARAMETRIC_REPRESENTATION_CONTEXT() REPRESENTATION_CONTEXT('2D SPACE',''
  ) );
#10942 = PCURVE('',#10943,#10948);
#10943 = PLANE('',#10944);
#10944 = AXIS2_PLACEMENT_3D('',#10945,#10946,#10947);
#10945 = CARTESIAN_POINT('',(-96.73339942703,-48.,122.98838520854));
#10946 = DIRECTION('',(-0.782346480949,0.,-0.622843466488));
#10947 = DIRECTION('',(0.622843466488,0.,-0.782346480949));
#10948 = DEFINITIONAL_REPRESENTATION('',(#10949),#10953);
#10949 = CIRCLE('',#10950,1.6);
#10950 = AXIS2_PLACEMENT_2D('',#10951,#10952);
#10951 = CARTESIAN_POINT('',(0.,0.));
#10952 = DIRECTION('',(1.,0.));
#10953 = ( GEOMETRIC_REPRESENTATION_CONTEXT(2) 
PARAMETRIC_REPRESENTATION_CONTEXT() REPRESENTATION_CONTEXT('2D SPACE',''
  ) );
#10954 = ORIENTED_EDGE('',*,*,#10955,.F.);
#10955 = EDGE_CURVE('',#10956,#10922,#10958,.T.);
#10956 = VERTEX_POINT('',#10957);
#10957 = CARTESIAN_POINT('',(0.996549546381,-48.,198.74824563048));
#10958 = SEAM_CURVE('',#10959,(#10963,#10970),.PCURVE_S1.);
#10959 = LINE('',#10960,#10961);
#10960 = CARTESIAN_POINT('',(0.996549546381,-48.,198.74824563048));
#10961 = VECTOR('',#10962,1.);
#10962 = DIRECTION('',(-0.782346480949,0.,-0.622843466488));
#10963 = PCURVE('',#10931,#10964);
#10964 = DEFINITIONAL_REPRESENTATION('',(#10965),#10969);
#10965 = LINE('',#10966,#10967);
#10966 = CARTESIAN_POINT('',(6.28318530718,-0.));
#10967 = VECTOR('',#10968,1.);
#10968 = DIRECTION('',(0.,1.));
#10969 = ( GEOMETRIC_REPRESENTATION_CONTEXT(2) 
PARAMETRIC_REPRESENTATION_CONTEXT() REPRESENTATION_CONTEXT('2D SPACE',''
  ) );
#10970 = PCURVE('',#10931,#10971);
#10971 = DEFINITIONAL_REPRESENTATION('',(#10972),#10976);
#10972 = LINE('',#10973,#10974);
#10973 = CARTESIAN_POINT('',(0.,-0.));
#10974 = VECTOR('',#10975,1.);
#10975 = DIRECTION('',(0.,1.));
#10976 = ( GEOMETRIC_REPRESENTATION_CONTEXT(2) 
PARAMETRIC_REPRESENTATION_CONTEXT() REPRESENTATION_CONTEXT('2D SPACE',''
  ) );
#10977 = ORIENTED_EDGE('',*,*,#10978,.T.);
#10978 = EDGE_CURVE('',#10956,#10956,#10979,.T.);
#10979 = SURFACE_CURVE('',#10980,(#10985,#10992),.PCURVE_S1.);
#10980 = CIRCLE('',#10981,1.6);
#10981 = AXIS2_PLACEMENT_3D('',#10982,#10983,#10984);
#10982 = CARTESIAN_POINT('',(-7.105427357601E-15,-48.,200.));
#10983 = DIRECTION('',(-0.782346480949,-0.,-0.622843466488));
#10984 = DIRECTION('',(0.622843466488,0.,-0.782346480949));
#10985 = PCURVE('',#10931,#10986);
#10986 = DEFINITIONAL_REPRESENTATION('',(#10987),#10991);
#10987 = LINE('',#10988,#10989);
#10988 = CARTESIAN_POINT('',(0.,0.));
#10989 = VECTOR('',#10990,1.);
#10990 = DIRECTION('',(1.,0.));
#10991 = ( GEOMETRIC_REPRESENTATION_CONTEXT(2) 
PARAMETRIC_REPRESENTATION_CONTEXT() REPRESENTATION_CONTEXT('2D SPACE',''
  ) );
#10992 = PCURVE('',#10993,#10998);
#10993 = PLANE('',#10994);
#10994 = AXIS2_PLACEMENT_3D('',#10995,#10996,#10997);
#10995 = CARTESIAN_POINT('',(-7.105427357601E-15,-48.,200.));
#10996 = DIRECTION('',(-0.782346480949,0.,-0.622843466488));
#10997 = DIRECTION('',(0.622843466488,0.,-0.782346480949));
#10998 = DEFINITIONAL_REPRESENTATION('',(#10999),#11003);
#10999 = CIRCLE('',#11000,1.6);
#11000 = AXIS2_PLACEMENT_2D('',#11001,#11002);
#11001 = CARTESIAN_POINT('',(0.,0.));
#11002 = DIRECTION('',(1.,0.));
#11003 = ( GEOMETRIC_REPRESENTATION_CONTEXT(2) 
PARAMETRIC_REPRESENTATION_CONTEXT() REPRESENTATION_CONTEXT('2D SPACE',''
  ) );
#11004 = ORIENTED_EDGE('',*,*,#10955,.T.);
#11005 = ADVANCED_FACE('',(#11006),#10943,.T.);
#11006 = FACE_BOUND('',#11007,.T.);
#11007 = EDGE_LOOP('',(#11008));
#11008 = ORIENTED_EDGE('',*,*,#10921,.T.);
#11009 = ADVANCED_FACE('',(#11010),#10993,.F.);
#11010 = FACE_BOUND('',#11011,.T.);
#11011 = EDGE_LOOP('',(#11012));
#11012 = ORIENTED_EDGE('',*,*,#10978,.F.);
#11013 = MANIFOLD_SOLID_BREP('',#11014);
#11014 = CLOSED_SHELL('',(#11015));
#11015 = ADVANCED_FACE('',(#11016),#11020,.T.);
#11016 = FACE_BOUND('',#11017,.T.);
#11017 = VERTEX_LOOP('',#11018);
#11018 = VERTEX_POINT('',#11019);
#11019 = CARTESIAN_POINT('',(9.797174393179E-17,-48.,198.4));
#11020 = SPHERICAL_SURFACE('',#11021,1.6);
#11021 = AXIS2_PLACEMENT_3D('',#11022,#11023,#11024);
#11022 = CARTESIAN_POINT('',(0.,-48.,200.));
#11023 = DIRECTION('',(0.,0.,1.));
#11024 = DIRECTION('',(1.,0.,-0.));
#11025 = MANIFOLD_SOLID_BREP('',#11026);
#11026 = CLOSED_SHELL('',(#11027));
#11027 = ADVANCED_FACE('',(#11028),#11032,.T.);
#11028 = FACE_BOUND('',#11029,.T.);
#11029 = VERTEX_LOOP('',#11030);
#11030 = VERTEX_POINT('',#11031);
#11031 = CARTESIAN_POINT('',(-96.73339942703,-48.,121.38838520854));
#11032 = SPHERICAL_SURFACE('',#11033,1.6);
#11033 = AXIS2_PLACEMENT_3D('',#11034,#11035,#11036);
#11034 = CARTESIAN_POINT('',(-96.73339942703,-48.,122.98838520854));
#11035 = DIRECTION('',(0.,0.,1.));
#11036 = DIRECTION('',(1.,0.,-0.));
#11037 = MANIFOLD_SOLID_BREP('',#11038);
#11038 = CLOSED_SHELL('',(#11039,#11127,#11131));
#11039 = ADVANCED_FACE('',(#11040),#11053,.T.);
#11040 = FACE_BOUND('',#11041,.T.);
#11041 = EDGE_LOOP('',(#11042,#11076,#11099,#11126));
#11042 = ORIENTED_EDGE('',*,*,#11043,.F.);
#11043 = EDGE_CURVE('',#11044,#11044,#11046,.T.);
#11044 = VERTEX_POINT('',#11045);
#11045 = CARTESIAN_POINT('',(-3.918869757272E-16,-46.9809896848,
    201.2335388026));
#11046 = SURFACE_CURVE('',#11047,(#11052,#11064),.PCURVE_S1.);
#11047 = CIRCLE('',#11048,1.6);
#11048 = AXIS2_PLACEMENT_3D('',#11049,#11050,#11051);
#11049 = CARTESIAN_POINT('',(0.,-48.,200.));
#11050 = DIRECTION('',(0.,0.770961751627,-0.636881446996));
#11051 = DIRECTION('',(0.,0.636881446996,0.770961751627));
#11052 = PCURVE('',#11053,#11058);
#11053 = CYLINDRICAL_SURFACE('',#11054,1.6);
#11054 = AXIS2_PLACEMENT_3D('',#11055,#11056,#11057);
#11055 = CARTESIAN_POINT('',(0.,-59.5,209.5));
#11056 = DIRECTION('',(0.,0.770961751627,-0.636881446996));
#11057 = DIRECTION('',(0.,0.636881446996,0.770961751627));
#11058 = DEFINITIONAL_REPRESENTATION('',(#11059),#11063);
#11059 = LINE('',#11060,#11061);
#11060 = CARTESIAN_POINT('',(0.,14.916433890176));
#11061 = VECTOR('',#11062,1.);
#11062 = DIRECTION('',(1.,0.));
#11063 = ( GEOMETRIC_REPRESENTATION_CONTEXT(2) 
PARAMETRIC_REPRESENTATION_CONTEXT() REPRESENTATION_CONTEXT('2D SPACE',''
  ) );
#11064 = PCURVE('',#11065,#11070);
#11065 = PLANE('',#11066);
#11066 = AXIS2_PLACEMENT_3D('',#11067,#11068,#11069);
#11067 = CARTESIAN_POINT('',(0.,-48.,200.));
#11068 = DIRECTION('',(0.,0.770961751627,-0.636881446996));
#11069 = DIRECTION('',(0.,0.636881446996,0.770961751627));
#11070 = DEFINITIONAL_REPRESENTATION('',(#11071),#11075);
#11071 = CIRCLE('',#11072,1.6);
#11072 = AXIS2_PLACEMENT_2D('',#11073,#11074);
#11073 = CARTESIAN_POINT('',(0.,0.));
#11074 = DIRECTION('',(1.,0.));
#11075 = ( GEOMETRIC_REPRESENTATION_CONTEXT(2) 
PARAMETRIC_REPRESENTATION_CONTEXT() REPRESENTATION_CONTEXT('2D SPACE',''
  ) );
#11076 = ORIENTED_EDGE('',*,*,#11077,.F.);
#11077 = EDGE_CURVE('',#11078,#11044,#11080,.T.);
#11078 = VERTEX_POINT('',#11079);
#11079 = CARTESIAN_POINT('',(-3.918869757272E-16,-58.4809896848,
    210.7335388026));
#11080 = SEAM_CURVE('',#11081,(#11085,#11092),.PCURVE_S1.);
#11081 = LINE('',#11082,#11083);
#11082 = CARTESIAN_POINT('',(-3.918869757272E-16,-58.4809896848,
    210.7335388026));
#11083 = VECTOR('',#11084,1.);
#11084 = DIRECTION('',(0.,0.770961751627,-0.636881446996));
#11085 = PCURVE('',#11053,#11086);
#11086 = DEFINITIONAL_REPRESENTATION('',(#11087),#11091);
#11087 = LINE('',#11088,#11089);
#11088 = CARTESIAN_POINT('',(6.28318530718,-0.));
#11089 = VECTOR('',#11090,1.);
#11090 = DIRECTION('',(0.,1.));
#11091 = ( GEOMETRIC_REPRESENTATION_CONTEXT(2) 
PARAMETRIC_REPRESENTATION_CONTEXT() REPRESENTATION_CONTEXT('2D SPACE',''
  ) );
#11092 = PCURVE('',#11053,#11093);
#11093 = DEFINITIONAL_REPRESENTATION('',(#11094),#11098);
#11094 = LINE('',#11095,#11096);
#11095 = CARTESIAN_POINT('',(0.,-0.));
#11096 = VECTOR('',#11097,1.);
#11097 = DIRECTION('',(0.,1.));
#11098 = ( GEOMETRIC_REPRESENTATION_CONTEXT(2) 
PARAMETRIC_REPRESENTATION_CONTEXT() REPRESENTATION_CONTEXT('2D SPACE',''
  ) );
#11099 = ORIENTED_EDGE('',*,*,#11100,.T.);
#11100 = EDGE_CURVE('',#11078,#11078,#11101,.T.);
#11101 = SURFACE_CURVE('',#11102,(#11107,#11114),.PCURVE_S1.);
#11102 = CIRCLE('',#11103,1.6);
#11103 = AXIS2_PLACEMENT_3D('',#11104,#11105,#11106);
#11104 = CARTESIAN_POINT('',(0.,-59.5,209.5));
#11105 = DIRECTION('',(0.,0.770961751627,-0.636881446996));
#11106 = DIRECTION('',(0.,0.636881446996,0.770961751627));
#11107 = PCURVE('',#11053,#11108);
#11108 = DEFINITIONAL_REPRESENTATION('',(#11109),#11113);
#11109 = LINE('',#11110,#11111);
#11110 = CARTESIAN_POINT('',(0.,0.));
#11111 = VECTOR('',#11112,1.);
#11112 = DIRECTION('',(1.,0.));
#11113 = ( GEOMETRIC_REPRESENTATION_CONTEXT(2) 
PARAMETRIC_REPRESENTATION_CONTEXT() REPRESENTATION_CONTEXT('2D SPACE',''
  ) );
#11114 = PCURVE('',#11115,#11120);
#11115 = PLANE('',#11116);
#11116 = AXIS2_PLACEMENT_3D('',#11117,#11118,#11119);
#11117 = CARTESIAN_POINT('',(0.,-59.5,209.5));
#11118 = DIRECTION('',(0.,0.770961751627,-0.636881446996));
#11119 = DIRECTION('',(0.,0.636881446996,0.770961751627));
#11120 = DEFINITIONAL_REPRESENTATION('',(#11121),#11125);
#11121 = CIRCLE('',#11122,1.6);
#11122 = AXIS2_PLACEMENT_2D('',#11123,#11124);
#11123 = CARTESIAN_POINT('',(0.,0.));
#11124 = DIRECTION('',(1.,0.));
#11125 = ( GEOMETRIC_REPRESENTATION_CONTEXT(2) 
PARAMETRIC_REPRESENTATION_CONTEXT() REPRESENTATION_CONTEXT('2D SPACE',''
  ) );
#11126 = ORIENTED_EDGE('',*,*,#11077,.T.);
#11127 = ADVANCED_FACE('',(#11128),#11065,.T.);
#11128 = FACE_BOUND('',#11129,.T.);
#11129 = EDGE_LOOP('',(#11130));
#11130 = ORIENTED_EDGE('',*,*,#11043,.T.);
#11131 = ADVANCED_FACE('',(#11132),#11115,.F.);
#11132 = FACE_BOUND('',#11133,.T.);
#11133 = EDGE_LOOP('',(#11134));
#11134 = ORIENTED_EDGE('',*,*,#11100,.F.);
#11135 = MANIFOLD_SOLID_BREP('',#11136);
#11136 = CLOSED_SHELL('',(#11137));
#11137 = ADVANCED_FACE('',(#11138),#11142,.T.);
#11138 = FACE_BOUND('',#11139,.T.);
#11139 = VERTEX_LOOP('',#11140);
#11140 = VERTEX_POINT('',#11141);
#11141 = CARTESIAN_POINT('',(9.797174393179E-17,-59.5,207.9));
#11142 = SPHERICAL_SURFACE('',#11143,1.6);
#11143 = AXIS2_PLACEMENT_3D('',#11144,#11145,#11146);
#11144 = CARTESIAN_POINT('',(0.,-59.5,209.5));
#11145 = DIRECTION('',(0.,0.,1.));
#11146 = DIRECTION('',(1.,0.,-0.));
#11147 = MANIFOLD_SOLID_BREP('',#11148);
#11148 = CLOSED_SHELL('',(#11149));
#11149 = ADVANCED_FACE('',(#11150),#11154,.T.);
#11150 = FACE_BOUND('',#11151,.T.);
#11151 = VERTEX_LOOP('',#11152);
#11152 = VERTEX_POINT('',#11153);
#11153 = CARTESIAN_POINT('',(9.797174393179E-17,-48.,198.4));
#11154 = SPHERICAL_SURFACE('',#11155,1.6);
#11155 = AXIS2_PLACEMENT_3D('',#11156,#11157,#11158);
#11156 = CARTESIAN_POINT('',(0.,-48.,200.));
#11157 = DIRECTION('',(0.,0.,1.));
#11158 = DIRECTION('',(1.,0.,-0.));
#11159 = MANIFOLD_SOLID_BREP('',#11160);
#11160 = CLOSED_SHELL('',(#11161,#11249,#11253));
#11161 = ADVANCED_FACE('',(#11162),#11175,.T.);
#11162 = FACE_BOUND('',#11163,.T.);
#11163 = EDGE_LOOP('',(#11164,#11198,#11221,#11248));
#11164 = ORIENTED_EDGE('',*,*,#11165,.F.);
#11165 = EDGE_CURVE('',#11166,#11166,#11168,.T.);
#11166 = VERTEX_POINT('',#11167);
#11167 = CARTESIAN_POINT('',(-95.78657789648,-48.,127.69860654952));
#11168 = SURFACE_CURVE('',#11169,(#11174,#11186),.PCURVE_S1.);
#11169 = CIRCLE('',#11170,1.6);
#11170 = AXIS2_PLACEMENT_3D('',#11171,#11172,#11173);
#11171 = CARTESIAN_POINT('',(-96.73339942703,-48.,128.98838520854));
#11172 = DIRECTION('',(-0.806111661892,-0.,-0.591763456595));
#11173 = DIRECTION('',(0.591763456595,0.,-0.806111661892));
#11174 = PCURVE('',#11175,#11180);
#11175 = CYLINDRICAL_SURFACE('',#11176,1.6);
#11176 = AXIS2_PLACEMENT_3D('',#11177,#11178,#11179);
#11177 = CARTESIAN_POINT('',(-7.105427357601E-15,-48.,200.));
#11178 = DIRECTION('',(-0.806111661892,0.,-0.591763456595));
#11179 = DIRECTION('',(0.591763456595,0.,-0.806111661892));
#11180 = DEFINITIONAL_REPRESENTATION('',(#11181),#11185);
#11181 = LINE('',#11182,#11183);
#11182 = CARTESIAN_POINT('',(0.,120.));
#11183 = VECTOR('',#11184,1.);
#11184 = DIRECTION('',(1.,0.));
#11185 = ( GEOMETRIC_REPRESENTATION_CONTEXT(2) 
PARAMETRIC_REPRESENTATION_CONTEXT() REPRESENTATION_CONTEXT('2D SPACE',''
  ) );
#11186 = PCURVE('',#11187,#11192);
#11187 = PLANE('',#11188);
#11188 = AXIS2_PLACEMENT_3D('',#11189,#11190,#11191);
#11189 = CARTESIAN_POINT('',(-96.73339942703,-48.,128.98838520854));
#11190 = DIRECTION('',(-0.806111661892,0.,-0.591763456595));
#11191 = DIRECTION('',(0.591763456595,0.,-0.806111661892));
#11192 = DEFINITIONAL_REPRESENTATION('',(#11193),#11197);
#11193 = CIRCLE('',#11194,1.6);
#11194 = AXIS2_PLACEMENT_2D('',#11195,#11196);
#11195 = CARTESIAN_POINT('',(0.,0.));
#11196 = DIRECTION('',(1.,0.));
#11197 = ( GEOMETRIC_REPRESENTATION_CONTEXT(2) 
PARAMETRIC_REPRESENTATION_CONTEXT() REPRESENTATION_CONTEXT('2D SPACE',''
  ) );
#11198 = ORIENTED_EDGE('',*,*,#11199,.F.);
#11199 = EDGE_CURVE('',#11200,#11166,#11202,.T.);
#11200 = VERTEX_POINT('',#11201);
#11201 = CARTESIAN_POINT('',(0.946821530553,-48.,198.71022134097));
#11202 = SEAM_CURVE('',#11203,(#11207,#11214),.PCURVE_S1.);
#11203 = LINE('',#11204,#11205);
#11204 = CARTESIAN_POINT('',(0.946821530553,-48.,198.71022134097));
#11205 = VECTOR('',#11206,1.);
#11206 = DIRECTION('',(-0.806111661892,0.,-0.591763456595));
#11207 = PCURVE('',#11175,#11208);
#11208 = DEFINITIONAL_REPRESENTATION('',(#11209),#11213);
#11209 = LINE('',#11210,#11211);
#11210 = CARTESIAN_POINT('',(6.28318530718,-0.));
#11211 = VECTOR('',#11212,1.);
#11212 = DIRECTION('',(0.,1.));
#11213 = ( GEOMETRIC_REPRESENTATION_CONTEXT(2) 
PARAMETRIC_REPRESENTATION_CONTEXT() REPRESENTATION_CONTEXT('2D SPACE',''
  ) );
#11214 = PCURVE('',#11175,#11215);
#11215 = DEFINITIONAL_REPRESENTATION('',(#11216),#11220);
#11216 = LINE('',#11217,#11218);
#11217 = CARTESIAN_POINT('',(0.,-0.));
#11218 = VECTOR('',#11219,1.);
#11219 = DIRECTION('',(0.,1.));
#11220 = ( GEOMETRIC_REPRESENTATION_CONTEXT(2) 
PARAMETRIC_REPRESENTATION_CONTEXT() REPRESENTATION_CONTEXT('2D SPACE',''
  ) );
#11221 = ORIENTED_EDGE('',*,*,#11222,.T.);
#11222 = EDGE_CURVE('',#11200,#11200,#11223,.T.);
#11223 = SURFACE_CURVE('',#11224,(#11229,#11236),.PCURVE_S1.);
#11224 = CIRCLE('',#11225,1.6);
#11225 = AXIS2_PLACEMENT_3D('',#11226,#11227,#11228);
#11226 = CARTESIAN_POINT('',(-7.105427357601E-15,-48.,200.));
#11227 = DIRECTION('',(-0.806111661892,-0.,-0.591763456595));
#11228 = DIRECTION('',(0.591763456595,0.,-0.806111661892));
#11229 = PCURVE('',#11175,#11230);
#11230 = DEFINITIONAL_REPRESENTATION('',(#11231),#11235);
#11231 = LINE('',#11232,#11233);
#11232 = CARTESIAN_POINT('',(0.,0.));
#11233 = VECTOR('',#11234,1.);
#11234 = DIRECTION('',(1.,0.));
#11235 = ( GEOMETRIC_REPRESENTATION_CONTEXT(2) 
PARAMETRIC_REPRESENTATION_CONTEXT() REPRESENTATION_CONTEXT('2D SPACE',''
  ) );
#11236 = PCURVE('',#11237,#11242);
#11237 = PLANE('',#11238);
#11238 = AXIS2_PLACEMENT_3D('',#11239,#11240,#11241);
#11239 = CARTESIAN_POINT('',(-7.105427357601E-15,-48.,200.));
#11240 = DIRECTION('',(-0.806111661892,0.,-0.591763456595));
#11241 = DIRECTION('',(0.591763456595,0.,-0.806111661892));
#11242 = DEFINITIONAL_REPRESENTATION('',(#11243),#11247);
#11243 = CIRCLE('',#11244,1.6);
#11244 = AXIS2_PLACEMENT_2D('',#11245,#11246);
#11245 = CARTESIAN_POINT('',(0.,0.));
#11246 = DIRECTION('',(1.,0.));
#11247 = ( GEOMETRIC_REPRESENTATION_CONTEXT(2) 
PARAMETRIC_REPRESENTATION_CONTEXT() REPRESENTATION_CONTEXT('2D SPACE',''
  ) );
#11248 = ORIENTED_EDGE('',*,*,#11199,.T.);
#11249 = ADVANCED_FACE('',(#11250),#11187,.T.);
#11250 = FACE_BOUND('',#11251,.T.);
#11251 = EDGE_LOOP('',(#11252));
#11252 = ORIENTED_EDGE('',*,*,#11165,.T.);
#11253 = ADVANCED_FACE('',(#11254),#11237,.F.);
#11254 = FACE_BOUND('',#11255,.T.);
#11255 = EDGE_LOOP('',(#11256));
#11256 = ORIENTED_EDGE('',*,*,#11222,.F.);
#11257 = MANIFOLD_SOLID_BREP('',#11258);
#11258 = CLOSED_SHELL('',(#11259));
#11259 = ADVANCED_FACE('',(#11260),#11264,.T.);
#11260 = FACE_BOUND('',#11261,.T.);
#11261 = VERTEX_LOOP('',#11262);
#11262 = VERTEX_POINT('',#11263);
#11263 = CARTESIAN_POINT('',(9.797174393179E-17,-48.,198.4));
#11264 = SPHERICAL_SURFACE('',#11265,1.6);
#11265 = AXIS2_PLACEMENT_3D('',#11266,#11267,#11268);
#11266 = CARTESIAN_POINT('',(0.,-48.,200.));
#11267 = DIRECTION('',(0.,0.,1.));
#11268 = DIRECTION('',(1.,0.,-0.));
#11269 = MANIFOLD_SOLID_BREP('',#11270);
#11270 = CLOSED_SHELL('',(#11271));
#11271 = ADVANCED_FACE('',(#11272),#11276,.T.);
#11272 = FACE_BOUND('',#11273,.T.);
#11273 = VERTEX_LOOP('',#11274);
#11274 = VERTEX_POINT('',#11275);
#11275 = CARTESIAN_POINT('',(-96.73339942703,-48.,127.38838520854));
#11276 = SPHERICAL_SURFACE('',#11277,1.6);
#11277 = AXIS2_PLACEMENT_3D('',#11278,#11279,#11280);
#11278 = CARTESIAN_POINT('',(-96.73339942703,-48.,128.98838520854));
#11279 = DIRECTION('',(0.,0.,1.));
#11280 = DIRECTION('',(1.,0.,-0.));
#11281 = MANIFOLD_SOLID_BREP('',#11282);
#11282 = CLOSED_SHELL('',(#11283,#11371,#11375));
#11283 = ADVANCED_FACE('',(#11284),#11297,.T.);
#11284 = FACE_BOUND('',#11285,.T.);
#11285 = EDGE_LOOP('',(#11286,#11320,#11343,#11370));
#11286 = ORIENTED_EDGE('',*,*,#11287,.F.);
#11287 = EDGE_CURVE('',#11288,#11288,#11290,.T.);
#11288 = VERTEX_POINT('',#11289);
#11289 = CARTESIAN_POINT('',(-70.00053024881,-48.,11.993027584839));
#11290 = SURFACE_CURVE('',#11291,(#11296,#11308),.PCURVE_S1.);
#11291 = CIRCLE('',#11292,1.6);
#11292 = AXIS2_PLACEMENT_3D('',#11293,#11294,#11295);
#11293 = CARTESIAN_POINT('',(-68.44562108553,-48.,12.370197962726));
#11294 = DIRECTION('',(0.235731486179,0.,-0.971818227049));
#11295 = DIRECTION('',(-0.971818227049,0.,-0.235731486179));
#11296 = PCURVE('',#11297,#11302);
#11297 = CYLINDRICAL_SURFACE('',#11298,1.6);
#11298 = AXIS2_PLACEMENT_3D('',#11299,#11300,#11301);
#11299 = CARTESIAN_POINT('',(-96.73339942703,-48.,128.98838520854));
#11300 = DIRECTION('',(0.235731486179,0.,-0.971818227049));
#11301 = DIRECTION('',(-0.971818227049,0.,-0.235731486179));
#11302 = DEFINITIONAL_REPRESENTATION('',(#11303),#11307);
#11303 = LINE('',#11304,#11305);
#11304 = CARTESIAN_POINT('',(0.,120.));
#11305 = VECTOR('',#11306,1.);
#11306 = DIRECTION('',(1.,0.));
#11307 = ( GEOMETRIC_REPRESENTATION_CONTEXT(2) 
PARAMETRIC_REPRESENTATION_CONTEXT() REPRESENTATION_CONTEXT('2D SPACE',''
  ) );
#11308 = PCURVE('',#11309,#11314);
#11309 = PLANE('',#11310);
#11310 = AXIS2_PLACEMENT_3D('',#11311,#11312,#11313);
#11311 = CARTESIAN_POINT('',(-68.44562108553,-48.,12.370197962726));
#11312 = DIRECTION('',(0.235731486179,0.,-0.971818227049));
#11313 = DIRECTION('',(-0.971818227049,0.,-0.235731486179));
#11314 = DEFINITIONAL_REPRESENTATION('',(#11315),#11319);
#11315 = CIRCLE('',#11316,1.6);
#11316 = AXIS2_PLACEMENT_2D('',#11317,#11318);
#11317 = CARTESIAN_POINT('',(0.,0.));
#11318 = DIRECTION('',(1.,0.));
#11319 = ( GEOMETRIC_REPRESENTATION_CONTEXT(2) 
PARAMETRIC_REPRESENTATION_CONTEXT() REPRESENTATION_CONTEXT('2D SPACE',''
  ) );
#11320 = ORIENTED_EDGE('',*,*,#11321,.F.);
#11321 = EDGE_CURVE('',#11322,#11288,#11324,.T.);
#11322 = VERTEX_POINT('',#11323);
#11323 = CARTESIAN_POINT('',(-98.28830859031,-48.,128.61121483066));
#11324 = SEAM_CURVE('',#11325,(#11329,#11336),.PCURVE_S1.);
#11325 = LINE('',#11326,#11327);
#11326 = CARTESIAN_POINT('',(-98.28830859031,-48.,128.61121483066));
#11327 = VECTOR('',#11328,1.);
#11328 = DIRECTION('',(0.235731486179,0.,-0.971818227049));
#11329 = PCURVE('',#11297,#11330);
#11330 = DEFINITIONAL_REPRESENTATION('',(#11331),#11335);
#11331 = LINE('',#11332,#11333);
#11332 = CARTESIAN_POINT('',(6.28318530718,-0.));
#11333 = VECTOR('',#11334,1.);
#11334 = DIRECTION('',(0.,1.));
#11335 = ( GEOMETRIC_REPRESENTATION_CONTEXT(2) 
PARAMETRIC_REPRESENTATION_CONTEXT() REPRESENTATION_CONTEXT('2D SPACE',''
  ) );
#11336 = PCURVE('',#11297,#11337);
#11337 = DEFINITIONAL_REPRESENTATION('',(#11338),#11342);
#11338 = LINE('',#11339,#11340);
#11339 = CARTESIAN_POINT('',(0.,-0.));
#11340 = VECTOR('',#11341,1.);
#11341 = DIRECTION('',(0.,1.));
#11342 = ( GEOMETRIC_REPRESENTATION_CONTEXT(2) 
PARAMETRIC_REPRESENTATION_CONTEXT() REPRESENTATION_CONTEXT('2D SPACE',''
  ) );
#11343 = ORIENTED_EDGE('',*,*,#11344,.T.);
#11344 = EDGE_CURVE('',#11322,#11322,#11345,.T.);
#11345 = SURFACE_CURVE('',#11346,(#11351,#11358),.PCURVE_S1.);
#11346 = CIRCLE('',#11347,1.6);
#11347 = AXIS2_PLACEMENT_3D('',#11348,#11349,#11350);
#11348 = CARTESIAN_POINT('',(-96.73339942703,-48.,128.98838520854));
#11349 = DIRECTION('',(0.235731486179,0.,-0.971818227049));
#11350 = DIRECTION('',(-0.971818227049,0.,-0.235731486179));
#11351 = PCURVE('',#11297,#11352);
#11352 = DEFINITIONAL_REPRESENTATION('',(#11353),#11357);
#11353 = LINE('',#11354,#11355);
#11354 = CARTESIAN_POINT('',(0.,0.));
#11355 = VECTOR('',#11356,1.);
#11356 = DIRECTION('',(1.,0.));
#11357 = ( GEOMETRIC_REPRESENTATION_CONTEXT(2) 
PARAMETRIC_REPRESENTATION_CONTEXT() REPRESENTATION_CONTEXT('2D SPACE',''
  ) );
#11358 = PCURVE('',#11359,#11364);
#11359 = PLANE('',#11360);
#11360 = AXIS2_PLACEMENT_3D('',#11361,#11362,#11363);
#11361 = CARTESIAN_POINT('',(-96.73339942703,-48.,128.98838520854));
#11362 = DIRECTION('',(0.235731486179,0.,-0.971818227049));
#11363 = DIRECTION('',(-0.971818227049,0.,-0.235731486179));
#11364 = DEFINITIONAL_REPRESENTATION('',(#11365),#11369);
#11365 = CIRCLE('',#11366,1.6);
#11366 = AXIS2_PLACEMENT_2D('',#11367,#11368);
#11367 = CARTESIAN_POINT('',(0.,0.));
#11368 = DIRECTION('',(1.,0.));
#11369 = ( GEOMETRIC_REPRESENTATION_CONTEXT(2) 
PARAMETRIC_REPRESENTATION_CONTEXT() REPRESENTATION_CONTEXT('2D SPACE',''
  ) );
#11370 = ORIENTED_EDGE('',*,*,#11321,.T.);
#11371 = ADVANCED_FACE('',(#11372),#11309,.T.);
#11372 = FACE_BOUND('',#11373,.T.);
#11373 = EDGE_LOOP('',(#11374));
#11374 = ORIENTED_EDGE('',*,*,#11287,.T.);
#11375 = ADVANCED_FACE('',(#11376),#11359,.F.);
#11376 = FACE_BOUND('',#11377,.T.);
#11377 = EDGE_LOOP('',(#11378));
#11378 = ORIENTED_EDGE('',*,*,#11344,.F.);
#11379 = MANIFOLD_SOLID_BREP('',#11380);
#11380 = CLOSED_SHELL('',(#11381));
#11381 = ADVANCED_FACE('',(#11382),#11386,.T.);
#11382 = FACE_BOUND('',#11383,.T.);
#11383 = VERTEX_LOOP('',#11384);
#11384 = VERTEX_POINT('',#11385);
#11385 = CARTESIAN_POINT('',(-96.73339942703,-48.,127.38838520854));
#11386 = SPHERICAL_SURFACE('',#11387,1.6);
#11387 = AXIS2_PLACEMENT_3D('',#11388,#11389,#11390);
#11388 = CARTESIAN_POINT('',(-96.73339942703,-48.,128.98838520854));
#11389 = DIRECTION('',(0.,0.,1.));
#11390 = DIRECTION('',(1.,0.,-0.));
#11391 = MANIFOLD_SOLID_BREP('',#11392);
#11392 = CLOSED_SHELL('',(#11393));
#11393 = ADVANCED_FACE('',(#11394),#11398,.T.);
#11394 = FACE_BOUND('',#11395,.T.);
#11395 = VERTEX_LOOP('',#11396);
#11396 = VERTEX_POINT('',#11397);
#11397 = CARTESIAN_POINT('',(-68.44562108553,-48.,10.770197962726));
#11398 = SPHERICAL_SURFACE('',#11399,1.6);
#11399 = AXIS2_PLACEMENT_3D('',#11400,#11401,#11402);
#11400 = CARTESIAN_POINT('',(-68.44562108553,-48.,12.370197962726));
#11401 = DIRECTION('',(0.,0.,1.));
#11402 = DIRECTION('',(1.,0.,-0.));
#11403 = MANIFOLD_SOLID_BREP('',#11404);
#11404 = CLOSED_SHELL('',(#11405,#11493,#11497));
#11405 = ADVANCED_FACE('',(#11406),#11419,.T.);
#11406 = FACE_BOUND('',#11407,.T.);
#11407 = EDGE_LOOP('',(#11408,#11442,#11465,#11492));
#11408 = ORIENTED_EDGE('',*,*,#11409,.F.);
#11409 = EDGE_CURVE('',#11410,#11410,#11412,.T.);
#11410 = VERTEX_POINT('',#11411);
#11411 = CARTESIAN_POINT('',(-1.406165490665,-0.763346980647,230.));
#11412 = SURFACE_CURVE('',#11413,(#11418,#11430),.PCURVE_S1.);
#11413 = CIRCLE('',#11414,1.6);
#11414 = AXIS2_PLACEMENT_3D('',#11415,#11416,#11417);
#11415 = CARTESIAN_POINT('',(0.,-3.552713678801E-15,230.));
#11416 = DIRECTION('',(0.476941526722,-0.878576496593,
    -2.510218561694E-02));
#11417 = DIRECTION('',(-0.878853431666,-0.477091862904,0.));
#11418 = PCURVE('',#11419,#11424);
#11419 = CYLINDRICAL_SURFACE('',#11420,1.6);
#11420 = AXIS2_PLACEMENT_3D('',#11421,#11422,#11423);
#11421 = CARTESIAN_POINT('',(-9.5,17.5,230.5));
#11422 = DIRECTION('',(0.476941526722,-0.878576496593,
    -2.510218561694E-02));
#11423 = DIRECTION('',(-0.878853431666,-0.477091862904,0.));
#11424 = DEFINITIONAL_REPRESENTATION('',(#11425),#11429);
#11425 = LINE('',#11426,#11427);
#11426 = CARTESIAN_POINT('',(0.,19.918584287042));
#11427 = VECTOR('',#11428,1.);
#11428 = DIRECTION('',(1.,0.));
#11429 = ( GEOMETRIC_REPRESENTATION_CONTEXT(2) 
PARAMETRIC_REPRESENTATION_CONTEXT() REPRESENTATION_CONTEXT('2D SPACE',''
  ) );
#11430 = PCURVE('',#11431,#11436);
#11431 = PLANE('',#11432);
#11432 = AXIS2_PLACEMENT_3D('',#11433,#11434,#11435);
#11433 = CARTESIAN_POINT('',(0.,-3.552713678801E-15,230.));
#11434 = DIRECTION('',(0.476941526722,-0.878576496593,
    -2.510218561694E-02));
#11435 = DIRECTION('',(-0.878853431666,-0.477091862904,0.));
#11436 = DEFINITIONAL_REPRESENTATION('',(#11437),#11441);
#11437 = CIRCLE('',#11438,1.6);
#11438 = AXIS2_PLACEMENT_2D('',#11439,#11440);
#11439 = CARTESIAN_POINT('',(0.,0.));
#11440 = DIRECTION('',(1.,0.));
#11441 = ( GEOMETRIC_REPRESENTATION_CONTEXT(2) 
PARAMETRIC_REPRESENTATION_CONTEXT() REPRESENTATION_CONTEXT('2D SPACE',''
  ) );
#11442 = ORIENTED_EDGE('',*,*,#11443,.F.);
#11443 = EDGE_CURVE('',#11444,#11410,#11446,.T.);
#11444 = VERTEX_POINT('',#11445);
#11445 = CARTESIAN_POINT('',(-10.90616549066,16.736653019353,230.5));
#11446 = SEAM_CURVE('',#11447,(#11451,#11458),.PCURVE_S1.);
#11447 = LINE('',#11448,#11449);
#11448 = CARTESIAN_POINT('',(-10.90616549066,16.736653019353,230.5));
#11449 = VECTOR('',#11450,1.);
#11450 = DIRECTION('',(0.476941526722,-0.878576496593,
    -2.510218561694E-02));
#11451 = PCURVE('',#11419,#11452);
#11452 = DEFINITIONAL_REPRESENTATION('',(#11453),#11457);
#11453 = LINE('',#11454,#11455);
#11454 = CARTESIAN_POINT('',(6.28318530718,-0.));
#11455 = VECTOR('',#11456,1.);
#11456 = DIRECTION('',(0.,1.));
#11457 = ( GEOMETRIC_REPRESENTATION_CONTEXT(2) 
PARAMETRIC_REPRESENTATION_CONTEXT() REPRESENTATION_CONTEXT('2D SPACE',''
  ) );
#11458 = PCURVE('',#11419,#11459);
#11459 = DEFINITIONAL_REPRESENTATION('',(#11460),#11464);
#11460 = LINE('',#11461,#11462);
#11461 = CARTESIAN_POINT('',(0.,-0.));
#11462 = VECTOR('',#11463,1.);
#11463 = DIRECTION('',(0.,1.));
#11464 = ( GEOMETRIC_REPRESENTATION_CONTEXT(2) 
PARAMETRIC_REPRESENTATION_CONTEXT() REPRESENTATION_CONTEXT('2D SPACE',''
  ) );
#11465 = ORIENTED_EDGE('',*,*,#11466,.T.);
#11466 = EDGE_CURVE('',#11444,#11444,#11467,.T.);
#11467 = SURFACE_CURVE('',#11468,(#11473,#11480),.PCURVE_S1.);
#11468 = CIRCLE('',#11469,1.6);
#11469 = AXIS2_PLACEMENT_3D('',#11470,#11471,#11472);
#11470 = CARTESIAN_POINT('',(-9.5,17.5,230.5));
#11471 = DIRECTION('',(0.476941526722,-0.878576496593,
    -2.510218561694E-02));
#11472 = DIRECTION('',(-0.878853431666,-0.477091862904,0.));
#11473 = PCURVE('',#11419,#11474);
#11474 = DEFINITIONAL_REPRESENTATION('',(#11475),#11479);
#11475 = LINE('',#11476,#11477);
#11476 = CARTESIAN_POINT('',(0.,0.));
#11477 = VECTOR('',#11478,1.);
#11478 = DIRECTION('',(1.,0.));
#11479 = ( GEOMETRIC_REPRESENTATION_CONTEXT(2) 
PARAMETRIC_REPRESENTATION_CONTEXT() REPRESENTATION_CONTEXT('2D SPACE',''
  ) );
#11480 = PCURVE('',#11481,#11486);
#11481 = PLANE('',#11482);
#11482 = AXIS2_PLACEMENT_3D('',#11483,#11484,#11485);
#11483 = CARTESIAN_POINT('',(-9.5,17.5,230.5));
#11484 = DIRECTION('',(0.476941526722,-0.878576496593,
    -2.510218561694E-02));
#11485 = DIRECTION('',(-0.878853431666,-0.477091862904,0.));
#11486 = DEFINITIONAL_REPRESENTATION('',(#11487),#11491);
#11487 = CIRCLE('',#11488,1.6);
#11488 = AXIS2_PLACEMENT_2D('',#11489,#11490);
#11489 = CARTESIAN_POINT('',(0.,0.));
#11490 = DIRECTION('',(1.,0.));
#11491 = ( GEOMETRIC_REPRESENTATION_CONTEXT(2) 
PARAMETRIC_REPRESENTATION_CONTEXT() REPRESENTATION_CONTEXT('2D SPACE',''
  ) );
#11492 = ORIENTED_EDGE('',*,*,#11443,.T.);
#11493 = ADVANCED_FACE('',(#11494),#11431,.T.);
#11494 = FACE_BOUND('',#11495,.T.);
#11495 = EDGE_LOOP('',(#11496));
#11496 = ORIENTED_EDGE('',*,*,#11409,.T.);
#11497 = ADVANCED_FACE('',(#11498),#11481,.F.);
#11498 = FACE_BOUND('',#11499,.T.);
#11499 = EDGE_LOOP('',(#11500));
#11500 = ORIENTED_EDGE('',*,*,#11466,.F.);
#11501 = MANIFOLD_SOLID_BREP('',#11502);
#11502 = CLOSED_SHELL('',(#11503));
#11503 = ADVANCED_FACE('',(#11504),#11508,.T.);
#11504 = FACE_BOUND('',#11505,.T.);
#11505 = VERTEX_LOOP('',#11506);
#11506 = VERTEX_POINT('',#11507);
#11507 = CARTESIAN_POINT('',(-9.5,17.5,228.9));
#11508 = SPHERICAL_SURFACE('',#11509,1.6);
#11509 = AXIS2_PLACEMENT_3D('',#11510,#11511,#11512);
#11510 = CARTESIAN_POINT('',(-9.5,17.5,230.5));
#11511 = DIRECTION('',(0.,0.,1.));
#11512 = DIRECTION('',(1.,0.,-0.));
#11513 = MANIFOLD_SOLID_BREP('',#11514);
#11514 = CLOSED_SHELL('',(#11515));
#11515 = ADVANCED_FACE('',(#11516),#11520,.T.);
#11516 = FACE_BOUND('',#11517,.T.);
#11517 = VERTEX_LOOP('',#11518);
#11518 = VERTEX_POINT('',#11519);
#11519 = CARTESIAN_POINT('',(9.797174393179E-17,-2.399615652259E-32,
    228.4));
#11520 = SPHERICAL_SURFACE('',#11521,1.6);
#11521 = AXIS2_PLACEMENT_3D('',#11522,#11523,#11524);
#11522 = CARTESIAN_POINT('',(0.,0.,230.));
#11523 = DIRECTION('',(0.,0.,1.));
#11524 = DIRECTION('',(1.,0.,-0.));
#11525 = MANIFOLD_SOLID_BREP('',#11526);
#11526 = CLOSED_SHELL('',(#11527,#11615,#11619));
#11527 = ADVANCED_FACE('',(#11528),#11541,.T.);
#11528 = FACE_BOUND('',#11529,.T.);
#11529 = EDGE_LOOP('',(#11530,#11564,#11587,#11614));
#11530 = ORIENTED_EDGE('',*,*,#11531,.F.);
#11531 = EDGE_CURVE('',#11532,#11532,#11534,.T.);
#11532 = VERTEX_POINT('',#11533);
#11533 = CARTESIAN_POINT('',(75.,3.918869757272E-16,231.6));
#11534 = SURFACE_CURVE('',#11535,(#11540,#11552),.PCURVE_S1.);
#11535 = CIRCLE('',#11536,1.6);
#11536 = AXIS2_PLACEMENT_3D('',#11537,#11538,#11539);
#11537 = CARTESIAN_POINT('',(75.,0.,230.));
#11538 = DIRECTION('',(1.,0.,-0.));
#11539 = DIRECTION('',(0.,0.,1.));
#11540 = PCURVE('',#11541,#11546);
#11541 = CYLINDRICAL_SURFACE('',#11542,1.6);
#11542 = AXIS2_PLACEMENT_3D('',#11543,#11544,#11545);
#11543 = CARTESIAN_POINT('',(0.,0.,230.));
#11544 = DIRECTION('',(1.,0.,0.));
#11545 = DIRECTION('',(0.,0.,1.));
#11546 = DEFINITIONAL_REPRESENTATION('',(#11547),#11551);
#11547 = LINE('',#11548,#11549);
#11548 = CARTESIAN_POINT('',(0.,75.));
#11549 = VECTOR('',#11550,1.);
#11550 = DIRECTION('',(1.,0.));
#11551 = ( GEOMETRIC_REPRESENTATION_CONTEXT(2) 
PARAMETRIC_REPRESENTATION_CONTEXT() REPRESENTATION_CONTEXT('2D SPACE',''
  ) );
#11552 = PCURVE('',#11553,#11558);
#11553 = PLANE('',#11554);
#11554 = AXIS2_PLACEMENT_3D('',#11555,#11556,#11557);
#11555 = CARTESIAN_POINT('',(75.,0.,230.));
#11556 = DIRECTION('',(1.,0.,0.));
#11557 = DIRECTION('',(0.,0.,1.));
#11558 = DEFINITIONAL_REPRESENTATION('',(#11559),#11563);
#11559 = CIRCLE('',#11560,1.6);
#11560 = AXIS2_PLACEMENT_2D('',#11561,#11562);
#11561 = CARTESIAN_POINT('',(0.,0.));
#11562 = DIRECTION('',(1.,0.));
#11563 = ( GEOMETRIC_REPRESENTATION_CONTEXT(2) 
PARAMETRIC_REPRESENTATION_CONTEXT() REPRESENTATION_CONTEXT('2D SPACE',''
  ) );
#11564 = ORIENTED_EDGE('',*,*,#11565,.F.);
#11565 = EDGE_CURVE('',#11566,#11532,#11568,.T.);
#11566 = VERTEX_POINT('',#11567);
#11567 = CARTESIAN_POINT('',(0.,3.918869757272E-16,231.6));
#11568 = SEAM_CURVE('',#11569,(#11573,#11580),.PCURVE_S1.);
#11569 = LINE('',#11570,#11571);
#11570 = CARTESIAN_POINT('',(0.,3.918869757272E-16,231.6));
#11571 = VECTOR('',#11572,1.);
#11572 = DIRECTION('',(1.,0.,0.));
#11573 = PCURVE('',#11541,#11574);
#11574 = DEFINITIONAL_REPRESENTATION('',(#11575),#11579);
#11575 = LINE('',#11576,#11577);
#11576 = CARTESIAN_POINT('',(6.28318530718,-0.));
#11577 = VECTOR('',#11578,1.);
#11578 = DIRECTION('',(0.,1.));
#11579 = ( GEOMETRIC_REPRESENTATION_CONTEXT(2) 
PARAMETRIC_REPRESENTATION_CONTEXT() REPRESENTATION_CONTEXT('2D SPACE',''
  ) );
#11580 = PCURVE('',#11541,#11581);
#11581 = DEFINITIONAL_REPRESENTATION('',(#11582),#11586);
#11582 = LINE('',#11583,#11584);
#11583 = CARTESIAN_POINT('',(0.,-0.));
#11584 = VECTOR('',#11585,1.);
#11585 = DIRECTION('',(0.,1.));
#11586 = ( GEOMETRIC_REPRESENTATION_CONTEXT(2) 
PARAMETRIC_REPRESENTATION_CONTEXT() REPRESENTATION_CONTEXT('2D SPACE',''
  ) );
#11587 = ORIENTED_EDGE('',*,*,#11588,.T.);
#11588 = EDGE_CURVE('',#11566,#11566,#11589,.T.);
#11589 = SURFACE_CURVE('',#11590,(#11595,#11602),.PCURVE_S1.);
#11590 = CIRCLE('',#11591,1.6);
#11591 = AXIS2_PLACEMENT_3D('',#11592,#11593,#11594);
#11592 = CARTESIAN_POINT('',(0.,0.,230.));
#11593 = DIRECTION('',(1.,0.,-0.));
#11594 = DIRECTION('',(0.,0.,1.));
#11595 = PCURVE('',#11541,#11596);
#11596 = DEFINITIONAL_REPRESENTATION('',(#11597),#11601);
#11597 = LINE('',#11598,#11599);
#11598 = CARTESIAN_POINT('',(0.,0.));
#11599 = VECTOR('',#11600,1.);
#11600 = DIRECTION('',(1.,0.));
#11601 = ( GEOMETRIC_REPRESENTATION_CONTEXT(2) 
PARAMETRIC_REPRESENTATION_CONTEXT() REPRESENTATION_CONTEXT('2D SPACE',''
  ) );
#11602 = PCURVE('',#11603,#11608);
#11603 = PLANE('',#11604);
#11604 = AXIS2_PLACEMENT_3D('',#11605,#11606,#11607);
#11605 = CARTESIAN_POINT('',(0.,0.,230.));
#11606 = DIRECTION('',(1.,0.,0.));
#11607 = DIRECTION('',(0.,0.,1.));
#11608 = DEFINITIONAL_REPRESENTATION('',(#11609),#11613);
#11609 = CIRCLE('',#11610,1.6);
#11610 = AXIS2_PLACEMENT_2D('',#11611,#11612);
#11611 = CARTESIAN_POINT('',(0.,0.));
#11612 = DIRECTION('',(1.,0.));
#11613 = ( GEOMETRIC_REPRESENTATION_CONTEXT(2) 
PARAMETRIC_REPRESENTATION_CONTEXT() REPRESENTATION_CONTEXT('2D SPACE',''
  ) );
#11614 = ORIENTED_EDGE('',*,*,#11565,.T.);
#11615 = ADVANCED_FACE('',(#11616),#11553,.T.);
#11616 = FACE_BOUND('',#11617,.T.);
#11617 = EDGE_LOOP('',(#11618));
#11618 = ORIENTED_EDGE('',*,*,#11531,.T.);
#11619 = ADVANCED_FACE('',(#11620),#11603,.F.);
#11620 = FACE_BOUND('',#11621,.T.);
#11621 = EDGE_LOOP('',(#11622));
#11622 = ORIENTED_EDGE('',*,*,#11588,.F.);
#11623 = MANIFOLD_SOLID_BREP('',#11624);
#11624 = CLOSED_SHELL('',(#11625));
#11625 = ADVANCED_FACE('',(#11626),#11630,.T.);
#11626 = FACE_BOUND('',#11627,.T.);
#11627 = VERTEX_LOOP('',#11628);
#11628 = VERTEX_POINT('',#11629);
#11629 = CARTESIAN_POINT('',(9.797174393179E-17,-2.399615652259E-32,
    228.4));
#11630 = SPHERICAL_SURFACE('',#11631,1.6);
#11631 = AXIS2_PLACEMENT_3D('',#11632,#11633,#11634);
#11632 = CARTESIAN_POINT('',(0.,0.,230.));
#11633 = DIRECTION('',(0.,0.,1.));
#11634 = DIRECTION('',(1.,0.,-0.));
#11635 = MANIFOLD_SOLID_BREP('',#11636);
#11636 = CLOSED_SHELL('',(#11637));
#11637 = ADVANCED_FACE('',(#11638),#11642,.T.);
#11638 = FACE_BOUND('',#11639,.T.);
#11639 = VERTEX_LOOP('',#11640);
#11640 = VERTEX_POINT('',#11641);
#11641 = CARTESIAN_POINT('',(75.,-2.399615652259E-32,228.4));
#11642 = SPHERICAL_SURFACE('',#11643,1.6);
#11643 = AXIS2_PLACEMENT_3D('',#11644,#11645,#11646);
#11644 = CARTESIAN_POINT('',(75.,0.,230.));
#11645 = DIRECTION('',(0.,0.,1.));
#11646 = DIRECTION('',(1.,0.,-0.));
#11647 = MANIFOLD_SOLID_BREP('',#11648);
#11648 = CLOSED_SHELL('',(#11649,#11737,#11741));
#11649 = ADVANCED_FACE('',(#11650),#11663,.T.);
#11650 = FACE_BOUND('',#11651,.T.);
#11651 = EDGE_LOOP('',(#11652,#11686,#11709,#11736));
#11652 = ORIENTED_EDGE('',*,*,#11653,.F.);
#11653 = EDGE_CURVE('',#11654,#11654,#11656,.T.);
#11654 = VERTEX_POINT('',#11655);
#11655 = CARTESIAN_POINT('',(140.,3.918869757272E-16,231.6));
#11656 = SURFACE_CURVE('',#11657,(#11662,#11674),.PCURVE_S1.);
#11657 = CIRCLE('',#11658,1.6);
#11658 = AXIS2_PLACEMENT_3D('',#11659,#11660,#11661);
#11659 = CARTESIAN_POINT('',(140.,0.,230.));
#11660 = DIRECTION('',(1.,0.,-0.));
#11661 = DIRECTION('',(0.,0.,1.));
#11662 = PCURVE('',#11663,#11668);
#11663 = CYLINDRICAL_SURFACE('',#11664,1.6);
#11664 = AXIS2_PLACEMENT_3D('',#11665,#11666,#11667);
#11665 = CARTESIAN_POINT('',(75.,0.,230.));
#11666 = DIRECTION('',(1.,0.,0.));
#11667 = DIRECTION('',(0.,0.,1.));
#11668 = DEFINITIONAL_REPRESENTATION('',(#11669),#11673);
#11669 = LINE('',#11670,#11671);
#11670 = CARTESIAN_POINT('',(0.,65.));
#11671 = VECTOR('',#11672,1.);
#11672 = DIRECTION('',(1.,0.));
#11673 = ( GEOMETRIC_REPRESENTATION_CONTEXT(2) 
PARAMETRIC_REPRESENTATION_CONTEXT() REPRESENTATION_CONTEXT('2D SPACE',''
  ) );
#11674 = PCURVE('',#11675,#11680);
#11675 = PLANE('',#11676);
#11676 = AXIS2_PLACEMENT_3D('',#11677,#11678,#11679);
#11677 = CARTESIAN_POINT('',(140.,0.,230.));
#11678 = DIRECTION('',(1.,0.,0.));
#11679 = DIRECTION('',(0.,0.,1.));
#11680 = DEFINITIONAL_REPRESENTATION('',(#11681),#11685);
#11681 = CIRCLE('',#11682,1.6);
#11682 = AXIS2_PLACEMENT_2D('',#11683,#11684);
#11683 = CARTESIAN_POINT('',(0.,0.));
#11684 = DIRECTION('',(1.,0.));
#11685 = ( GEOMETRIC_REPRESENTATION_CONTEXT(2) 
PARAMETRIC_REPRESENTATION_CONTEXT() REPRESENTATION_CONTEXT('2D SPACE',''
  ) );
#11686 = ORIENTED_EDGE('',*,*,#11687,.F.);
#11687 = EDGE_CURVE('',#11688,#11654,#11690,.T.);
#11688 = VERTEX_POINT('',#11689);
#11689 = CARTESIAN_POINT('',(75.,3.918869757272E-16,231.6));
#11690 = SEAM_CURVE('',#11691,(#11695,#11702),.PCURVE_S1.);
#11691 = LINE('',#11692,#11693);
#11692 = CARTESIAN_POINT('',(75.,3.918869757272E-16,231.6));
#11693 = VECTOR('',#11694,1.);
#11694 = DIRECTION('',(1.,0.,0.));
#11695 = PCURVE('',#11663,#11696);
#11696 = DEFINITIONAL_REPRESENTATION('',(#11697),#11701);
#11697 = LINE('',#11698,#11699);
#11698 = CARTESIAN_POINT('',(6.28318530718,-0.));
#11699 = VECTOR('',#11700,1.);
#11700 = DIRECTION('',(0.,1.));
#11701 = ( GEOMETRIC_REPRESENTATION_CONTEXT(2) 
PARAMETRIC_REPRESENTATION_CONTEXT() REPRESENTATION_CONTEXT('2D SPACE',''
  ) );
#11702 = PCURVE('',#11663,#11703);
#11703 = DEFINITIONAL_REPRESENTATION('',(#11704),#11708);
#11704 = LINE('',#11705,#11706);
#11705 = CARTESIAN_POINT('',(0.,-0.));
#11706 = VECTOR('',#11707,1.);
#11707 = DIRECTION('',(0.,1.));
#11708 = ( GEOMETRIC_REPRESENTATION_CONTEXT(2) 
PARAMETRIC_REPRESENTATION_CONTEXT() REPRESENTATION_CONTEXT('2D SPACE',''
  ) );
#11709 = ORIENTED_EDGE('',*,*,#11710,.T.);
#11710 = EDGE_CURVE('',#11688,#11688,#11711,.T.);
#11711 = SURFACE_CURVE('',#11712,(#11717,#11724),.PCURVE_S1.);
#11712 = CIRCLE('',#11713,1.6);
#11713 = AXIS2_PLACEMENT_3D('',#11714,#11715,#11716);
#11714 = CARTESIAN_POINT('',(75.,0.,230.));
#11715 = DIRECTION('',(1.,0.,-0.));
#11716 = DIRECTION('',(0.,0.,1.));
#11717 = PCURVE('',#11663,#11718);
#11718 = DEFINITIONAL_REPRESENTATION('',(#11719),#11723);
#11719 = LINE('',#11720,#11721);
#11720 = CARTESIAN_POINT('',(0.,0.));
#11721 = VECTOR('',#11722,1.);
#11722 = DIRECTION('',(1.,0.));
#11723 = ( GEOMETRIC_REPRESENTATION_CONTEXT(2) 
PARAMETRIC_REPRESENTATION_CONTEXT() REPRESENTATION_CONTEXT('2D SPACE',''
  ) );
#11724 = PCURVE('',#11725,#11730);
#11725 = PLANE('',#11726);
#11726 = AXIS2_PLACEMENT_3D('',#11727,#11728,#11729);
#11727 = CARTESIAN_POINT('',(75.,0.,230.));
#11728 = DIRECTION('',(1.,0.,0.));
#11729 = DIRECTION('',(0.,0.,1.));
#11730 = DEFINITIONAL_REPRESENTATION('',(#11731),#11735);
#11731 = CIRCLE('',#11732,1.6);
#11732 = AXIS2_PLACEMENT_2D('',#11733,#11734);
#11733 = CARTESIAN_POINT('',(0.,0.));
#11734 = DIRECTION('',(1.,0.));
#11735 = ( GEOMETRIC_REPRESENTATION_CONTEXT(2) 
PARAMETRIC_REPRESENTATION_CONTEXT() REPRESENTATION_CONTEXT('2D SPACE',''
  ) );
#11736 = ORIENTED_EDGE('',*,*,#11687,.T.);
#11737 = ADVANCED_FACE('',(#11738),#11675,.T.);
#11738 = FACE_BOUND('',#11739,.T.);
#11739 = EDGE_LOOP('',(#11740));
#11740 = ORIENTED_EDGE('',*,*,#11653,.T.);
#11741 = ADVANCED_FACE('',(#11742),#11725,.F.);
#11742 = FACE_BOUND('',#11743,.T.);
#11743 = EDGE_LOOP('',(#11744));
#11744 = ORIENTED_EDGE('',*,*,#11710,.F.);
#11745 = MANIFOLD_SOLID_BREP('',#11746);
#11746 = CLOSED_SHELL('',(#11747));
#11747 = ADVANCED_FACE('',(#11748),#11752,.T.);
#11748 = FACE_BOUND('',#11749,.T.);
#11749 = VERTEX_LOOP('',#11750);
#11750 = VERTEX_POINT('',#11751);
#11751 = CARTESIAN_POINT('',(75.,-2.399615652259E-32,228.4));
#11752 = SPHERICAL_SURFACE('',#11753,1.6);
#11753 = AXIS2_PLACEMENT_3D('',#11754,#11755,#11756);
#11754 = CARTESIAN_POINT('',(75.,0.,230.));
#11755 = DIRECTION('',(0.,0.,1.));
#11756 = DIRECTION('',(1.,0.,-0.));
#11757 = MANIFOLD_SOLID_BREP('',#11758);
#11758 = CLOSED_SHELL('',(#11759));
#11759 = ADVANCED_FACE('',(#11760),#11764,.T.);
#11760 = FACE_BOUND('',#11761,.T.);
#11761 = VERTEX_LOOP('',#11762);
#11762 = VERTEX_POINT('',#11763);
#11763 = CARTESIAN_POINT('',(140.,-2.399615652259E-32,228.4));
#11764 = SPHERICAL_SURFACE('',#11765,1.6);
#11765 = AXIS2_PLACEMENT_3D('',#11766,#11767,#11768);
#11766 = CARTESIAN_POINT('',(140.,0.,230.));
#11767 = DIRECTION('',(0.,0.,1.));
#11768 = DIRECTION('',(1.,0.,-0.));
#11769 = MANIFOLD_SOLID_BREP('',#11770);
#11770 = CLOSED_SHELL('',(#11771,#11859,#11863));
#11771 = ADVANCED_FACE('',(#11772),#11785,.T.);
#11772 = FACE_BOUND('',#11773,.T.);
#11773 = EDGE_LOOP('',(#11774,#11808,#11831,#11858));
#11774 = ORIENTED_EDGE('',*,*,#11775,.F.);
#11775 = EDGE_CURVE('',#11776,#11776,#11778,.T.);
#11776 = VERTEX_POINT('',#11777);
#11777 = CARTESIAN_POINT('',(195.,3.918869757272E-16,231.6));
#11778 = SURFACE_CURVE('',#11779,(#11784,#11796),.PCURVE_S1.);
#11779 = CIRCLE('',#11780,1.6);
#11780 = AXIS2_PLACEMENT_3D('',#11781,#11782,#11783);
#11781 = CARTESIAN_POINT('',(195.,0.,230.));
#11782 = DIRECTION('',(1.,0.,-0.));
#11783 = DIRECTION('',(0.,0.,1.));
#11784 = PCURVE('',#11785,#11790);
#11785 = CYLINDRICAL_SURFACE('',#11786,1.6);
#11786 = AXIS2_PLACEMENT_3D('',#11787,#11788,#11789);
#11787 = CARTESIAN_POINT('',(140.,0.,230.));
#11788 = DIRECTION('',(1.,0.,0.));
#11789 = DIRECTION('',(0.,0.,1.));
#11790 = DEFINITIONAL_REPRESENTATION('',(#11791),#11795);
#11791 = LINE('',#11792,#11793);
#11792 = CARTESIAN_POINT('',(0.,55.));
#11793 = VECTOR('',#11794,1.);
#11794 = DIRECTION('',(1.,0.));
#11795 = ( GEOMETRIC_REPRESENTATION_CONTEXT(2) 
PARAMETRIC_REPRESENTATION_CONTEXT() REPRESENTATION_CONTEXT('2D SPACE',''
  ) );
#11796 = PCURVE('',#11797,#11802);
#11797 = PLANE('',#11798);
#11798 = AXIS2_PLACEMENT_3D('',#11799,#11800,#11801);
#11799 = CARTESIAN_POINT('',(195.,0.,230.));
#11800 = DIRECTION('',(1.,0.,0.));
#11801 = DIRECTION('',(0.,0.,1.));
#11802 = DEFINITIONAL_REPRESENTATION('',(#11803),#11807);
#11803 = CIRCLE('',#11804,1.6);
#11804 = AXIS2_PLACEMENT_2D('',#11805,#11806);
#11805 = CARTESIAN_POINT('',(0.,0.));
#11806 = DIRECTION('',(1.,0.));
#11807 = ( GEOMETRIC_REPRESENTATION_CONTEXT(2) 
PARAMETRIC_REPRESENTATION_CONTEXT() REPRESENTATION_CONTEXT('2D SPACE',''
  ) );
#11808 = ORIENTED_EDGE('',*,*,#11809,.F.);
#11809 = EDGE_CURVE('',#11810,#11776,#11812,.T.);
#11810 = VERTEX_POINT('',#11811);
#11811 = CARTESIAN_POINT('',(140.,3.918869757272E-16,231.6));
#11812 = SEAM_CURVE('',#11813,(#11817,#11824),.PCURVE_S1.);
#11813 = LINE('',#11814,#11815);
#11814 = CARTESIAN_POINT('',(140.,3.918869757272E-16,231.6));
#11815 = VECTOR('',#11816,1.);
#11816 = DIRECTION('',(1.,0.,0.));
#11817 = PCURVE('',#11785,#11818);
#11818 = DEFINITIONAL_REPRESENTATION('',(#11819),#11823);
#11819 = LINE('',#11820,#11821);
#11820 = CARTESIAN_POINT('',(6.28318530718,-0.));
#11821 = VECTOR('',#11822,1.);
#11822 = DIRECTION('',(0.,1.));
#11823 = ( GEOMETRIC_REPRESENTATION_CONTEXT(2) 
PARAMETRIC_REPRESENTATION_CONTEXT() REPRESENTATION_CONTEXT('2D SPACE',''
  ) );
#11824 = PCURVE('',#11785,#11825);
#11825 = DEFINITIONAL_REPRESENTATION('',(#11826),#11830);
#11826 = LINE('',#11827,#11828);
#11827 = CARTESIAN_POINT('',(0.,-0.));
#11828 = VECTOR('',#11829,1.);
#11829 = DIRECTION('',(0.,1.));
#11830 = ( GEOMETRIC_REPRESENTATION_CONTEXT(2) 
PARAMETRIC_REPRESENTATION_CONTEXT() REPRESENTATION_CONTEXT('2D SPACE',''
  ) );
#11831 = ORIENTED_EDGE('',*,*,#11832,.T.);
#11832 = EDGE_CURVE('',#11810,#11810,#11833,.T.);
#11833 = SURFACE_CURVE('',#11834,(#11839,#11846),.PCURVE_S1.);
#11834 = CIRCLE('',#11835,1.6);
#11835 = AXIS2_PLACEMENT_3D('',#11836,#11837,#11838);
#11836 = CARTESIAN_POINT('',(140.,0.,230.));
#11837 = DIRECTION('',(1.,0.,-0.));
#11838 = DIRECTION('',(0.,0.,1.));
#11839 = PCURVE('',#11785,#11840);
#11840 = DEFINITIONAL_REPRESENTATION('',(#11841),#11845);
#11841 = LINE('',#11842,#11843);
#11842 = CARTESIAN_POINT('',(0.,0.));
#11843 = VECTOR('',#11844,1.);
#11844 = DIRECTION('',(1.,0.));
#11845 = ( GEOMETRIC_REPRESENTATION_CONTEXT(2) 
PARAMETRIC_REPRESENTATION_CONTEXT() REPRESENTATION_CONTEXT('2D SPACE',''
  ) );
#11846 = PCURVE('',#11847,#11852);
#11847 = PLANE('',#11848);
#11848 = AXIS2_PLACEMENT_3D('',#11849,#11850,#11851);
#11849 = CARTESIAN_POINT('',(140.,0.,230.));
#11850 = DIRECTION('',(1.,0.,0.));
#11851 = DIRECTION('',(0.,0.,1.));
#11852 = DEFINITIONAL_REPRESENTATION('',(#11853),#11857);
#11853 = CIRCLE('',#11854,1.6);
#11854 = AXIS2_PLACEMENT_2D('',#11855,#11856);
#11855 = CARTESIAN_POINT('',(0.,0.));
#11856 = DIRECTION('',(1.,0.));
#11857 = ( GEOMETRIC_REPRESENTATION_CONTEXT(2) 
PARAMETRIC_REPRESENTATION_CONTEXT() REPRESENTATION_CONTEXT('2D SPACE',''
  ) );
#11858 = ORIENTED_EDGE('',*,*,#11809,.T.);
#11859 = ADVANCED_FACE('',(#11860),#11797,.T.);
#11860 = FACE_BOUND('',#11861,.T.);
#11861 = EDGE_LOOP('',(#11862));
#11862 = ORIENTED_EDGE('',*,*,#11775,.T.);
#11863 = ADVANCED_FACE('',(#11864),#11847,.F.);
#11864 = FACE_BOUND('',#11865,.T.);
#11865 = EDGE_LOOP('',(#11866));
#11866 = ORIENTED_EDGE('',*,*,#11832,.F.);
#11867 = MANIFOLD_SOLID_BREP('',#11868);
#11868 = CLOSED_SHELL('',(#11869));
#11869 = ADVANCED_FACE('',(#11870),#11874,.T.);
#11870 = FACE_BOUND('',#11871,.T.);
#11871 = VERTEX_LOOP('',#11872);
#11872 = VERTEX_POINT('',#11873);
#11873 = CARTESIAN_POINT('',(140.,-2.399615652259E-32,228.4));
#11874 = SPHERICAL_SURFACE('',#11875,1.6);
#11875 = AXIS2_PLACEMENT_3D('',#11876,#11877,#11878);
#11876 = CARTESIAN_POINT('',(140.,0.,230.));
#11877 = DIRECTION('',(0.,0.,1.));
#11878 = DIRECTION('',(1.,0.,-0.));
#11879 = MANIFOLD_SOLID_BREP('',#11880);
#11880 = CLOSED_SHELL('',(#11881));
#11881 = ADVANCED_FACE('',(#11882),#11886,.T.);
#11882 = FACE_BOUND('',#11883,.T.);
#11883 = VERTEX_LOOP('',#11884);
#11884 = VERTEX_POINT('',#11885);
#11885 = CARTESIAN_POINT('',(195.,-2.399615652259E-32,228.4));
#11886 = SPHERICAL_SURFACE('',#11887,1.6);
#11887 = AXIS2_PLACEMENT_3D('',#11888,#11889,#11890);
#11888 = CARTESIAN_POINT('',(195.,0.,230.));
#11889 = DIRECTION('',(0.,0.,1.));
#11890 = DIRECTION('',(1.,0.,-0.));
#11891 = MANIFOLD_SOLID_BREP('',#11892);
#11892 = CLOSED_SHELL('',(#11893,#11981,#11985));
#11893 = ADVANCED_FACE('',(#11894),#11907,.T.);
#11894 = FACE_BOUND('',#11895,.T.);
#11895 = EDGE_LOOP('',(#11896,#11930,#11953,#11980));
#11896 = ORIENTED_EDGE('',*,*,#11897,.F.);
#11897 = EDGE_CURVE('',#11898,#11898,#11900,.T.);
#11898 = VERTEX_POINT('',#11899);
#11899 = CARTESIAN_POINT('',(0.,-1.536992074257,170.44458448428));
#11900 = SURFACE_CURVE('',#11901,(#11906,#11918),.PCURVE_S1.);
#11901 = CIRCLE('',#11902,1.6);
#11902 = AXIS2_PLACEMENT_3D('',#11903,#11904,#11905);
#11903 = CARTESIAN_POINT('',(0.,0.,170.));
#11904 = DIRECTION('',(-0.149153855118,-0.274757101533,-0.949874551012)
  );
#11905 = DIRECTION('',(-6.938893903907E-18,-0.960620046411,
    0.277865302681));
#11906 = PCURVE('',#11907,#11912);
#11907 = CYLINDRICAL_SURFACE('',#11908,1.6);
#11908 = AXIS2_PLACEMENT_3D('',#11909,#11910,#11911);
#11909 = CARTESIAN_POINT('',(9.5,17.5,230.5));
#11910 = DIRECTION('',(-0.149153855118,-0.274757101533,-0.949874551012)
  );
#11911 = DIRECTION('',(-6.938893903907E-18,-0.960620046411,
    0.277865302681));
#11912 = DEFINITIONAL_REPRESENTATION('',(#11913),#11917);
#11913 = LINE('',#11914,#11915);
#11914 = CARTESIAN_POINT('',(0.,63.692621236686));
#11915 = VECTOR('',#11916,1.);
#11916 = DIRECTION('',(1.,0.));
#11917 = ( GEOMETRIC_REPRESENTATION_CONTEXT(2) 
PARAMETRIC_REPRESENTATION_CONTEXT() REPRESENTATION_CONTEXT('2D SPACE',''
  ) );
#11918 = PCURVE('',#11919,#11924);
#11919 = PLANE('',#11920);
#11920 = AXIS2_PLACEMENT_3D('',#11921,#11922,#11923);
#11921 = CARTESIAN_POINT('',(0.,0.,170.));
#11922 = DIRECTION('',(-0.149153855118,-0.274757101533,-0.949874551012)
  );
#11923 = DIRECTION('',(-6.938893903907E-18,-0.960620046411,
    0.277865302681));
#11924 = DEFINITIONAL_REPRESENTATION('',(#11925),#11929);
#11925 = CIRCLE('',#11926,1.6);
#11926 = AXIS2_PLACEMENT_2D('',#11927,#11928);
#11927 = CARTESIAN_POINT('',(0.,0.));
#11928 = DIRECTION('',(1.,0.));
#11929 = ( GEOMETRIC_REPRESENTATION_CONTEXT(2) 
PARAMETRIC_REPRESENTATION_CONTEXT() REPRESENTATION_CONTEXT('2D SPACE',''
  ) );
#11930 = ORIENTED_EDGE('',*,*,#11931,.F.);
#11931 = EDGE_CURVE('',#11932,#11898,#11934,.T.);
#11932 = VERTEX_POINT('',#11933);
#11933 = CARTESIAN_POINT('',(9.5,15.963007925743,230.94458448428));
#11934 = SEAM_CURVE('',#11935,(#11939,#11946),.PCURVE_S1.);
#11935 = LINE('',#11936,#11937);
#11936 = CARTESIAN_POINT('',(9.5,15.963007925743,230.94458448428));
#11937 = VECTOR('',#11938,1.);
#11938 = DIRECTION('',(-0.149153855118,-0.274757101533,-0.949874551012)
  );
#11939 = PCURVE('',#11907,#11940);
#11940 = DEFINITIONAL_REPRESENTATION('',(#11941),#11945);
#11941 = LINE('',#11942,#11943);
#11942 = CARTESIAN_POINT('',(6.28318530718,-0.));
#11943 = VECTOR('',#11944,1.);
#11944 = DIRECTION('',(0.,1.));
#11945 = ( GEOMETRIC_REPRESENTATION_CONTEXT(2) 
PARAMETRIC_REPRESENTATION_CONTEXT() REPRESENTATION_CONTEXT('2D SPACE',''
  ) );
#11946 = PCURVE('',#11907,#11947);
#11947 = DEFINITIONAL_REPRESENTATION('',(#11948),#11952);
#11948 = LINE('',#11949,#11950);
#11949 = CARTESIAN_POINT('',(0.,-0.));
#11950 = VECTOR('',#11951,1.);
#11951 = DIRECTION('',(0.,1.));
#11952 = ( GEOMETRIC_REPRESENTATION_CONTEXT(2) 
PARAMETRIC_REPRESENTATION_CONTEXT() REPRESENTATION_CONTEXT('2D SPACE',''
  ) );
#11953 = ORIENTED_EDGE('',*,*,#11954,.T.);
#11954 = EDGE_CURVE('',#11932,#11932,#11955,.T.);
#11955 = SURFACE_CURVE('',#11956,(#11961,#11968),.PCURVE_S1.);
#11956 = CIRCLE('',#11957,1.6);
#11957 = AXIS2_PLACEMENT_3D('',#11958,#11959,#11960);
#11958 = CARTESIAN_POINT('',(9.5,17.5,230.5));
#11959 = DIRECTION('',(-0.149153855118,-0.274757101533,-0.949874551012)
  );
#11960 = DIRECTION('',(-6.938893903907E-18,-0.960620046411,
    0.277865302681));
#11961 = PCURVE('',#11907,#11962);
#11962 = DEFINITIONAL_REPRESENTATION('',(#11963),#11967);
#11963 = LINE('',#11964,#11965);
#11964 = CARTESIAN_POINT('',(0.,0.));
#11965 = VECTOR('',#11966,1.);
#11966 = DIRECTION('',(1.,0.));
#11967 = ( GEOMETRIC_REPRESENTATION_CONTEXT(2) 
PARAMETRIC_REPRESENTATION_CONTEXT() REPRESENTATION_CONTEXT('2D SPACE',''
  ) );
#11968 = PCURVE('',#11969,#11974);
#11969 = PLANE('',#11970);
#11970 = AXIS2_PLACEMENT_3D('',#11971,#11972,#11973);
#11971 = CARTESIAN_POINT('',(9.5,17.5,230.5));
#11972 = DIRECTION('',(-0.149153855118,-0.274757101533,-0.949874551012)
  );
#11973 = DIRECTION('',(-6.938893903907E-18,-0.960620046411,
    0.277865302681));
#11974 = DEFINITIONAL_REPRESENTATION('',(#11975),#11979);
#11975 = CIRCLE('',#11976,1.6);
#11976 = AXIS2_PLACEMENT_2D('',#11977,#11978);
#11977 = CARTESIAN_POINT('',(0.,0.));
#11978 = DIRECTION('',(1.,0.));
#11979 = ( GEOMETRIC_REPRESENTATION_CONTEXT(2) 
PARAMETRIC_REPRESENTATION_CONTEXT() REPRESENTATION_CONTEXT('2D SPACE',''
  ) );
#11980 = ORIENTED_EDGE('',*,*,#11931,.T.);
#11981 = ADVANCED_FACE('',(#11982),#11919,.T.);
#11982 = FACE_BOUND('',#11983,.T.);
#11983 = EDGE_LOOP('',(#11984));
#11984 = ORIENTED_EDGE('',*,*,#11897,.T.);
#11985 = ADVANCED_FACE('',(#11986),#11969,.F.);
#11986 = FACE_BOUND('',#11987,.T.);
#11987 = EDGE_LOOP('',(#11988));
#11988 = ORIENTED_EDGE('',*,*,#11954,.F.);
#11989 = MANIFOLD_SOLID_BREP('',#11990);
#11990 = CLOSED_SHELL('',(#11991));
#11991 = ADVANCED_FACE('',(#11992),#11996,.T.);
#11992 = FACE_BOUND('',#11993,.T.);
#11993 = VERTEX_LOOP('',#11994);
#11994 = VERTEX_POINT('',#11995);
#11995 = CARTESIAN_POINT('',(9.5,17.5,228.9));
#11996 = SPHERICAL_SURFACE('',#11997,1.6);
#11997 = AXIS2_PLACEMENT_3D('',#11998,#11999,#12000);
#11998 = CARTESIAN_POINT('',(9.5,17.5,230.5));
#11999 = DIRECTION('',(0.,0.,1.));
#12000 = DIRECTION('',(1.,0.,-0.));
#12001 = MANIFOLD_SOLID_BREP('',#12002);
#12002 = CLOSED_SHELL('',(#12003));
#12003 = ADVANCED_FACE('',(#12004),#12008,.T.);
#12004 = FACE_BOUND('',#12005,.T.);
#12005 = VERTEX_LOOP('',#12006);
#12006 = VERTEX_POINT('',#12007);
#12007 = CARTESIAN_POINT('',(9.797174393179E-17,-2.399615652259E-32,
    168.4));
#12008 = SPHERICAL_SURFACE('',#12009,1.6);
#12009 = AXIS2_PLACEMENT_3D('',#12010,#12011,#12012);
#12010 = CARTESIAN_POINT('',(0.,0.,170.));
#12011 = DIRECTION('',(0.,0.,1.));
#12012 = DIRECTION('',(1.,0.,-0.));
#12013 = MANIFOLD_SOLID_BREP('',#12014);
#12014 = CLOSED_SHELL('',(#12015,#12103,#12107));
#12015 = ADVANCED_FACE('',(#12016),#12029,.T.);
#12016 = FACE_BOUND('',#12017,.T.);
#12017 = EDGE_LOOP('',(#12018,#12052,#12075,#12102));
#12018 = ORIENTED_EDGE('',*,*,#12019,.F.);
#12019 = EDGE_CURVE('',#12020,#12020,#12022,.T.);
#12020 = VERTEX_POINT('',#12021);
#12021 = CARTESIAN_POINT('',(75.,3.918869757272E-16,171.6));
#12022 = SURFACE_CURVE('',#12023,(#12028,#12040),.PCURVE_S1.);
#12023 = CIRCLE('',#12024,1.6);
#12024 = AXIS2_PLACEMENT_3D('',#12025,#12026,#12027);
#12025 = CARTESIAN_POINT('',(75.,0.,170.));
#12026 = DIRECTION('',(1.,0.,-0.));
#12027 = DIRECTION('',(0.,0.,1.));
#12028 = PCURVE('',#12029,#12034);
#12029 = CYLINDRICAL_SURFACE('',#12030,1.6);
#12030 = AXIS2_PLACEMENT_3D('',#12031,#12032,#12033);
#12031 = CARTESIAN_POINT('',(0.,0.,170.));
#12032 = DIRECTION('',(1.,0.,0.));
#12033 = DIRECTION('',(0.,0.,1.));
#12034 = DEFINITIONAL_REPRESENTATION('',(#12035),#12039);
#12035 = LINE('',#12036,#12037);
#12036 = CARTESIAN_POINT('',(0.,75.));
#12037 = VECTOR('',#12038,1.);
#12038 = DIRECTION('',(1.,0.));
#12039 = ( GEOMETRIC_REPRESENTATION_CONTEXT(2) 
PARAMETRIC_REPRESENTATION_CONTEXT() REPRESENTATION_CONTEXT('2D SPACE',''
  ) );
#12040 = PCURVE('',#12041,#12046);
#12041 = PLANE('',#12042);
#12042 = AXIS2_PLACEMENT_3D('',#12043,#12044,#12045);
#12043 = CARTESIAN_POINT('',(75.,0.,170.));
#12044 = DIRECTION('',(1.,0.,0.));
#12045 = DIRECTION('',(0.,0.,1.));
#12046 = DEFINITIONAL_REPRESENTATION('',(#12047),#12051);
#12047 = CIRCLE('',#12048,1.6);
#12048 = AXIS2_PLACEMENT_2D('',#12049,#12050);
#12049 = CARTESIAN_POINT('',(0.,0.));
#12050 = DIRECTION('',(1.,0.));
#12051 = ( GEOMETRIC_REPRESENTATION_CONTEXT(2) 
PARAMETRIC_REPRESENTATION_CONTEXT() REPRESENTATION_CONTEXT('2D SPACE',''
  ) );
#12052 = ORIENTED_EDGE('',*,*,#12053,.F.);
#12053 = EDGE_CURVE('',#12054,#12020,#12056,.T.);
#12054 = VERTEX_POINT('',#12055);
#12055 = CARTESIAN_POINT('',(0.,3.918869757272E-16,171.6));
#12056 = SEAM_CURVE('',#12057,(#12061,#12068),.PCURVE_S1.);
#12057 = LINE('',#12058,#12059);
#12058 = CARTESIAN_POINT('',(0.,3.918869757272E-16,171.6));
#12059 = VECTOR('',#12060,1.);
#12060 = DIRECTION('',(1.,0.,0.));
#12061 = PCURVE('',#12029,#12062);
#12062 = DEFINITIONAL_REPRESENTATION('',(#12063),#12067);
#12063 = LINE('',#12064,#12065);
#12064 = CARTESIAN_POINT('',(6.28318530718,-0.));
#12065 = VECTOR('',#12066,1.);
#12066 = DIRECTION('',(0.,1.));
#12067 = ( GEOMETRIC_REPRESENTATION_CONTEXT(2) 
PARAMETRIC_REPRESENTATION_CONTEXT() REPRESENTATION_CONTEXT('2D SPACE',''
  ) );
#12068 = PCURVE('',#12029,#12069);
#12069 = DEFINITIONAL_REPRESENTATION('',(#12070),#12074);
#12070 = LINE('',#12071,#12072);
#12071 = CARTESIAN_POINT('',(0.,-0.));
#12072 = VECTOR('',#12073,1.);
#12073 = DIRECTION('',(0.,1.));
#12074 = ( GEOMETRIC_REPRESENTATION_CONTEXT(2) 
PARAMETRIC_REPRESENTATION_CONTEXT() REPRESENTATION_CONTEXT('2D SPACE',''
  ) );
#12075 = ORIENTED_EDGE('',*,*,#12076,.T.);
#12076 = EDGE_CURVE('',#12054,#12054,#12077,.T.);
#12077 = SURFACE_CURVE('',#12078,(#12083,#12090),.PCURVE_S1.);
#12078 = CIRCLE('',#12079,1.6);
#12079 = AXIS2_PLACEMENT_3D('',#12080,#12081,#12082);
#12080 = CARTESIAN_POINT('',(0.,0.,170.));
#12081 = DIRECTION('',(1.,0.,-0.));
#12082 = DIRECTION('',(0.,0.,1.));
#12083 = PCURVE('',#12029,#12084);
#12084 = DEFINITIONAL_REPRESENTATION('',(#12085),#12089);
#12085 = LINE('',#12086,#12087);
#12086 = CARTESIAN_POINT('',(0.,0.));
#12087 = VECTOR('',#12088,1.);
#12088 = DIRECTION('',(1.,0.));
#12089 = ( GEOMETRIC_REPRESENTATION_CONTEXT(2) 
PARAMETRIC_REPRESENTATION_CONTEXT() REPRESENTATION_CONTEXT('2D SPACE',''
  ) );
#12090 = PCURVE('',#12091,#12096);
#12091 = PLANE('',#12092);
#12092 = AXIS2_PLACEMENT_3D('',#12093,#12094,#12095);
#12093 = CARTESIAN_POINT('',(0.,0.,170.));
#12094 = DIRECTION('',(1.,0.,0.));
#12095 = DIRECTION('',(0.,0.,1.));
#12096 = DEFINITIONAL_REPRESENTATION('',(#12097),#12101);
#12097 = CIRCLE('',#12098,1.6);
#12098 = AXIS2_PLACEMENT_2D('',#12099,#12100);
#12099 = CARTESIAN_POINT('',(0.,0.));
#12100 = DIRECTION('',(1.,0.));
#12101 = ( GEOMETRIC_REPRESENTATION_CONTEXT(2) 
PARAMETRIC_REPRESENTATION_CONTEXT() REPRESENTATION_CONTEXT('2D SPACE',''
  ) );
#12102 = ORIENTED_EDGE('',*,*,#12053,.T.);
#12103 = ADVANCED_FACE('',(#12104),#12041,.T.);
#12104 = FACE_BOUND('',#12105,.T.);
#12105 = EDGE_LOOP('',(#12106));
#12106 = ORIENTED_EDGE('',*,*,#12019,.T.);
#12107 = ADVANCED_FACE('',(#12108),#12091,.F.);
#12108 = FACE_BOUND('',#12109,.T.);
#12109 = EDGE_LOOP('',(#12110));
#12110 = ORIENTED_EDGE('',*,*,#12076,.F.);
#12111 = MANIFOLD_SOLID_BREP('',#12112);
#12112 = CLOSED_SHELL('',(#12113));
#12113 = ADVANCED_FACE('',(#12114),#12118,.T.);
#12114 = FACE_BOUND('',#12115,.T.);
#12115 = VERTEX_LOOP('',#12116);
#12116 = VERTEX_POINT('',#12117);
#12117 = CARTESIAN_POINT('',(9.797174393179E-17,-2.399615652259E-32,
    168.4));
#12118 = SPHERICAL_SURFACE('',#12119,1.6);
#12119 = AXIS2_PLACEMENT_3D('',#12120,#12121,#12122);
#12120 = CARTESIAN_POINT('',(0.,0.,170.));
#12121 = DIRECTION('',(0.,0.,1.));
#12122 = DIRECTION('',(1.,0.,-0.));
#12123 = MANIFOLD_SOLID_BREP('',#12124);
#12124 = CLOSED_SHELL('',(#12125));
#12125 = ADVANCED_FACE('',(#12126),#12130,.T.);
#12126 = FACE_BOUND('',#12127,.T.);
#12127 = VERTEX_LOOP('',#12128);
#12128 = VERTEX_POINT('',#12129);
#12129 = CARTESIAN_POINT('',(75.,-2.399615652259E-32,168.4));
#12130 = SPHERICAL_SURFACE('',#12131,1.6);
#12131 = AXIS2_PLACEMENT_3D('',#12132,#12133,#12134);
#12132 = CARTESIAN_POINT('',(75.,0.,170.));
#12133 = DIRECTION('',(0.,0.,1.));
#12134 = DIRECTION('',(1.,0.,-0.));
#12135 = MANIFOLD_SOLID_BREP('',#12136);
#12136 = CLOSED_SHELL('',(#12137,#12225,#12229));
#12137 = ADVANCED_FACE('',(#12138),#12151,.T.);
#12138 = FACE_BOUND('',#12139,.T.);
#12139 = EDGE_LOOP('',(#12140,#12174,#12197,#12224));
#12140 = ORIENTED_EDGE('',*,*,#12141,.F.);
#12141 = EDGE_CURVE('',#12142,#12142,#12144,.T.);
#12142 = VERTEX_POINT('',#12143);
#12143 = CARTESIAN_POINT('',(140.,3.918869757272E-16,171.6));
#12144 = SURFACE_CURVE('',#12145,(#12150,#12162),.PCURVE_S1.);
#12145 = CIRCLE('',#12146,1.6);
#12146 = AXIS2_PLACEMENT_3D('',#12147,#12148,#12149);
#12147 = CARTESIAN_POINT('',(140.,0.,170.));
#12148 = DIRECTION('',(1.,0.,-0.));
#12149 = DIRECTION('',(0.,0.,1.));
#12150 = PCURVE('',#12151,#12156);
#12151 = CYLINDRICAL_SURFACE('',#12152,1.6);
#12152 = AXIS2_PLACEMENT_3D('',#12153,#12154,#12155);
#12153 = CARTESIAN_POINT('',(75.,0.,170.));
#12154 = DIRECTION('',(1.,0.,0.));
#12155 = DIRECTION('',(0.,0.,1.));
#12156 = DEFINITIONAL_REPRESENTATION('',(#12157),#12161);
#12157 = LINE('',#12158,#12159);
#12158 = CARTESIAN_POINT('',(0.,65.));
#12159 = VECTOR('',#12160,1.);
#12160 = DIRECTION('',(1.,0.));
#12161 = ( GEOMETRIC_REPRESENTATION_CONTEXT(2) 
PARAMETRIC_REPRESENTATION_CONTEXT() REPRESENTATION_CONTEXT('2D SPACE',''
  ) );
#12162 = PCURVE('',#12163,#12168);
#12163 = PLANE('',#12164);
#12164 = AXIS2_PLACEMENT_3D('',#12165,#12166,#12167);
#12165 = CARTESIAN_POINT('',(140.,0.,170.));
#12166 = DIRECTION('',(1.,0.,0.));
#12167 = DIRECTION('',(0.,0.,1.));
#12168 = DEFINITIONAL_REPRESENTATION('',(#12169),#12173);
#12169 = CIRCLE('',#12170,1.6);
#12170 = AXIS2_PLACEMENT_2D('',#12171,#12172);
#12171 = CARTESIAN_POINT('',(0.,0.));
#12172 = DIRECTION('',(1.,0.));
#12173 = ( GEOMETRIC_REPRESENTATION_CONTEXT(2) 
PARAMETRIC_REPRESENTATION_CONTEXT() REPRESENTATION_CONTEXT('2D SPACE',''
  ) );
#12174 = ORIENTED_EDGE('',*,*,#12175,.F.);
#12175 = EDGE_CURVE('',#12176,#12142,#12178,.T.);
#12176 = VERTEX_POINT('',#12177);
#12177 = CARTESIAN_POINT('',(75.,3.918869757272E-16,171.6));
#12178 = SEAM_CURVE('',#12179,(#12183,#12190),.PCURVE_S1.);
#12179 = LINE('',#12180,#12181);
#12180 = CARTESIAN_POINT('',(75.,3.918869757272E-16,171.6));
#12181 = VECTOR('',#12182,1.);
#12182 = DIRECTION('',(1.,0.,0.));
#12183 = PCURVE('',#12151,#12184);
#12184 = DEFINITIONAL_REPRESENTATION('',(#12185),#12189);
#12185 = LINE('',#12186,#12187);
#12186 = CARTESIAN_POINT('',(6.28318530718,-0.));
#12187 = VECTOR('',#12188,1.);
#12188 = DIRECTION('',(0.,1.));
#12189 = ( GEOMETRIC_REPRESENTATION_CONTEXT(2) 
PARAMETRIC_REPRESENTATION_CONTEXT() REPRESENTATION_CONTEXT('2D SPACE',''
  ) );
#12190 = PCURVE('',#12151,#12191);
#12191 = DEFINITIONAL_REPRESENTATION('',(#12192),#12196);
#12192 = LINE('',#12193,#12194);
#12193 = CARTESIAN_POINT('',(0.,-0.));
#12194 = VECTOR('',#12195,1.);
#12195 = DIRECTION('',(0.,1.));
#12196 = ( GEOMETRIC_REPRESENTATION_CONTEXT(2) 
PARAMETRIC_REPRESENTATION_CONTEXT() REPRESENTATION_CONTEXT('2D SPACE',''
  ) );
#12197 = ORIENTED_EDGE('',*,*,#12198,.T.);
#12198 = EDGE_CURVE('',#12176,#12176,#12199,.T.);
#12199 = SURFACE_CURVE('',#12200,(#12205,#12212),.PCURVE_S1.);
#12200 = CIRCLE('',#12201,1.6);
#12201 = AXIS2_PLACEMENT_3D('',#12202,#12203,#12204);
#12202 = CARTESIAN_POINT('',(75.,0.,170.));
#12203 = DIRECTION('',(1.,0.,-0.));
#12204 = DIRECTION('',(0.,0.,1.));
#12205 = PCURVE('',#12151,#12206);
#12206 = DEFINITIONAL_REPRESENTATION('',(#12207),#12211);
#12207 = LINE('',#12208,#12209);
#12208 = CARTESIAN_POINT('',(0.,0.));
#12209 = VECTOR('',#12210,1.);
#12210 = DIRECTION('',(1.,0.));
#12211 = ( GEOMETRIC_REPRESENTATION_CONTEXT(2) 
PARAMETRIC_REPRESENTATION_CONTEXT() REPRESENTATION_CONTEXT('2D SPACE',''
  ) );
#12212 = PCURVE('',#12213,#12218);
#12213 = PLANE('',#12214);
#12214 = AXIS2_PLACEMENT_3D('',#12215,#12216,#12217);
#12215 = CARTESIAN_POINT('',(75.,0.,170.));
#12216 = DIRECTION('',(1.,0.,0.));
#12217 = DIRECTION('',(0.,0.,1.));
#12218 = DEFINITIONAL_REPRESENTATION('',(#12219),#12223);
#12219 = CIRCLE('',#12220,1.6);
#12220 = AXIS2_PLACEMENT_2D('',#12221,#12222);
#12221 = CARTESIAN_POINT('',(0.,0.));
#12222 = DIRECTION('',(1.,0.));
#12223 = ( GEOMETRIC_REPRESENTATION_CONTEXT(2) 
PARAMETRIC_REPRESENTATION_CONTEXT() REPRESENTATION_CONTEXT('2D SPACE',''
  ) );
#12224 = ORIENTED_EDGE('',*,*,#12175,.T.);
#12225 = ADVANCED_FACE('',(#12226),#12163,.T.);
#12226 = FACE_BOUND('',#12227,.T.);
#12227 = EDGE_LOOP('',(#12228));
#12228 = ORIENTED_EDGE('',*,*,#12141,.T.);
#12229 = ADVANCED_FACE('',(#12230),#12213,.F.);
#12230 = FACE_BOUND('',#12231,.T.);
#12231 = EDGE_LOOP('',(#12232));
#12232 = ORIENTED_EDGE('',*,*,#12198,.F.);
#12233 = MANIFOLD_SOLID_BREP('',#12234);
#12234 = CLOSED_SHELL('',(#12235));
#12235 = ADVANCED_FACE('',(#12236),#12240,.T.);
#12236 = FACE_BOUND('',#12237,.T.);
#12237 = VERTEX_LOOP('',#12238);
#12238 = VERTEX_POINT('',#12239);
#12239 = CARTESIAN_POINT('',(75.,-2.399615652259E-32,168.4));
#12240 = SPHERICAL_SURFACE('',#12241,1.6);
#12241 = AXIS2_PLACEMENT_3D('',#12242,#12243,#12244);
#12242 = CARTESIAN_POINT('',(75.,0.,170.));
#12243 = DIRECTION('',(0.,0.,1.));
#12244 = DIRECTION('',(1.,0.,-0.));
#12245 = MANIFOLD_SOLID_BREP('',#12246);
#12246 = CLOSED_SHELL('',(#12247));
#12247 = ADVANCED_FACE('',(#12248),#12252,.T.);
#12248 = FACE_BOUND('',#12249,.T.);
#12249 = VERTEX_LOOP('',#12250);
#12250 = VERTEX_POINT('',#12251);
#12251 = CARTESIAN_POINT('',(140.,-2.399615652259E-32,168.4));
#12252 = SPHERICAL_SURFACE('',#12253,1.6);
#12253 = AXIS2_PLACEMENT_3D('',#12254,#12255,#12256);
#12254 = CARTESIAN_POINT('',(140.,0.,170.));
#12255 = DIRECTION('',(0.,0.,1.));
#12256 = DIRECTION('',(1.,0.,-0.));
#12257 = MANIFOLD_SOLID_BREP('',#12258);
#12258 = CLOSED_SHELL('',(#12259,#12347,#12351));
#12259 = ADVANCED_FACE('',(#12260),#12273,.T.);
#12260 = FACE_BOUND('',#12261,.T.);
#12261 = EDGE_LOOP('',(#12262,#12296,#12319,#12346));
#12262 = ORIENTED_EDGE('',*,*,#12263,.F.);
#12263 = EDGE_CURVE('',#12264,#12264,#12266,.T.);
#12264 = VERTEX_POINT('',#12265);
#12265 = CARTESIAN_POINT('',(195.,3.918869757272E-16,171.6));
#12266 = SURFACE_CURVE('',#12267,(#12272,#12284),.PCURVE_S1.);
#12267 = CIRCLE('',#12268,1.6);
#12268 = AXIS2_PLACEMENT_3D('',#12269,#12270,#12271);
#12269 = CARTESIAN_POINT('',(195.,0.,170.));
#12270 = DIRECTION('',(1.,0.,-0.));
#12271 = DIRECTION('',(0.,0.,1.));
#12272 = PCURVE('',#12273,#12278);
#12273 = CYLINDRICAL_SURFACE('',#12274,1.6);
#12274 = AXIS2_PLACEMENT_3D('',#12275,#12276,#12277);
#12275 = CARTESIAN_POINT('',(140.,0.,170.));
#12276 = DIRECTION('',(1.,0.,0.));
#12277 = DIRECTION('',(0.,0.,1.));
#12278 = DEFINITIONAL_REPRESENTATION('',(#12279),#12283);
#12279 = LINE('',#12280,#12281);
#12280 = CARTESIAN_POINT('',(0.,55.));
#12281 = VECTOR('',#12282,1.);
#12282 = DIRECTION('',(1.,0.));
#12283 = ( GEOMETRIC_REPRESENTATION_CONTEXT(2) 
PARAMETRIC_REPRESENTATION_CONTEXT() REPRESENTATION_CONTEXT('2D SPACE',''
  ) );
#12284 = PCURVE('',#12285,#12290);
#12285 = PLANE('',#12286);
#12286 = AXIS2_PLACEMENT_3D('',#12287,#12288,#12289);
#12287 = CARTESIAN_POINT('',(195.,0.,170.));
#12288 = DIRECTION('',(1.,0.,0.));
#12289 = DIRECTION('',(0.,0.,1.));
#12290 = DEFINITIONAL_REPRESENTATION('',(#12291),#12295);
#12291 = CIRCLE('',#12292,1.6);
#12292 = AXIS2_PLACEMENT_2D('',#12293,#12294);
#12293 = CARTESIAN_POINT('',(0.,0.));
#12294 = DIRECTION('',(1.,0.));
#12295 = ( GEOMETRIC_REPRESENTATION_CONTEXT(2) 
PARAMETRIC_REPRESENTATION_CONTEXT() REPRESENTATION_CONTEXT('2D SPACE',''
  ) );
#12296 = ORIENTED_EDGE('',*,*,#12297,.F.);
#12297 = EDGE_CURVE('',#12298,#12264,#12300,.T.);
#12298 = VERTEX_POINT('',#12299);
#12299 = CARTESIAN_POINT('',(140.,3.918869757272E-16,171.6));
#12300 = SEAM_CURVE('',#12301,(#12305,#12312),.PCURVE_S1.);
#12301 = LINE('',#12302,#12303);
#12302 = CARTESIAN_POINT('',(140.,3.918869757272E-16,171.6));
#12303 = VECTOR('',#12304,1.);
#12304 = DIRECTION('',(1.,0.,0.));
#12305 = PCURVE('',#12273,#12306);
#12306 = DEFINITIONAL_REPRESENTATION('',(#12307),#12311);
#12307 = LINE('',#12308,#12309);
#12308 = CARTESIAN_POINT('',(6.28318530718,-0.));
#12309 = VECTOR('',#12310,1.);
#12310 = DIRECTION('',(0.,1.));
#12311 = ( GEOMETRIC_REPRESENTATION_CONTEXT(2) 
PARAMETRIC_REPRESENTATION_CONTEXT() REPRESENTATION_CONTEXT('2D SPACE',''
  ) );
#12312 = PCURVE('',#12273,#12313);
#12313 = DEFINITIONAL_REPRESENTATION('',(#12314),#12318);
#12314 = LINE('',#12315,#12316);
#12315 = CARTESIAN_POINT('',(0.,-0.));
#12316 = VECTOR('',#12317,1.);
#12317 = DIRECTION('',(0.,1.));
#12318 = ( GEOMETRIC_REPRESENTATION_CONTEXT(2) 
PARAMETRIC_REPRESENTATION_CONTEXT() REPRESENTATION_CONTEXT('2D SPACE',''
  ) );
#12319 = ORIENTED_EDGE('',*,*,#12320,.T.);
#12320 = EDGE_CURVE('',#12298,#12298,#12321,.T.);
#12321 = SURFACE_CURVE('',#12322,(#12327,#12334),.PCURVE_S1.);
#12322 = CIRCLE('',#12323,1.6);
#12323 = AXIS2_PLACEMENT_3D('',#12324,#12325,#12326);
#12324 = CARTESIAN_POINT('',(140.,0.,170.));
#12325 = DIRECTION('',(1.,0.,-0.));
#12326 = DIRECTION('',(0.,0.,1.));
#12327 = PCURVE('',#12273,#12328);
#12328 = DEFINITIONAL_REPRESENTATION('',(#12329),#12333);
#12329 = LINE('',#12330,#12331);
#12330 = CARTESIAN_POINT('',(0.,0.));
#12331 = VECTOR('',#12332,1.);
#12332 = DIRECTION('',(1.,0.));
#12333 = ( GEOMETRIC_REPRESENTATION_CONTEXT(2) 
PARAMETRIC_REPRESENTATION_CONTEXT() REPRESENTATION_CONTEXT('2D SPACE',''
  ) );
#12334 = PCURVE('',#12335,#12340);
#12335 = PLANE('',#12336);
#12336 = AXIS2_PLACEMENT_3D('',#12337,#12338,#12339);
#12337 = CARTESIAN_POINT('',(140.,0.,170.));
#12338 = DIRECTION('',(1.,0.,0.));
#12339 = DIRECTION('',(0.,0.,1.));
#12340 = DEFINITIONAL_REPRESENTATION('',(#12341),#12345);
#12341 = CIRCLE('',#12342,1.6);
#12342 = AXIS2_PLACEMENT_2D('',#12343,#12344);
#12343 = CARTESIAN_POINT('',(0.,0.));
#12344 = DIRECTION('',(1.,0.));
#12345 = ( GEOMETRIC_REPRESENTATION_CONTEXT(2) 
PARAMETRIC_REPRESENTATION_CONTEXT() REPRESENTATION_CONTEXT('2D SPACE',''
  ) );
#12346 = ORIENTED_EDGE('',*,*,#12297,.T.);
#12347 = ADVANCED_FACE('',(#12348),#12285,.T.);
#12348 = FACE_BOUND('',#12349,.T.);
#12349 = EDGE_LOOP('',(#12350));
#12350 = ORIENTED_EDGE('',*,*,#12263,.T.);
#12351 = ADVANCED_FACE('',(#12352),#12335,.F.);
#12352 = FACE_BOUND('',#12353,.T.);
#12353 = EDGE_LOOP('',(#12354));
#12354 = ORIENTED_EDGE('',*,*,#12320,.F.);
#12355 = MANIFOLD_SOLID_BREP('',#12356);
#12356 = CLOSED_SHELL('',(#12357));
#12357 = ADVANCED_FACE('',(#12358),#12362,.T.);
#12358 = FACE_BOUND('',#12359,.T.);
#12359 = VERTEX_LOOP('',#12360);
#12360 = VERTEX_POINT('',#12361);
#12361 = CARTESIAN_POINT('',(140.,-2.399615652259E-32,168.4));
#12362 = SPHERICAL_SURFACE('',#12363,1.6);
#12363 = AXIS2_PLACEMENT_3D('',#12364,#12365,#12366);
#12364 = CARTESIAN_POINT('',(140.,0.,170.));
#12365 = DIRECTION('',(0.,0.,1.));
#12366 = DIRECTION('',(1.,0.,-0.));
#12367 = MANIFOLD_SOLID_BREP('',#12368);
#12368 = CLOSED_SHELL('',(#12369));
#12369 = ADVANCED_FACE('',(#12370),#12374,.T.);
#12370 = FACE_BOUND('',#12371,.T.);
#12371 = VERTEX_LOOP('',#12372);
#12372 = VERTEX_POINT('',#12373);
#12373 = CARTESIAN_POINT('',(195.,-2.399615652259E-32,168.4));
#12374 = SPHERICAL_SURFACE('',#12375,1.6);
#12375 = AXIS2_PLACEMENT_3D('',#12376,#12377,#12378);
#12376 = CARTESIAN_POINT('',(195.,0.,170.));
#12377 = DIRECTION('',(0.,0.,1.));
#12378 = DIRECTION('',(1.,0.,-0.));
#12379 = MANIFOLD_SOLID_BREP('',#12380);
#12380 = CLOSED_SHELL('',(#12381,#12469,#12473));
#12381 = ADVANCED_FACE('',(#12382),#12395,.T.);
#12382 = FACE_BOUND('',#12383,.T.);
#12383 = EDGE_LOOP('',(#12384,#12418,#12441,#12468));
#12384 = ORIENTED_EDGE('',*,*,#12385,.F.);
#12385 = EDGE_CURVE('',#12386,#12386,#12388,.T.);
#12386 = VERTEX_POINT('',#12387);
#12387 = CARTESIAN_POINT('',(-7.105427357601E-15,-1.46874973698,
    209.63464494807));
#12388 = SURFACE_CURVE('',#12389,(#12394,#12406),.PCURVE_S1.);
#12389 = CIRCLE('',#12390,1.6);
#12390 = AXIS2_PLACEMENT_3D('',#12391,#12392,#12393);
#12391 = CARTESIAN_POINT('',(-7.105427357601E-15,0.,209.));
#12392 = DIRECTION('',(-0.210501280869,-0.387765517391,-0.89740019739));
#12393 = DIRECTION('',(-2.775557561563E-17,-0.917968585613,
    0.396653092549));
#12394 = PCURVE('',#12395,#12400);
#12395 = CYLINDRICAL_SURFACE('',#12396,1.6);
#12396 = AXIS2_PLACEMENT_3D('',#12397,#12398,#12399);
#12397 = CARTESIAN_POINT('',(9.5,17.5,249.5));
#12398 = DIRECTION('',(-0.210501280869,-0.387765517391,-0.89740019739));
#12399 = DIRECTION('',(-2.775557561563E-17,-0.917968585613,
    0.396653092549));
#12400 = DEFINITIONAL_REPRESENTATION('',(#12401),#12405);
#12401 = LINE('',#12402,#12403);
#12402 = CARTESIAN_POINT('',(0.,45.130366716879));
#12403 = VECTOR('',#12404,1.);
#12404 = DIRECTION('',(1.,0.));
#12405 = ( GEOMETRIC_REPRESENTATION_CONTEXT(2) 
PARAMETRIC_REPRESENTATION_CONTEXT() REPRESENTATION_CONTEXT('2D SPACE',''
  ) );
#12406 = PCURVE('',#12407,#12412);
#12407 = PLANE('',#12408);
#12408 = AXIS2_PLACEMENT_3D('',#12409,#12410,#12411);
#12409 = CARTESIAN_POINT('',(-7.105427357601E-15,0.,209.));
#12410 = DIRECTION('',(-0.210501280869,-0.387765517391,-0.89740019739));
#12411 = DIRECTION('',(-2.775557561563E-17,-0.917968585613,
    0.396653092549));
#12412 = DEFINITIONAL_REPRESENTATION('',(#12413),#12417);
#12413 = CIRCLE('',#12414,1.6);
#12414 = AXIS2_PLACEMENT_2D('',#12415,#12416);
#12415 = CARTESIAN_POINT('',(0.,0.));
#12416 = DIRECTION('',(1.,0.));
#12417 = ( GEOMETRIC_REPRESENTATION_CONTEXT(2) 
PARAMETRIC_REPRESENTATION_CONTEXT() REPRESENTATION_CONTEXT('2D SPACE',''
  ) );
#12418 = ORIENTED_EDGE('',*,*,#12419,.F.);
#12419 = EDGE_CURVE('',#12420,#12386,#12422,.T.);
#12420 = VERTEX_POINT('',#12421);
#12421 = CARTESIAN_POINT('',(9.5,16.03125026302,250.13464494807));
#12422 = SEAM_CURVE('',#12423,(#12427,#12434),.PCURVE_S1.);
#12423 = LINE('',#12424,#12425);
#12424 = CARTESIAN_POINT('',(9.5,16.03125026302,250.13464494807));
#12425 = VECTOR('',#12426,1.);
#12426 = DIRECTION('',(-0.210501280869,-0.387765517391,-0.89740019739));
#12427 = PCURVE('',#12395,#12428);
#12428 = DEFINITIONAL_REPRESENTATION('',(#12429),#12433);
#12429 = LINE('',#12430,#12431);
#12430 = CARTESIAN_POINT('',(6.28318530718,-0.));
#12431 = VECTOR('',#12432,1.);
#12432 = DIRECTION('',(0.,1.));
#12433 = ( GEOMETRIC_REPRESENTATION_CONTEXT(2) 
PARAMETRIC_REPRESENTATION_CONTEXT() REPRESENTATION_CONTEXT('2D SPACE',''
  ) );
#12434 = PCURVE('',#12395,#12435);
#12435 = DEFINITIONAL_REPRESENTATION('',(#12436),#12440);
#12436 = LINE('',#12437,#12438);
#12437 = CARTESIAN_POINT('',(0.,-0.));
#12438 = VECTOR('',#12439,1.);
#12439 = DIRECTION('',(0.,1.));
#12440 = ( GEOMETRIC_REPRESENTATION_CONTEXT(2) 
PARAMETRIC_REPRESENTATION_CONTEXT() REPRESENTATION_CONTEXT('2D SPACE',''
  ) );
#12441 = ORIENTED_EDGE('',*,*,#12442,.T.);
#12442 = EDGE_CURVE('',#12420,#12420,#12443,.T.);
#12443 = SURFACE_CURVE('',#12444,(#12449,#12456),.PCURVE_S1.);
#12444 = CIRCLE('',#12445,1.6);
#12445 = AXIS2_PLACEMENT_3D('',#12446,#12447,#12448);
#12446 = CARTESIAN_POINT('',(9.5,17.5,249.5));
#12447 = DIRECTION('',(-0.210501280869,-0.387765517391,-0.89740019739));
#12448 = DIRECTION('',(-2.775557561563E-17,-0.917968585613,
    0.396653092549));
#12449 = PCURVE('',#12395,#12450);
#12450 = DEFINITIONAL_REPRESENTATION('',(#12451),#12455);
#12451 = LINE('',#12452,#12453);
#12452 = CARTESIAN_POINT('',(0.,0.));
#12453 = VECTOR('',#12454,1.);
#12454 = DIRECTION('',(1.,0.));
#12455 = ( GEOMETRIC_REPRESENTATION_CONTEXT(2) 
PARAMETRIC_REPRESENTATION_CONTEXT() REPRESENTATION_CONTEXT('2D SPACE',''
  ) );
#12456 = PCURVE('',#12457,#12462);
#12457 = PLANE('',#12458);
#12458 = AXIS2_PLACEMENT_3D('',#12459,#12460,#12461);
#12459 = CARTESIAN_POINT('',(9.5,17.5,249.5));
#12460 = DIRECTION('',(-0.210501280869,-0.387765517391,-0.89740019739));
#12461 = DIRECTION('',(-2.775557561563E-17,-0.917968585613,
    0.396653092549));
#12462 = DEFINITIONAL_REPRESENTATION('',(#12463),#12467);
#12463 = CIRCLE('',#12464,1.6);
#12464 = AXIS2_PLACEMENT_2D('',#12465,#12466);
#12465 = CARTESIAN_POINT('',(0.,0.));
#12466 = DIRECTION('',(1.,0.));
#12467 = ( GEOMETRIC_REPRESENTATION_CONTEXT(2) 
PARAMETRIC_REPRESENTATION_CONTEXT() REPRESENTATION_CONTEXT('2D SPACE',''
  ) );
#12468 = ORIENTED_EDGE('',*,*,#12419,.T.);
#12469 = ADVANCED_FACE('',(#12470),#12407,.T.);
#12470 = FACE_BOUND('',#12471,.T.);
#12471 = EDGE_LOOP('',(#12472));
#12472 = ORIENTED_EDGE('',*,*,#12385,.T.);
#12473 = ADVANCED_FACE('',(#12474),#12457,.F.);
#12474 = FACE_BOUND('',#12475,.T.);
#12475 = EDGE_LOOP('',(#12476));
#12476 = ORIENTED_EDGE('',*,*,#12442,.F.);
#12477 = MANIFOLD_SOLID_BREP('',#12478);
#12478 = CLOSED_SHELL('',(#12479));
#12479 = ADVANCED_FACE('',(#12480),#12484,.T.);
#12480 = FACE_BOUND('',#12481,.T.);
#12481 = VERTEX_LOOP('',#12482);
#12482 = VERTEX_POINT('',#12483);
#12483 = CARTESIAN_POINT('',(9.5,17.5,247.9));
#12484 = SPHERICAL_SURFACE('',#12485,1.6);
#12485 = AXIS2_PLACEMENT_3D('',#12486,#12487,#12488);
#12486 = CARTESIAN_POINT('',(9.5,17.5,249.5));
#12487 = DIRECTION('',(0.,0.,1.));
#12488 = DIRECTION('',(1.,0.,-0.));
#12489 = MANIFOLD_SOLID_BREP('',#12490);
#12490 = CLOSED_SHELL('',(#12491));
#12491 = ADVANCED_FACE('',(#12492),#12496,.T.);
#12492 = FACE_BOUND('',#12493,.T.);
#12493 = VERTEX_LOOP('',#12494);
#12494 = VERTEX_POINT('',#12495);
#12495 = CARTESIAN_POINT('',(9.797174393179E-17,-2.399615652259E-32,
    207.4));
#12496 = SPHERICAL_SURFACE('',#12497,1.6);
#12497 = AXIS2_PLACEMENT_3D('',#12498,#12499,#12500);
#12498 = CARTESIAN_POINT('',(0.,0.,209.));
#12499 = DIRECTION('',(0.,0.,1.));
#12500 = DIRECTION('',(1.,0.,-0.));
#12501 = MANIFOLD_SOLID_BREP('',#12502);
#12502 = CLOSED_SHELL('',(#12503,#12591,#12595));
#12503 = ADVANCED_FACE('',(#12504),#12517,.T.);
#12504 = FACE_BOUND('',#12505,.T.);
#12505 = EDGE_LOOP('',(#12506,#12540,#12563,#12590));
#12506 = ORIENTED_EDGE('',*,*,#12507,.F.);
#12507 = EDGE_CURVE('',#12508,#12508,#12510,.T.);
#12508 = VERTEX_POINT('',#12509);
#12509 = CARTESIAN_POINT('',(-70.39846566369,3.918869757272E-16,
    225.45041130784));
#12510 = SURFACE_CURVE('',#12511,(#12516,#12528),.PCURVE_S1.);
#12511 = CIRCLE('',#12512,1.6);
#12512 = AXIS2_PLACEMENT_3D('',#12513,#12514,#12515);
#12513 = CARTESIAN_POINT('',(-70.,0.,227.));
#12514 = DIRECTION('',(-0.968492932597,0.,0.249041039811));
#12515 = DIRECTION('',(-0.249041039811,0.,-0.968492932597));
#12516 = PCURVE('',#12517,#12522);
#12517 = CYLINDRICAL_SURFACE('',#12518,1.6);
#12518 = AXIS2_PLACEMENT_3D('',#12519,#12520,#12521);
#12519 = CARTESIAN_POINT('',(-7.105427357601E-15,0.,209.));
#12520 = DIRECTION('',(-0.968492932597,0.,0.249041039811));
#12521 = DIRECTION('',(-0.249041039811,0.,-0.968492932597));
#12522 = DEFINITIONAL_REPRESENTATION('',(#12523),#12527);
#12523 = LINE('',#12524,#12525);
#12524 = CARTESIAN_POINT('',(0.,72.277243998371));
#12525 = VECTOR('',#12526,1.);
#12526 = DIRECTION('',(1.,0.));
#12527 = ( GEOMETRIC_REPRESENTATION_CONTEXT(2) 
PARAMETRIC_REPRESENTATION_CONTEXT() REPRESENTATION_CONTEXT('2D SPACE',''
  ) );
#12528 = PCURVE('',#12529,#12534);
#12529 = PLANE('',#12530);
#12530 = AXIS2_PLACEMENT_3D('',#12531,#12532,#12533);
#12531 = CARTESIAN_POINT('',(-70.,0.,227.));
#12532 = DIRECTION('',(-0.968492932597,0.,0.249041039811));
#12533 = DIRECTION('',(-0.249041039811,0.,-0.968492932597));
#12534 = DEFINITIONAL_REPRESENTATION('',(#12535),#12539);
#12535 = CIRCLE('',#12536,1.6);
#12536 = AXIS2_PLACEMENT_2D('',#12537,#12538);
#12537 = CARTESIAN_POINT('',(0.,0.));
#12538 = DIRECTION('',(1.,0.));
#12539 = ( GEOMETRIC_REPRESENTATION_CONTEXT(2) 
PARAMETRIC_REPRESENTATION_CONTEXT() REPRESENTATION_CONTEXT('2D SPACE',''
  ) );
#12540 = ORIENTED_EDGE('',*,*,#12541,.F.);
#12541 = EDGE_CURVE('',#12542,#12508,#12544,.T.);
#12542 = VERTEX_POINT('',#12543);
#12543 = CARTESIAN_POINT('',(-0.398465663697,3.918869757272E-16,
    207.45041130784));
#12544 = SEAM_CURVE('',#12545,(#12549,#12556),.PCURVE_S1.);
#12545 = LINE('',#12546,#12547);
#12546 = CARTESIAN_POINT('',(-0.398465663697,3.918869757272E-16,
    207.45041130784));
#12547 = VECTOR('',#12548,1.);
#12548 = DIRECTION('',(-0.968492932597,0.,0.249041039811));
#12549 = PCURVE('',#12517,#12550);
#12550 = DEFINITIONAL_REPRESENTATION('',(#12551),#12555);
#12551 = LINE('',#12552,#12553);
#12552 = CARTESIAN_POINT('',(6.28318530718,-0.));
#12553 = VECTOR('',#12554,1.);
#12554 = DIRECTION('',(0.,1.));
#12555 = ( GEOMETRIC_REPRESENTATION_CONTEXT(2) 
PARAMETRIC_REPRESENTATION_CONTEXT() REPRESENTATION_CONTEXT('2D SPACE',''
  ) );
#12556 = PCURVE('',#12517,#12557);
#12557 = DEFINITIONAL_REPRESENTATION('',(#12558),#12562);
#12558 = LINE('',#12559,#12560);
#12559 = CARTESIAN_POINT('',(0.,-0.));
#12560 = VECTOR('',#12561,1.);
#12561 = DIRECTION('',(0.,1.));
#12562 = ( GEOMETRIC_REPRESENTATION_CONTEXT(2) 
PARAMETRIC_REPRESENTATION_CONTEXT() REPRESENTATION_CONTEXT('2D SPACE',''
  ) );
#12563 = ORIENTED_EDGE('',*,*,#12564,.T.);
#12564 = EDGE_CURVE('',#12542,#12542,#12565,.T.);
#12565 = SURFACE_CURVE('',#12566,(#12571,#12578),.PCURVE_S1.);
#12566 = CIRCLE('',#12567,1.6);
#12567 = AXIS2_PLACEMENT_3D('',#12568,#12569,#12570);
#12568 = CARTESIAN_POINT('',(-7.105427357601E-15,0.,209.));
#12569 = DIRECTION('',(-0.968492932597,0.,0.249041039811));
#12570 = DIRECTION('',(-0.249041039811,0.,-0.968492932597));
#12571 = PCURVE('',#12517,#12572);
#12572 = DEFINITIONAL_REPRESENTATION('',(#12573),#12577);
#12573 = LINE('',#12574,#12575);
#12574 = CARTESIAN_POINT('',(0.,0.));
#12575 = VECTOR('',#12576,1.);
#12576 = DIRECTION('',(1.,0.));
#12577 = ( GEOMETRIC_REPRESENTATION_CONTEXT(2) 
PARAMETRIC_REPRESENTATION_CONTEXT() REPRESENTATION_CONTEXT('2D SPACE',''
  ) );
#12578 = PCURVE('',#12579,#12584);
#12579 = PLANE('',#12580);
#12580 = AXIS2_PLACEMENT_3D('',#12581,#12582,#12583);
#12581 = CARTESIAN_POINT('',(-7.105427357601E-15,0.,209.));
#12582 = DIRECTION('',(-0.968492932597,0.,0.249041039811));
#12583 = DIRECTION('',(-0.249041039811,0.,-0.968492932597));
#12584 = DEFINITIONAL_REPRESENTATION('',(#12585),#12589);
#12585 = CIRCLE('',#12586,1.6);
#12586 = AXIS2_PLACEMENT_2D('',#12587,#12588);
#12587 = CARTESIAN_POINT('',(0.,0.));
#12588 = DIRECTION('',(1.,0.));
#12589 = ( GEOMETRIC_REPRESENTATION_CONTEXT(2) 
PARAMETRIC_REPRESENTATION_CONTEXT() REPRESENTATION_CONTEXT('2D SPACE',''
  ) );
#12590 = ORIENTED_EDGE('',*,*,#12541,.T.);
#12591 = ADVANCED_FACE('',(#12592),#12529,.T.);
#12592 = FACE_BOUND('',#12593,.T.);
#12593 = EDGE_LOOP('',(#12594));
#12594 = ORIENTED_EDGE('',*,*,#12507,.T.);
#12595 = ADVANCED_FACE('',(#12596),#12579,.F.);
#12596 = FACE_BOUND('',#12597,.T.);
#12597 = EDGE_LOOP('',(#12598));
#12598 = ORIENTED_EDGE('',*,*,#12564,.F.);
#12599 = MANIFOLD_SOLID_BREP('',#12600);
#12600 = CLOSED_SHELL('',(#12601));
#12601 = ADVANCED_FACE('',(#12602),#12606,.T.);
#12602 = FACE_BOUND('',#12603,.T.);
#12603 = VERTEX_LOOP('',#12604);
#12604 = VERTEX_POINT('',#12605);
#12605 = CARTESIAN_POINT('',(9.797174393179E-17,-2.399615652259E-32,
    207.4));
#12606 = SPHERICAL_SURFACE('',#12607,1.6);
#12607 = AXIS2_PLACEMENT_3D('',#12608,#12609,#12610);
#12608 = CARTESIAN_POINT('',(0.,0.,209.));
#12609 = DIRECTION('',(0.,0.,1.));
#12610 = DIRECTION('',(1.,0.,-0.));
#12611 = MANIFOLD_SOLID_BREP('',#12612);
#12612 = CLOSED_SHELL('',(#12613));
#12613 = ADVANCED_FACE('',(#12614),#12618,.T.);
#12614 = FACE_BOUND('',#12615,.T.);
#12615 = VERTEX_LOOP('',#12616);
#12616 = VERTEX_POINT('',#12617);
#12617 = CARTESIAN_POINT('',(-70.,-2.399615652259E-32,225.4));
#12618 = SPHERICAL_SURFACE('',#12619,1.6);
#12619 = AXIS2_PLACEMENT_3D('',#12620,#12621,#12622);
#12620 = CARTESIAN_POINT('',(-70.,0.,227.));
#12621 = DIRECTION('',(0.,0.,1.));
#12622 = DIRECTION('',(1.,0.,-0.));
#12623 = MANIFOLD_SOLID_BREP('',#12624);
#12624 = CLOSED_SHELL('',(#12625,#12713,#12717));
#12625 = ADVANCED_FACE('',(#12626),#12639,.T.);
#12626 = FACE_BOUND('',#12627,.T.);
#12627 = EDGE_LOOP('',(#12628,#12662,#12685,#12712));
#12628 = ORIENTED_EDGE('',*,*,#12629,.F.);
#12629 = EDGE_CURVE('',#12630,#12630,#12632,.T.);
#12630 = VERTEX_POINT('',#12631);
#12631 = CARTESIAN_POINT('',(-125.8231932086,3.918869757272E-16,
    258.62801131886));
#12632 = SURFACE_CURVE('',#12633,(#12638,#12650),.PCURVE_S1.);
#12633 = CIRCLE('',#12634,1.6);
#12634 = AXIS2_PLACEMENT_3D('',#12635,#12636,#12637);
#12635 = CARTESIAN_POINT('',(-125.,0.,260.));
#12636 = DIRECTION('',(-0.857492925713,0.,0.514495755428));
#12637 = DIRECTION('',(-0.514495755428,0.,-0.857492925713));
#12638 = PCURVE('',#12639,#12644);
#12639 = CYLINDRICAL_SURFACE('',#12640,1.6);
#12640 = AXIS2_PLACEMENT_3D('',#12641,#12642,#12643);
#12641 = CARTESIAN_POINT('',(-70.,0.,227.));
#12642 = DIRECTION('',(-0.857492925713,0.,0.514495755428));
#12643 = DIRECTION('',(-0.514495755428,0.,-0.857492925713));
#12644 = DEFINITIONAL_REPRESENTATION('',(#12645),#12649);
#12645 = LINE('',#12646,#12647);
#12646 = CARTESIAN_POINT('',(0.,64.140470843298));
#12647 = VECTOR('',#12648,1.);
#12648 = DIRECTION('',(1.,0.));
#12649 = ( GEOMETRIC_REPRESENTATION_CONTEXT(2) 
PARAMETRIC_REPRESENTATION_CONTEXT() REPRESENTATION_CONTEXT('2D SPACE',''
  ) );
#12650 = PCURVE('',#12651,#12656);
#12651 = PLANE('',#12652);
#12652 = AXIS2_PLACEMENT_3D('',#12653,#12654,#12655);
#12653 = CARTESIAN_POINT('',(-125.,0.,260.));
#12654 = DIRECTION('',(-0.857492925713,0.,0.514495755428));
#12655 = DIRECTION('',(-0.514495755428,0.,-0.857492925713));
#12656 = DEFINITIONAL_REPRESENTATION('',(#12657),#12661);
#12657 = CIRCLE('',#12658,1.6);
#12658 = AXIS2_PLACEMENT_2D('',#12659,#12660);
#12659 = CARTESIAN_POINT('',(0.,0.));
#12660 = DIRECTION('',(1.,0.));
#12661 = ( GEOMETRIC_REPRESENTATION_CONTEXT(2) 
PARAMETRIC_REPRESENTATION_CONTEXT() REPRESENTATION_CONTEXT('2D SPACE',''
  ) );
#12662 = ORIENTED_EDGE('',*,*,#12663,.F.);
#12663 = EDGE_CURVE('',#12664,#12630,#12666,.T.);
#12664 = VERTEX_POINT('',#12665);
#12665 = CARTESIAN_POINT('',(-70.82319320868,3.918869757272E-16,
    225.62801131886));
#12666 = SEAM_CURVE('',#12667,(#12671,#12678),.PCURVE_S1.);
#12667 = LINE('',#12668,#12669);
#12668 = CARTESIAN_POINT('',(-70.82319320868,3.918869757272E-16,
    225.62801131886));
#12669 = VECTOR('',#12670,1.);
#12670 = DIRECTION('',(-0.857492925713,0.,0.514495755428));
#12671 = PCURVE('',#12639,#12672);
#12672 = DEFINITIONAL_REPRESENTATION('',(#12673),#12677);
#12673 = LINE('',#12674,#12675);
#12674 = CARTESIAN_POINT('',(6.28318530718,-0.));
#12675 = VECTOR('',#12676,1.);
#12676 = DIRECTION('',(0.,1.));
#12677 = ( GEOMETRIC_REPRESENTATION_CONTEXT(2) 
PARAMETRIC_REPRESENTATION_CONTEXT() REPRESENTATION_CONTEXT('2D SPACE',''
  ) );
#12678 = PCURVE('',#12639,#12679);
#12679 = DEFINITIONAL_REPRESENTATION('',(#12680),#12684);
#12680 = LINE('',#12681,#12682);
#12681 = CARTESIAN_POINT('',(0.,-0.));
#12682 = VECTOR('',#12683,1.);
#12683 = DIRECTION('',(0.,1.));
#12684 = ( GEOMETRIC_REPRESENTATION_CONTEXT(2) 
PARAMETRIC_REPRESENTATION_CONTEXT() REPRESENTATION_CONTEXT('2D SPACE',''
  ) );
#12685 = ORIENTED_EDGE('',*,*,#12686,.T.);
#12686 = EDGE_CURVE('',#12664,#12664,#12687,.T.);
#12687 = SURFACE_CURVE('',#12688,(#12693,#12700),.PCURVE_S1.);
#12688 = CIRCLE('',#12689,1.6);
#12689 = AXIS2_PLACEMENT_3D('',#12690,#12691,#12692);
#12690 = CARTESIAN_POINT('',(-70.,0.,227.));
#12691 = DIRECTION('',(-0.857492925713,0.,0.514495755428));
#12692 = DIRECTION('',(-0.514495755428,0.,-0.857492925713));
#12693 = PCURVE('',#12639,#12694);
#12694 = DEFINITIONAL_REPRESENTATION('',(#12695),#12699);
#12695 = LINE('',#12696,#12697);
#12696 = CARTESIAN_POINT('',(0.,0.));
#12697 = VECTOR('',#12698,1.);
#12698 = DIRECTION('',(1.,0.));
#12699 = ( GEOMETRIC_REPRESENTATION_CONTEXT(2) 
PARAMETRIC_REPRESENTATION_CONTEXT() REPRESENTATION_CONTEXT('2D SPACE',''
  ) );
#12700 = PCURVE('',#12701,#12706);
#12701 = PLANE('',#12702);
#12702 = AXIS2_PLACEMENT_3D('',#12703,#12704,#12705);
#12703 = CARTESIAN_POINT('',(-70.,0.,227.));
#12704 = DIRECTION('',(-0.857492925713,0.,0.514495755428));
#12705 = DIRECTION('',(-0.514495755428,0.,-0.857492925713));
#12706 = DEFINITIONAL_REPRESENTATION('',(#12707),#12711);
#12707 = CIRCLE('',#12708,1.6);
#12708 = AXIS2_PLACEMENT_2D('',#12709,#12710);
#12709 = CARTESIAN_POINT('',(0.,0.));
#12710 = DIRECTION('',(1.,0.));
#12711 = ( GEOMETRIC_REPRESENTATION_CONTEXT(2) 
PARAMETRIC_REPRESENTATION_CONTEXT() REPRESENTATION_CONTEXT('2D SPACE',''
  ) );
#12712 = ORIENTED_EDGE('',*,*,#12663,.T.);
#12713 = ADVANCED_FACE('',(#12714),#12651,.T.);
#12714 = FACE_BOUND('',#12715,.T.);
#12715 = EDGE_LOOP('',(#12716));
#12716 = ORIENTED_EDGE('',*,*,#12629,.T.);
#12717 = ADVANCED_FACE('',(#12718),#12701,.F.);
#12718 = FACE_BOUND('',#12719,.T.);
#12719 = EDGE_LOOP('',(#12720));
#12720 = ORIENTED_EDGE('',*,*,#12686,.F.);
#12721 = MANIFOLD_SOLID_BREP('',#12722);
#12722 = CLOSED_SHELL('',(#12723));
#12723 = ADVANCED_FACE('',(#12724),#12728,.T.);
#12724 = FACE_BOUND('',#12725,.T.);
#12725 = VERTEX_LOOP('',#12726);
#12726 = VERTEX_POINT('',#12727);
#12727 = CARTESIAN_POINT('',(-70.,-2.399615652259E-32,225.4));
#12728 = SPHERICAL_SURFACE('',#12729,1.6);
#12729 = AXIS2_PLACEMENT_3D('',#12730,#12731,#12732);
#12730 = CARTESIAN_POINT('',(-70.,0.,227.));
#12731 = DIRECTION('',(0.,0.,1.));
#12732 = DIRECTION('',(1.,0.,-0.));
#12733 = MANIFOLD_SOLID_BREP('',#12734);
#12734 = CLOSED_SHELL('',(#12735));
#12735 = ADVANCED_FACE('',(#12736),#12740,.T.);
#12736 = FACE_BOUND('',#12737,.T.);
#12737 = VERTEX_LOOP('',#12738);
#12738 = VERTEX_POINT('',#12739);
#12739 = CARTESIAN_POINT('',(-125.,-2.399615652259E-32,258.4));
#12740 = SPHERICAL_SURFACE('',#12741,1.6);
#12741 = AXIS2_PLACEMENT_3D('',#12742,#12743,#12744);
#12742 = CARTESIAN_POINT('',(-125.,0.,260.));
#12743 = DIRECTION('',(0.,0.,1.));
#12744 = DIRECTION('',(1.,0.,-0.));
#12745 = MANIFOLD_SOLID_BREP('',#12746);
#12746 = CLOSED_SHELL('',(#12747,#12835,#12839));
#12747 = ADVANCED_FACE('',(#12748),#12761,.T.);
#12748 = FACE_BOUND('',#12749,.T.);
#12749 = EDGE_LOOP('',(#12750,#12784,#12807,#12834));
#12750 = ORIENTED_EDGE('',*,*,#12751,.F.);
#12751 = EDGE_CURVE('',#12752,#12752,#12754,.T.);
#12752 = VERTEX_POINT('',#12753);
#12753 = CARTESIAN_POINT('',(-158.7534106197,-3.918869757272E-16,
    304.50300294964));
#12754 = SURFACE_CURVE('',#12755,(#12760,#12772),.PCURVE_S1.);
#12755 = CIRCLE('',#12756,1.6);
#12756 = AXIS2_PLACEMENT_3D('',#12757,#12758,#12759);
#12757 = CARTESIAN_POINT('',(-160.,0.,303.5));
#12758 = DIRECTION('',(-0.626876843527,0.,0.77911836267));
#12759 = DIRECTION('',(0.77911836267,0.,0.626876843527));
#12760 = PCURVE('',#12761,#12766);
#12761 = CYLINDRICAL_SURFACE('',#12762,1.6);
#12762 = AXIS2_PLACEMENT_3D('',#12763,#12764,#12765);
#12763 = CARTESIAN_POINT('',(-125.,0.,260.));
#12764 = DIRECTION('',(-0.626876843527,0.,0.77911836267));
#12765 = DIRECTION('',(0.77911836267,0.,0.626876843527));
#12766 = DEFINITIONAL_REPRESENTATION('',(#12767),#12771);
#12767 = LINE('',#12768,#12769);
#12768 = CARTESIAN_POINT('',(0.,55.832338299591));
#12769 = VECTOR('',#12770,1.);
#12770 = DIRECTION('',(1.,0.));
#12771 = ( GEOMETRIC_REPRESENTATION_CONTEXT(2) 
PARAMETRIC_REPRESENTATION_CONTEXT() REPRESENTATION_CONTEXT('2D SPACE',''
  ) );
#12772 = PCURVE('',#12773,#12778);
#12773 = PLANE('',#12774);
#12774 = AXIS2_PLACEMENT_3D('',#12775,#12776,#12777);
#12775 = CARTESIAN_POINT('',(-160.,0.,303.5));
#12776 = DIRECTION('',(-0.626876843527,0.,0.77911836267));
#12777 = DIRECTION('',(0.77911836267,0.,0.626876843527));
#12778 = DEFINITIONAL_REPRESENTATION('',(#12779),#12783);
#12779 = CIRCLE('',#12780,1.6);
#12780 = AXIS2_PLACEMENT_2D('',#12781,#12782);
#12781 = CARTESIAN_POINT('',(0.,0.));
#12782 = DIRECTION('',(1.,0.));
#12783 = ( GEOMETRIC_REPRESENTATION_CONTEXT(2) 
PARAMETRIC_REPRESENTATION_CONTEXT() REPRESENTATION_CONTEXT('2D SPACE',''
  ) );
#12784 = ORIENTED_EDGE('',*,*,#12785,.F.);
#12785 = EDGE_CURVE('',#12786,#12752,#12788,.T.);
#12786 = VERTEX_POINT('',#12787);
#12787 = CARTESIAN_POINT('',(-123.7534106197,-3.918869757272E-16,
    261.00300294964));
#12788 = SEAM_CURVE('',#12789,(#12793,#12800),.PCURVE_S1.);
#12789 = LINE('',#12790,#12791);
#12790 = CARTESIAN_POINT('',(-123.7534106197,-3.918869757272E-16,
    261.00300294964));
#12791 = VECTOR('',#12792,1.);
#12792 = DIRECTION('',(-0.626876843527,0.,0.77911836267));
#12793 = PCURVE('',#12761,#12794);
#12794 = DEFINITIONAL_REPRESENTATION('',(#12795),#12799);
#12795 = LINE('',#12796,#12797);
#12796 = CARTESIAN_POINT('',(6.28318530718,-0.));
#12797 = VECTOR('',#12798,1.);
#12798 = DIRECTION('',(0.,1.));
#12799 = ( GEOMETRIC_REPRESENTATION_CONTEXT(2) 
PARAMETRIC_REPRESENTATION_CONTEXT() REPRESENTATION_CONTEXT('2D SPACE',''
  ) );
#12800 = PCURVE('',#12761,#12801);
#12801 = DEFINITIONAL_REPRESENTATION('',(#12802),#12806);
#12802 = LINE('',#12803,#12804);
#12803 = CARTESIAN_POINT('',(0.,-0.));
#12804 = VECTOR('',#12805,1.);
#12805 = DIRECTION('',(0.,1.));
#12806 = ( GEOMETRIC_REPRESENTATION_CONTEXT(2) 
PARAMETRIC_REPRESENTATION_CONTEXT() REPRESENTATION_CONTEXT('2D SPACE',''
  ) );
#12807 = ORIENTED_EDGE('',*,*,#12808,.T.);
#12808 = EDGE_CURVE('',#12786,#12786,#12809,.T.);
#12809 = SURFACE_CURVE('',#12810,(#12815,#12822),.PCURVE_S1.);
#12810 = CIRCLE('',#12811,1.6);
#12811 = AXIS2_PLACEMENT_3D('',#12812,#12813,#12814);
#12812 = CARTESIAN_POINT('',(-125.,0.,260.));
#12813 = DIRECTION('',(-0.626876843527,0.,0.77911836267));
#12814 = DIRECTION('',(0.77911836267,0.,0.626876843527));
#12815 = PCURVE('',#12761,#12816);
#12816 = DEFINITIONAL_REPRESENTATION('',(#12817),#12821);
#12817 = LINE('',#12818,#12819);
#12818 = CARTESIAN_POINT('',(0.,0.));
#12819 = VECTOR('',#12820,1.);
#12820 = DIRECTION('',(1.,0.));
#12821 = ( GEOMETRIC_REPRESENTATION_CONTEXT(2) 
PARAMETRIC_REPRESENTATION_CONTEXT() REPRESENTATION_CONTEXT('2D SPACE',''
  ) );
#12822 = PCURVE('',#12823,#12828);
#12823 = PLANE('',#12824);
#12824 = AXIS2_PLACEMENT_3D('',#12825,#12826,#12827);
#12825 = CARTESIAN_POINT('',(-125.,0.,260.));
#12826 = DIRECTION('',(-0.626876843527,0.,0.77911836267));
#12827 = DIRECTION('',(0.77911836267,0.,0.626876843527));
#12828 = DEFINITIONAL_REPRESENTATION('',(#12829),#12833);
#12829 = CIRCLE('',#12830,1.6);
#12830 = AXIS2_PLACEMENT_2D('',#12831,#12832);
#12831 = CARTESIAN_POINT('',(0.,0.));
#12832 = DIRECTION('',(1.,0.));
#12833 = ( GEOMETRIC_REPRESENTATION_CONTEXT(2) 
PARAMETRIC_REPRESENTATION_CONTEXT() REPRESENTATION_CONTEXT('2D SPACE',''
  ) );
#12834 = ORIENTED_EDGE('',*,*,#12785,.T.);
#12835 = ADVANCED_FACE('',(#12836),#12773,.T.);
#12836 = FACE_BOUND('',#12837,.T.);
#12837 = EDGE_LOOP('',(#12838));
#12838 = ORIENTED_EDGE('',*,*,#12751,.T.);
#12839 = ADVANCED_FACE('',(#12840),#12823,.F.);
#12840 = FACE_BOUND('',#12841,.T.);
#12841 = EDGE_LOOP('',(#12842));
#12842 = ORIENTED_EDGE('',*,*,#12808,.F.);
#12843 = MANIFOLD_SOLID_BREP('',#12844);
#12844 = CLOSED_SHELL('',(#12845));
#12845 = ADVANCED_FACE('',(#12846),#12850,.T.);
#12846 = FACE_BOUND('',#12847,.T.);
#12847 = VERTEX_LOOP('',#12848);
#12848 = VERTEX_POINT('',#12849);
#12849 = CARTESIAN_POINT('',(-125.,-2.399615652259E-32,258.4));
#12850 = SPHERICAL_SURFACE('',#12851,1.6);
#12851 = AXIS2_PLACEMENT_3D('',#12852,#12853,#12854);
#12852 = CARTESIAN_POINT('',(-125.,0.,260.));
#12853 = DIRECTION('',(0.,0.,1.));
#12854 = DIRECTION('',(1.,0.,-0.));
#12855 = MANIFOLD_SOLID_BREP('',#12856);
#12856 = CLOSED_SHELL('',(#12857));
#12857 = ADVANCED_FACE('',(#12858),#12862,.T.);
#12858 = FACE_BOUND('',#12859,.T.);
#12859 = VERTEX_LOOP('',#12860);
#12860 = VERTEX_POINT('',#12861);
#12861 = CARTESIAN_POINT('',(-160.,-2.399615652259E-32,301.9));
#12862 = SPHERICAL_SURFACE('',#12863,1.6);
#12863 = AXIS2_PLACEMENT_3D('',#12864,#12865,#12866);
#12864 = CARTESIAN_POINT('',(-160.,0.,303.5));
#12865 = DIRECTION('',(0.,0.,1.));
#12866 = DIRECTION('',(1.,0.,-0.));
#12867 = MANIFOLD_SOLID_BREP('',#12868);
#12868 = CLOSED_SHELL('',(#12869,#12957,#12961));
#12869 = ADVANCED_FACE('',(#12870),#12883,.T.);
#12870 = FACE_BOUND('',#12871,.T.);
#12871 = EDGE_LOOP('',(#12872,#12906,#12929,#12956));
#12872 = ORIENTED_EDGE('',*,*,#12873,.F.);
#12873 = EDGE_CURVE('',#12874,#12874,#12876,.T.);
#12874 = VERTEX_POINT('',#12875);
#12875 = CARTESIAN_POINT('',(195.,50.,228.));
#12876 = SURFACE_CURVE('',#12877,(#12882,#12894),.PCURVE_S1.);
#12877 = CIRCLE('',#12878,28.);
#12878 = AXIS2_PLACEMENT_3D('',#12879,#12880,#12881);
#12879 = CARTESIAN_POINT('',(195.,50.,200.));
#12880 = DIRECTION('',(0.,1.,0.));
#12881 = DIRECTION('',(0.,0.,1.));
#12882 = PCURVE('',#12883,#12888);
#12883 = CYLINDRICAL_SURFACE('',#12884,28.);
#12884 = AXIS2_PLACEMENT_3D('',#12885,#12886,#12887);
#12885 = CARTESIAN_POINT('',(195.,46.,200.));
#12886 = DIRECTION('',(0.,1.,0.));
#12887 = DIRECTION('',(0.,0.,1.));
#12888 = DEFINITIONAL_REPRESENTATION('',(#12889),#12893);
#12889 = LINE('',#12890,#12891);
#12890 = CARTESIAN_POINT('',(0.,4.));
#12891 = VECTOR('',#12892,1.);
#12892 = DIRECTION('',(1.,0.));
#12893 = ( GEOMETRIC_REPRESENTATION_CONTEXT(2) 
PARAMETRIC_REPRESENTATION_CONTEXT() REPRESENTATION_CONTEXT('2D SPACE',''
  ) );
#12894 = PCURVE('',#12895,#12900);
#12895 = PLANE('',#12896);
#12896 = AXIS2_PLACEMENT_3D('',#12897,#12898,#12899);
#12897 = CARTESIAN_POINT('',(195.,50.,200.));
#12898 = DIRECTION('',(0.,1.,0.));
#12899 = DIRECTION('',(0.,0.,1.));
#12900 = DEFINITIONAL_REPRESENTATION('',(#12901),#12905);
#12901 = CIRCLE('',#12902,28.);
#12902 = AXIS2_PLACEMENT_2D('',#12903,#12904);
#12903 = CARTESIAN_POINT('',(0.,0.));
#12904 = DIRECTION('',(1.,0.));
#12905 = ( GEOMETRIC_REPRESENTATION_CONTEXT(2) 
PARAMETRIC_REPRESENTATION_CONTEXT() REPRESENTATION_CONTEXT('2D SPACE',''
  ) );
#12906 = ORIENTED_EDGE('',*,*,#12907,.F.);
#12907 = EDGE_CURVE('',#12908,#12874,#12910,.T.);
#12908 = VERTEX_POINT('',#12909);
#12909 = CARTESIAN_POINT('',(195.,46.,228.));
#12910 = SEAM_CURVE('',#12911,(#12915,#12922),.PCURVE_S1.);
#12911 = LINE('',#12912,#12913);
#12912 = CARTESIAN_POINT('',(195.,46.,228.));
#12913 = VECTOR('',#12914,1.);
#12914 = DIRECTION('',(0.,1.,0.));
#12915 = PCURVE('',#12883,#12916);
#12916 = DEFINITIONAL_REPRESENTATION('',(#12917),#12921);
#12917 = LINE('',#12918,#12919);
#12918 = CARTESIAN_POINT('',(6.28318530718,-0.));
#12919 = VECTOR('',#12920,1.);
#12920 = DIRECTION('',(0.,1.));
#12921 = ( GEOMETRIC_REPRESENTATION_CONTEXT(2) 
PARAMETRIC_REPRESENTATION_CONTEXT() REPRESENTATION_CONTEXT('2D SPACE',''
  ) );
#12922 = PCURVE('',#12883,#12923);
#12923 = DEFINITIONAL_REPRESENTATION('',(#12924),#12928);
#12924 = LINE('',#12925,#12926);
#12925 = CARTESIAN_POINT('',(0.,-0.));
#12926 = VECTOR('',#12927,1.);
#12927 = DIRECTION('',(0.,1.));
#12928 = ( GEOMETRIC_REPRESENTATION_CONTEXT(2) 
PARAMETRIC_REPRESENTATION_CONTEXT() REPRESENTATION_CONTEXT('2D SPACE',''
  ) );
#12929 = ORIENTED_EDGE('',*,*,#12930,.T.);
#12930 = EDGE_CURVE('',#12908,#12908,#12931,.T.);
#12931 = SURFACE_CURVE('',#12932,(#12937,#12944),.PCURVE_S1.);
#12932 = CIRCLE('',#12933,28.);
#12933 = AXIS2_PLACEMENT_3D('',#12934,#12935,#12936);
#12934 = CARTESIAN_POINT('',(195.,46.,200.));
#12935 = DIRECTION('',(0.,1.,0.));
#12936 = DIRECTION('',(0.,0.,1.));
#12937 = PCURVE('',#12883,#12938);
#12938 = DEFINITIONAL_REPRESENTATION('',(#12939),#12943);
#12939 = LINE('',#12940,#12941);
#12940 = CARTESIAN_POINT('',(0.,0.));
#12941 = VECTOR('',#12942,1.);
#12942 = DIRECTION('',(1.,0.));
#12943 = ( GEOMETRIC_REPRESENTATION_CONTEXT(2) 
PARAMETRIC_REPRESENTATION_CONTEXT() REPRESENTATION_CONTEXT('2D SPACE',''
  ) );
#12944 = PCURVE('',#12945,#12950);
#12945 = PLANE('',#12946);
#12946 = AXIS2_PLACEMENT_3D('',#12947,#12948,#12949);
#12947 = CARTESIAN_POINT('',(195.,46.,200.));
#12948 = DIRECTION('',(0.,1.,0.));
#12949 = DIRECTION('',(0.,0.,1.));
#12950 = DEFINITIONAL_REPRESENTATION('',(#12951),#12955);
#12951 = CIRCLE('',#12952,28.);
#12952 = AXIS2_PLACEMENT_2D('',#12953,#12954);
#12953 = CARTESIAN_POINT('',(0.,0.));
#12954 = DIRECTION('',(1.,0.));
#12955 = ( GEOMETRIC_REPRESENTATION_CONTEXT(2) 
PARAMETRIC_REPRESENTATION_CONTEXT() REPRESENTATION_CONTEXT('2D SPACE',''
  ) );
#12956 = ORIENTED_EDGE('',*,*,#12907,.T.);
#12957 = ADVANCED_FACE('',(#12958),#12895,.T.);
#12958 = FACE_BOUND('',#12959,.T.);
#12959 = EDGE_LOOP('',(#12960));
#12960 = ORIENTED_EDGE('',*,*,#12873,.T.);
#12961 = ADVANCED_FACE('',(#12962),#12945,.F.);
#12962 = FACE_BOUND('',#12963,.T.);
#12963 = EDGE_LOOP('',(#12964));
#12964 = ORIENTED_EDGE('',*,*,#12930,.F.);
#12965 = MANIFOLD_SOLID_BREP('',#12966);
#12966 = CLOSED_SHELL('',(#12967,#13055,#13059));
#12967 = ADVANCED_FACE('',(#12968),#12981,.T.);
#12968 = FACE_BOUND('',#12969,.T.);
#12969 = EDGE_LOOP('',(#12970,#13004,#13027,#13054));
#12970 = ORIENTED_EDGE('',*,*,#12971,.F.);
#12971 = EDGE_CURVE('',#12972,#12972,#12974,.T.);
#12972 = VERTEX_POINT('',#12973);
#12973 = CARTESIAN_POINT('',(108.14641302723,50.,142.19628975725));
#12974 = SURFACE_CURVE('',#12975,(#12980,#12992),.PCURVE_S1.);
#12975 = CIRCLE('',#12976,25.);
#12976 = AXIS2_PLACEMENT_3D('',#12977,#12978,#12979);
#12977 = CARTESIAN_POINT('',(108.14641302723,50.,117.19628975725));
#12978 = DIRECTION('',(0.,1.,0.));
#12979 = DIRECTION('',(0.,0.,1.));
#12980 = PCURVE('',#12981,#12986);
#12981 = CYLINDRICAL_SURFACE('',#12982,25.);
#12982 = AXIS2_PLACEMENT_3D('',#12983,#12984,#12985);
#12983 = CARTESIAN_POINT('',(108.14641302723,46.,117.19628975725));
#12984 = DIRECTION('',(0.,1.,0.));
#12985 = DIRECTION('',(0.,0.,1.));
#12986 = DEFINITIONAL_REPRESENTATION('',(#12987),#12991);
#12987 = LINE('',#12988,#12989);
#12988 = CARTESIAN_POINT('',(0.,4.));
#12989 = VECTOR('',#12990,1.);
#12990 = DIRECTION('',(1.,0.));
#12991 = ( GEOMETRIC_REPRESENTATION_CONTEXT(2) 
PARAMETRIC_REPRESENTATION_CONTEXT() REPRESENTATION_CONTEXT('2D SPACE',''
  ) );
#12992 = PCURVE('',#12993,#12998);
#12993 = PLANE('',#12994);
#12994 = AXIS2_PLACEMENT_3D('',#12995,#12996,#12997);
#12995 = CARTESIAN_POINT('',(108.14641302723,50.,117.19628975725));
#12996 = DIRECTION('',(0.,1.,0.));
#12997 = DIRECTION('',(0.,0.,1.));
#12998 = DEFINITIONAL_REPRESENTATION('',(#12999),#13003);
#12999 = CIRCLE('',#13000,25.);
#13000 = AXIS2_PLACEMENT_2D('',#13001,#13002);
#13001 = CARTESIAN_POINT('',(0.,0.));
#13002 = DIRECTION('',(1.,0.));
#13003 = ( GEOMETRIC_REPRESENTATION_CONTEXT(2) 
PARAMETRIC_REPRESENTATION_CONTEXT() REPRESENTATION_CONTEXT('2D SPACE',''
  ) );
#13004 = ORIENTED_EDGE('',*,*,#13005,.F.);
#13005 = EDGE_CURVE('',#13006,#12972,#13008,.T.);
#13006 = VERTEX_POINT('',#13007);
#13007 = CARTESIAN_POINT('',(108.14641302723,46.,142.19628975725));
#13008 = SEAM_CURVE('',#13009,(#13013,#13020),.PCURVE_S1.);
#13009 = LINE('',#13010,#13011);
#13010 = CARTESIAN_POINT('',(108.14641302723,46.,142.19628975725));
#13011 = VECTOR('',#13012,1.);
#13012 = DIRECTION('',(0.,1.,0.));
#13013 = PCURVE('',#12981,#13014);
#13014 = DEFINITIONAL_REPRESENTATION('',(#13015),#13019);
#13015 = LINE('',#13016,#13017);
#13016 = CARTESIAN_POINT('',(6.28318530718,-0.));
#13017 = VECTOR('',#13018,1.);
#13018 = DIRECTION('',(0.,1.));
#13019 = ( GEOMETRIC_REPRESENTATION_CONTEXT(2) 
PARAMETRIC_REPRESENTATION_CONTEXT() REPRESENTATION_CONTEXT('2D SPACE',''
  ) );
#13020 = PCURVE('',#12981,#13021);
#13021 = DEFINITIONAL_REPRESENTATION('',(#13022),#13026);
#13022 = LINE('',#13023,#13024);
#13023 = CARTESIAN_POINT('',(0.,-0.));
#13024 = VECTOR('',#13025,1.);
#13025 = DIRECTION('',(0.,1.));
#13026 = ( GEOMETRIC_REPRESENTATION_CONTEXT(2) 
PARAMETRIC_REPRESENTATION_CONTEXT() REPRESENTATION_CONTEXT('2D SPACE',''
  ) );
#13027 = ORIENTED_EDGE('',*,*,#13028,.T.);
#13028 = EDGE_CURVE('',#13006,#13006,#13029,.T.);
#13029 = SURFACE_CURVE('',#13030,(#13035,#13042),.PCURVE_S1.);
#13030 = CIRCLE('',#13031,25.);
#13031 = AXIS2_PLACEMENT_3D('',#13032,#13033,#13034);
#13032 = CARTESIAN_POINT('',(108.14641302723,46.,117.19628975725));
#13033 = DIRECTION('',(0.,1.,0.));
#13034 = DIRECTION('',(0.,0.,1.));
#13035 = PCURVE('',#12981,#13036);
#13036 = DEFINITIONAL_REPRESENTATION('',(#13037),#13041);
#13037 = LINE('',#13038,#13039);
#13038 = CARTESIAN_POINT('',(0.,0.));
#13039 = VECTOR('',#13040,1.);
#13040 = DIRECTION('',(1.,0.));
#13041 = ( GEOMETRIC_REPRESENTATION_CONTEXT(2) 
PARAMETRIC_REPRESENTATION_CONTEXT() REPRESENTATION_CONTEXT('2D SPACE',''
  ) );
#13042 = PCURVE('',#13043,#13048);
#13043 = PLANE('',#13044);
#13044 = AXIS2_PLACEMENT_3D('',#13045,#13046,#13047);
#13045 = CARTESIAN_POINT('',(108.14641302723,46.,117.19628975725));
#13046 = DIRECTION('',(0.,1.,0.));
#13047 = DIRECTION('',(0.,0.,1.));
#13048 = DEFINITIONAL_REPRESENTATION('',(#13049),#13053);
#13049 = CIRCLE('',#13050,25.);
#13050 = AXIS2_PLACEMENT_2D('',#13051,#13052);
#13051 = CARTESIAN_POINT('',(0.,0.));
#13052 = DIRECTION('',(1.,0.));
#13053 = ( GEOMETRIC_REPRESENTATION_CONTEXT(2) 
PARAMETRIC_REPRESENTATION_CONTEXT() REPRESENTATION_CONTEXT('2D SPACE',''
  ) );
#13054 = ORIENTED_EDGE('',*,*,#13005,.T.);
#13055 = ADVANCED_FACE('',(#13056),#12993,.T.);
#13056 = FACE_BOUND('',#13057,.T.);
#13057 = EDGE_LOOP('',(#13058));
#13058 = ORIENTED_EDGE('',*,*,#12971,.T.);
#13059 = ADVANCED_FACE('',(#13060),#13043,.F.);
#13060 = FACE_BOUND('',#13061,.T.);
#13061 = EDGE_LOOP('',(#13062));
#13062 = ORIENTED_EDGE('',*,*,#13028,.F.);
#13063 = MANIFOLD_SOLID_BREP('',#13064);
#13064 = CLOSED_SHELL('',(#13065,#13153,#13157));
#13065 = ADVANCED_FACE('',(#13066),#13079,.T.);
#13066 = FACE_BOUND('',#13067,.T.);
#13067 = EDGE_LOOP('',(#13068,#13102,#13125,#13152));
#13068 = ORIENTED_EDGE('',*,*,#13069,.F.);
#13069 = EDGE_CURVE('',#13070,#13070,#13072,.T.);
#13070 = VERTEX_POINT('',#13071);
#13071 = CARTESIAN_POINT('',(166.55437891446,49.5,26.370197962726));
#13072 = SURFACE_CURVE('',#13073,(#13078,#13090),.PCURVE_S1.);
#13073 = CIRCLE('',#13074,14.);
#13074 = AXIS2_PLACEMENT_3D('',#13075,#13076,#13077);
#13075 = CARTESIAN_POINT('',(166.55437891446,49.5,12.370197962726));
#13076 = DIRECTION('',(0.,1.,0.));
#13077 = DIRECTION('',(0.,0.,1.));
#13078 = PCURVE('',#13079,#13084);
#13079 = CYLINDRICAL_SURFACE('',#13080,14.);
#13080 = AXIS2_PLACEMENT_3D('',#13081,#13082,#13083);
#13081 = CARTESIAN_POINT('',(166.55437891446,46.5,12.370197962726));
#13082 = DIRECTION('',(0.,1.,0.));
#13083 = DIRECTION('',(0.,0.,1.));
#13084 = DEFINITIONAL_REPRESENTATION('',(#13085),#13089);
#13085 = LINE('',#13086,#13087);
#13086 = CARTESIAN_POINT('',(0.,3.));
#13087 = VECTOR('',#13088,1.);
#13088 = DIRECTION('',(1.,0.));
#13089 = ( GEOMETRIC_REPRESENTATION_CONTEXT(2) 
PARAMETRIC_REPRESENTATION_CONTEXT() REPRESENTATION_CONTEXT('2D SPACE',''
  ) );
#13090 = PCURVE('',#13091,#13096);
#13091 = PLANE('',#13092);
#13092 = AXIS2_PLACEMENT_3D('',#13093,#13094,#13095);
#13093 = CARTESIAN_POINT('',(166.55437891446,49.5,12.370197962726));
#13094 = DIRECTION('',(0.,1.,0.));
#13095 = DIRECTION('',(0.,0.,1.));
#13096 = DEFINITIONAL_REPRESENTATION('',(#13097),#13101);
#13097 = CIRCLE('',#13098,14.);
#13098 = AXIS2_PLACEMENT_2D('',#13099,#13100);
#13099 = CARTESIAN_POINT('',(0.,0.));
#13100 = DIRECTION('',(1.,0.));
#13101 = ( GEOMETRIC_REPRESENTATION_CONTEXT(2) 
PARAMETRIC_REPRESENTATION_CONTEXT() REPRESENTATION_CONTEXT('2D SPACE',''
  ) );
#13102 = ORIENTED_EDGE('',*,*,#13103,.F.);
#13103 = EDGE_CURVE('',#13104,#13070,#13106,.T.);
#13104 = VERTEX_POINT('',#13105);
#13105 = CARTESIAN_POINT('',(166.55437891446,46.5,26.370197962726));
#13106 = SEAM_CURVE('',#13107,(#13111,#13118),.PCURVE_S1.);
#13107 = LINE('',#13108,#13109);
#13108 = CARTESIAN_POINT('',(166.55437891446,46.5,26.370197962726));
#13109 = VECTOR('',#13110,1.);
#13110 = DIRECTION('',(0.,1.,0.));
#13111 = PCURVE('',#13079,#13112);
#13112 = DEFINITIONAL_REPRESENTATION('',(#13113),#13117);
#13113 = LINE('',#13114,#13115);
#13114 = CARTESIAN_POINT('',(6.28318530718,-0.));
#13115 = VECTOR('',#13116,1.);
#13116 = DIRECTION('',(0.,1.));
#13117 = ( GEOMETRIC_REPRESENTATION_CONTEXT(2) 
PARAMETRIC_REPRESENTATION_CONTEXT() REPRESENTATION_CONTEXT('2D SPACE',''
  ) );
#13118 = PCURVE('',#13079,#13119);
#13119 = DEFINITIONAL_REPRESENTATION('',(#13120),#13124);
#13120 = LINE('',#13121,#13122);
#13121 = CARTESIAN_POINT('',(0.,-0.));
#13122 = VECTOR('',#13123,1.);
#13123 = DIRECTION('',(0.,1.));
#13124 = ( GEOMETRIC_REPRESENTATION_CONTEXT(2) 
PARAMETRIC_REPRESENTATION_CONTEXT() REPRESENTATION_CONTEXT('2D SPACE',''
  ) );
#13125 = ORIENTED_EDGE('',*,*,#13126,.T.);
#13126 = EDGE_CURVE('',#13104,#13104,#13127,.T.);
#13127 = SURFACE_CURVE('',#13128,(#13133,#13140),.PCURVE_S1.);
#13128 = CIRCLE('',#13129,14.);
#13129 = AXIS2_PLACEMENT_3D('',#13130,#13131,#13132);
#13130 = CARTESIAN_POINT('',(166.55437891446,46.5,12.370197962726));
#13131 = DIRECTION('',(0.,1.,0.));
#13132 = DIRECTION('',(0.,0.,1.));
#13133 = PCURVE('',#13079,#13134);
#13134 = DEFINITIONAL_REPRESENTATION('',(#13135),#13139);
#13135 = LINE('',#13136,#13137);
#13136 = CARTESIAN_POINT('',(0.,0.));
#13137 = VECTOR('',#13138,1.);
#13138 = DIRECTION('',(1.,0.));
#13139 = ( GEOMETRIC_REPRESENTATION_CONTEXT(2) 
PARAMETRIC_REPRESENTATION_CONTEXT() REPRESENTATION_CONTEXT('2D SPACE',''
  ) );
#13140 = PCURVE('',#13141,#13146);
#13141 = PLANE('',#13142);
#13142 = AXIS2_PLACEMENT_3D('',#13143,#13144,#13145);
#13143 = CARTESIAN_POINT('',(166.55437891446,46.5,12.370197962726));
#13144 = DIRECTION('',(0.,1.,0.));
#13145 = DIRECTION('',(0.,0.,1.));
#13146 = DEFINITIONAL_REPRESENTATION('',(#13147),#13151);
#13147 = CIRCLE('',#13148,14.);
#13148 = AXIS2_PLACEMENT_2D('',#13149,#13150);
#13149 = CARTESIAN_POINT('',(0.,0.));
#13150 = DIRECTION('',(1.,0.));
#13151 = ( GEOMETRIC_REPRESENTATION_CONTEXT(2) 
PARAMETRIC_REPRESENTATION_CONTEXT() REPRESENTATION_CONTEXT('2D SPACE',''
  ) );
#13152 = ORIENTED_EDGE('',*,*,#13103,.T.);
#13153 = ADVANCED_FACE('',(#13154),#13091,.T.);
#13154 = FACE_BOUND('',#13155,.T.);
#13155 = EDGE_LOOP('',(#13156));
#13156 = ORIENTED_EDGE('',*,*,#13069,.T.);
#13157 = ADVANCED_FACE('',(#13158),#13141,.F.);
#13158 = FACE_BOUND('',#13159,.T.);
#13159 = EDGE_LOOP('',(#13160));
#13160 = ORIENTED_EDGE('',*,*,#13126,.F.);
#13161 = MANIFOLD_SOLID_BREP('',#13162);
#13162 = CLOSED_SHELL('',(#13163,#13251,#13255));
#13163 = ADVANCED_FACE('',(#13164),#13177,.T.);
#13164 = FACE_BOUND('',#13165,.T.);
#13165 = EDGE_LOOP('',(#13166,#13200,#13223,#13250));
#13166 = ORIENTED_EDGE('',*,*,#13167,.F.);
#13167 = EDGE_CURVE('',#13168,#13168,#13170,.T.);
#13168 = VERTEX_POINT('',#13169);
#13169 = CARTESIAN_POINT('',(195.,-46.,228.));
#13170 = SURFACE_CURVE('',#13171,(#13176,#13188),.PCURVE_S1.);
#13171 = CIRCLE('',#13172,28.);
#13172 = AXIS2_PLACEMENT_3D('',#13173,#13174,#13175);
#13173 = CARTESIAN_POINT('',(195.,-46.,200.));
#13174 = DIRECTION('',(0.,1.,0.));
#13175 = DIRECTION('',(0.,0.,1.));
#13176 = PCURVE('',#13177,#13182);
#13177 = CYLINDRICAL_SURFACE('',#13178,28.);
#13178 = AXIS2_PLACEMENT_3D('',#13179,#13180,#13181);
#13179 = CARTESIAN_POINT('',(195.,-50.,200.));
#13180 = DIRECTION('',(0.,1.,0.));
#13181 = DIRECTION('',(0.,0.,1.));
#13182 = DEFINITIONAL_REPRESENTATION('',(#13183),#13187);
#13183 = LINE('',#13184,#13185);
#13184 = CARTESIAN_POINT('',(0.,4.));
#13185 = VECTOR('',#13186,1.);
#13186 = DIRECTION('',(1.,0.));
#13187 = ( GEOMETRIC_REPRESENTATION_CONTEXT(2) 
PARAMETRIC_REPRESENTATION_CONTEXT() REPRESENTATION_CONTEXT('2D SPACE',''
  ) );
#13188 = PCURVE('',#13189,#13194);
#13189 = PLANE('',#13190);
#13190 = AXIS2_PLACEMENT_3D('',#13191,#13192,#13193);
#13191 = CARTESIAN_POINT('',(195.,-46.,200.));
#13192 = DIRECTION('',(0.,1.,0.));
#13193 = DIRECTION('',(0.,0.,1.));
#13194 = DEFINITIONAL_REPRESENTATION('',(#13195),#13199);
#13195 = CIRCLE('',#13196,28.);
#13196 = AXIS2_PLACEMENT_2D('',#13197,#13198);
#13197 = CARTESIAN_POINT('',(0.,0.));
#13198 = DIRECTION('',(1.,0.));
#13199 = ( GEOMETRIC_REPRESENTATION_CONTEXT(2) 
PARAMETRIC_REPRESENTATION_CONTEXT() REPRESENTATION_CONTEXT('2D SPACE',''
  ) );
#13200 = ORIENTED_EDGE('',*,*,#13201,.F.);
#13201 = EDGE_CURVE('',#13202,#13168,#13204,.T.);
#13202 = VERTEX_POINT('',#13203);
#13203 = CARTESIAN_POINT('',(195.,-50.,228.));
#13204 = SEAM_CURVE('',#13205,(#13209,#13216),.PCURVE_S1.);
#13205 = LINE('',#13206,#13207);
#13206 = CARTESIAN_POINT('',(195.,-50.,228.));
#13207 = VECTOR('',#13208,1.);
#13208 = DIRECTION('',(0.,1.,0.));
#13209 = PCURVE('',#13177,#13210);
#13210 = DEFINITIONAL_REPRESENTATION('',(#13211),#13215);
#13211 = LINE('',#13212,#13213);
#13212 = CARTESIAN_POINT('',(6.28318530718,-0.));
#13213 = VECTOR('',#13214,1.);
#13214 = DIRECTION('',(0.,1.));
#13215 = ( GEOMETRIC_REPRESENTATION_CONTEXT(2) 
PARAMETRIC_REPRESENTATION_CONTEXT() REPRESENTATION_CONTEXT('2D SPACE',''
  ) );
#13216 = PCURVE('',#13177,#13217);
#13217 = DEFINITIONAL_REPRESENTATION('',(#13218),#13222);
#13218 = LINE('',#13219,#13220);
#13219 = CARTESIAN_POINT('',(0.,-0.));
#13220 = VECTOR('',#13221,1.);
#13221 = DIRECTION('',(0.,1.));
#13222 = ( GEOMETRIC_REPRESENTATION_CONTEXT(2) 
PARAMETRIC_REPRESENTATION_CONTEXT() REPRESENTATION_CONTEXT('2D SPACE',''
  ) );
#13223 = ORIENTED_EDGE('',*,*,#13224,.T.);
#13224 = EDGE_CURVE('',#13202,#13202,#13225,.T.);
#13225 = SURFACE_CURVE('',#13226,(#13231,#13238),.PCURVE_S1.);
#13226 = CIRCLE('',#13227,28.);
#13227 = AXIS2_PLACEMENT_3D('',#13228,#13229,#13230);
#13228 = CARTESIAN_POINT('',(195.,-50.,200.));
#13229 = DIRECTION('',(0.,1.,0.));
#13230 = DIRECTION('',(0.,0.,1.));
#13231 = PCURVE('',#13177,#13232);
#13232 = DEFINITIONAL_REPRESENTATION('',(#13233),#13237);
#13233 = LINE('',#13234,#13235);
#13234 = CARTESIAN_POINT('',(0.,0.));
#13235 = VECTOR('',#13236,1.);
#13236 = DIRECTION('',(1.,0.));
#13237 = ( GEOMETRIC_REPRESENTATION_CONTEXT(2) 
PARAMETRIC_REPRESENTATION_CONTEXT() REPRESENTATION_CONTEXT('2D SPACE',''
  ) );
#13238 = PCURVE('',#13239,#13244);
#13239 = PLANE('',#13240);
#13240 = AXIS2_PLACEMENT_3D('',#13241,#13242,#13243);
#13241 = CARTESIAN_POINT('',(195.,-50.,200.));
#13242 = DIRECTION('',(0.,1.,0.));
#13243 = DIRECTION('',(0.,0.,1.));
#13244 = DEFINITIONAL_REPRESENTATION('',(#13245),#13249);
#13245 = CIRCLE('',#13246,28.);
#13246 = AXIS2_PLACEMENT_2D('',#13247,#13248);
#13247 = CARTESIAN_POINT('',(0.,0.));
#13248 = DIRECTION('',(1.,0.));
#13249 = ( GEOMETRIC_REPRESENTATION_CONTEXT(2) 
PARAMETRIC_REPRESENTATION_CONTEXT() REPRESENTATION_CONTEXT('2D SPACE',''
  ) );
#13250 = ORIENTED_EDGE('',*,*,#13201,.T.);
#13251 = ADVANCED_FACE('',(#13252),#13189,.T.);
#13252 = FACE_BOUND('',#13253,.T.);
#13253 = EDGE_LOOP('',(#13254));
#13254 = ORIENTED_EDGE('',*,*,#13167,.T.);
#13255 = ADVANCED_FACE('',(#13256),#13239,.F.);
#13256 = FACE_BOUND('',#13257,.T.);
#13257 = EDGE_LOOP('',(#13258));
#13258 = ORIENTED_EDGE('',*,*,#13224,.F.);
#13259 = MANIFOLD_SOLID_BREP('',#13260);
#13260 = CLOSED_SHELL('',(#13261,#13349,#13353));
#13261 = ADVANCED_FACE('',(#13262),#13275,.T.);
#13262 = FACE_BOUND('',#13263,.T.);
#13263 = EDGE_LOOP('',(#13264,#13298,#13321,#13348));
#13264 = ORIENTED_EDGE('',*,*,#13265,.F.);
#13265 = EDGE_CURVE('',#13266,#13266,#13268,.T.);
#13266 = VERTEX_POINT('',#13267);
#13267 = CARTESIAN_POINT('',(108.14641302723,-46.,142.19628975725));
#13268 = SURFACE_CURVE('',#13269,(#13274,#13286),.PCURVE_S1.);
#13269 = CIRCLE('',#13270,25.);
#13270 = AXIS2_PLACEMENT_3D('',#13271,#13272,#13273);
#13271 = CARTESIAN_POINT('',(108.14641302723,-46.,117.19628975725));
#13272 = DIRECTION('',(0.,1.,0.));
#13273 = DIRECTION('',(0.,0.,1.));
#13274 = PCURVE('',#13275,#13280);
#13275 = CYLINDRICAL_SURFACE('',#13276,25.);
#13276 = AXIS2_PLACEMENT_3D('',#13277,#13278,#13279);
#13277 = CARTESIAN_POINT('',(108.14641302723,-50.,117.19628975725));
#13278 = DIRECTION('',(0.,1.,0.));
#13279 = DIRECTION('',(0.,0.,1.));
#13280 = DEFINITIONAL_REPRESENTATION('',(#13281),#13285);
#13281 = LINE('',#13282,#13283);
#13282 = CARTESIAN_POINT('',(0.,4.));
#13283 = VECTOR('',#13284,1.);
#13284 = DIRECTION('',(1.,0.));
#13285 = ( GEOMETRIC_REPRESENTATION_CONTEXT(2) 
PARAMETRIC_REPRESENTATION_CONTEXT() REPRESENTATION_CONTEXT('2D SPACE',''
  ) );
#13286 = PCURVE('',#13287,#13292);
#13287 = PLANE('',#13288);
#13288 = AXIS2_PLACEMENT_3D('',#13289,#13290,#13291);
#13289 = CARTESIAN_POINT('',(108.14641302723,-46.,117.19628975725));
#13290 = DIRECTION('',(0.,1.,0.));
#13291 = DIRECTION('',(0.,0.,1.));
#13292 = DEFINITIONAL_REPRESENTATION('',(#13293),#13297);
#13293 = CIRCLE('',#13294,25.);
#13294 = AXIS2_PLACEMENT_2D('',#13295,#13296);
#13295 = CARTESIAN_POINT('',(0.,0.));
#13296 = DIRECTION('',(1.,0.));
#13297 = ( GEOMETRIC_REPRESENTATION_CONTEXT(2) 
PARAMETRIC_REPRESENTATION_CONTEXT() REPRESENTATION_CONTEXT('2D SPACE',''
  ) );
#13298 = ORIENTED_EDGE('',*,*,#13299,.F.);
#13299 = EDGE_CURVE('',#13300,#13266,#13302,.T.);
#13300 = VERTEX_POINT('',#13301);
#13301 = CARTESIAN_POINT('',(108.14641302723,-50.,142.19628975725));
#13302 = SEAM_CURVE('',#13303,(#13307,#13314),.PCURVE_S1.);
#13303 = LINE('',#13304,#13305);
#13304 = CARTESIAN_POINT('',(108.14641302723,-50.,142.19628975725));
#13305 = VECTOR('',#13306,1.);
#13306 = DIRECTION('',(0.,1.,0.));
#13307 = PCURVE('',#13275,#13308);
#13308 = DEFINITIONAL_REPRESENTATION('',(#13309),#13313);
#13309 = LINE('',#13310,#13311);
#13310 = CARTESIAN_POINT('',(6.28318530718,-0.));
#13311 = VECTOR('',#13312,1.);
#13312 = DIRECTION('',(0.,1.));
#13313 = ( GEOMETRIC_REPRESENTATION_CONTEXT(2) 
PARAMETRIC_REPRESENTATION_CONTEXT() REPRESENTATION_CONTEXT('2D SPACE',''
  ) );
#13314 = PCURVE('',#13275,#13315);
#13315 = DEFINITIONAL_REPRESENTATION('',(#13316),#13320);
#13316 = LINE('',#13317,#13318);
#13317 = CARTESIAN_POINT('',(0.,-0.));
#13318 = VECTOR('',#13319,1.);
#13319 = DIRECTION('',(0.,1.));
#13320 = ( GEOMETRIC_REPRESENTATION_CONTEXT(2) 
PARAMETRIC_REPRESENTATION_CONTEXT() REPRESENTATION_CONTEXT('2D SPACE',''
  ) );
#13321 = ORIENTED_EDGE('',*,*,#13322,.T.);
#13322 = EDGE_CURVE('',#13300,#13300,#13323,.T.);
#13323 = SURFACE_CURVE('',#13324,(#13329,#13336),.PCURVE_S1.);
#13324 = CIRCLE('',#13325,25.);
#13325 = AXIS2_PLACEMENT_3D('',#13326,#13327,#13328);
#13326 = CARTESIAN_POINT('',(108.14641302723,-50.,117.19628975725));
#13327 = DIRECTION('',(0.,1.,0.));
#13328 = DIRECTION('',(0.,0.,1.));
#13329 = PCURVE('',#13275,#13330);
#13330 = DEFINITIONAL_REPRESENTATION('',(#13331),#13335);
#13331 = LINE('',#13332,#13333);
#13332 = CARTESIAN_POINT('',(0.,0.));
#13333 = VECTOR('',#13334,1.);
#13334 = DIRECTION('',(1.,0.));
#13335 = ( GEOMETRIC_REPRESENTATION_CONTEXT(2) 
PARAMETRIC_REPRESENTATION_CONTEXT() REPRESENTATION_CONTEXT('2D SPACE',''
  ) );
#13336 = PCURVE('',#13337,#13342);
#13337 = PLANE('',#13338);
#13338 = AXIS2_PLACEMENT_3D('',#13339,#13340,#13341);
#13339 = CARTESIAN_POINT('',(108.14641302723,-50.,117.19628975725));
#13340 = DIRECTION('',(0.,1.,0.));
#13341 = DIRECTION('',(0.,0.,1.));
#13342 = DEFINITIONAL_REPRESENTATION('',(#13343),#13347);
#13343 = CIRCLE('',#13344,25.);
#13344 = AXIS2_PLACEMENT_2D('',#13345,#13346);
#13345 = CARTESIAN_POINT('',(0.,0.));
#13346 = DIRECTION('',(1.,0.));
#13347 = ( GEOMETRIC_REPRESENTATION_CONTEXT(2) 
PARAMETRIC_REPRESENTATION_CONTEXT() REPRESENTATION_CONTEXT('2D SPACE',''
  ) );
#13348 = ORIENTED_EDGE('',*,*,#13299,.T.);
#13349 = ADVANCED_FACE('',(#13350),#13287,.T.);
#13350 = FACE_BOUND('',#13351,.T.);
#13351 = EDGE_LOOP('',(#13352));
#13352 = ORIENTED_EDGE('',*,*,#13265,.T.);
#13353 = ADVANCED_FACE('',(#13354),#13337,.F.);
#13354 = FACE_BOUND('',#13355,.T.);
#13355 = EDGE_LOOP('',(#13356));
#13356 = ORIENTED_EDGE('',*,*,#13322,.F.);
#13357 = MANIFOLD_SOLID_BREP('',#13358);
#13358 = CLOSED_SHELL('',(#13359,#13447,#13451));
#13359 = ADVANCED_FACE('',(#13360),#13373,.T.);
#13360 = FACE_BOUND('',#13361,.T.);
#13361 = EDGE_LOOP('',(#13362,#13396,#13419,#13446));
#13362 = ORIENTED_EDGE('',*,*,#13363,.F.);
#13363 = EDGE_CURVE('',#13364,#13364,#13366,.T.);
#13364 = VERTEX_POINT('',#13365);
#13365 = CARTESIAN_POINT('',(166.55437891446,-46.5,26.370197962726));
#13366 = SURFACE_CURVE('',#13367,(#13372,#13384),.PCURVE_S1.);
#13367 = CIRCLE('',#13368,14.);
#13368 = AXIS2_PLACEMENT_3D('',#13369,#13370,#13371);
#13369 = CARTESIAN_POINT('',(166.55437891446,-46.5,12.370197962726));
#13370 = DIRECTION('',(0.,1.,0.));
#13371 = DIRECTION('',(0.,0.,1.));
#13372 = PCURVE('',#13373,#13378);
#13373 = CYLINDRICAL_SURFACE('',#13374,14.);
#13374 = AXIS2_PLACEMENT_3D('',#13375,#13376,#13377);
#13375 = CARTESIAN_POINT('',(166.55437891446,-49.5,12.370197962726));
#13376 = DIRECTION('',(0.,1.,0.));
#13377 = DIRECTION('',(0.,0.,1.));
#13378 = DEFINITIONAL_REPRESENTATION('',(#13379),#13383);
#13379 = LINE('',#13380,#13381);
#13380 = CARTESIAN_POINT('',(0.,3.));
#13381 = VECTOR('',#13382,1.);
#13382 = DIRECTION('',(1.,0.));
#13383 = ( GEOMETRIC_REPRESENTATION_CONTEXT(2) 
PARAMETRIC_REPRESENTATION_CONTEXT() REPRESENTATION_CONTEXT('2D SPACE',''
  ) );
#13384 = PCURVE('',#13385,#13390);
#13385 = PLANE('',#13386);
#13386 = AXIS2_PLACEMENT_3D('',#13387,#13388,#13389);
#13387 = CARTESIAN_POINT('',(166.55437891446,-46.5,12.370197962726));
#13388 = DIRECTION('',(0.,1.,0.));
#13389 = DIRECTION('',(0.,0.,1.));
#13390 = DEFINITIONAL_REPRESENTATION('',(#13391),#13395);
#13391 = CIRCLE('',#13392,14.);
#13392 = AXIS2_PLACEMENT_2D('',#13393,#13394);
#13393 = CARTESIAN_POINT('',(0.,0.));
#13394 = DIRECTION('',(1.,0.));
#13395 = ( GEOMETRIC_REPRESENTATION_CONTEXT(2) 
PARAMETRIC_REPRESENTATION_CONTEXT() REPRESENTATION_CONTEXT('2D SPACE',''
  ) );
#13396 = ORIENTED_EDGE('',*,*,#13397,.F.);
#13397 = EDGE_CURVE('',#13398,#13364,#13400,.T.);
#13398 = VERTEX_POINT('',#13399);
#13399 = CARTESIAN_POINT('',(166.55437891446,-49.5,26.370197962726));
#13400 = SEAM_CURVE('',#13401,(#13405,#13412),.PCURVE_S1.);
#13401 = LINE('',#13402,#13403);
#13402 = CARTESIAN_POINT('',(166.55437891446,-49.5,26.370197962726));
#13403 = VECTOR('',#13404,1.);
#13404 = DIRECTION('',(0.,1.,0.));
#13405 = PCURVE('',#13373,#13406);
#13406 = DEFINITIONAL_REPRESENTATION('',(#13407),#13411);
#13407 = LINE('',#13408,#13409);
#13408 = CARTESIAN_POINT('',(6.28318530718,-0.));
#13409 = VECTOR('',#13410,1.);
#13410 = DIRECTION('',(0.,1.));
#13411 = ( GEOMETRIC_REPRESENTATION_CONTEXT(2) 
PARAMETRIC_REPRESENTATION_CONTEXT() REPRESENTATION_CONTEXT('2D SPACE',''
  ) );
#13412 = PCURVE('',#13373,#13413);
#13413 = DEFINITIONAL_REPRESENTATION('',(#13414),#13418);
#13414 = LINE('',#13415,#13416);
#13415 = CARTESIAN_POINT('',(0.,-0.));
#13416 = VECTOR('',#13417,1.);
#13417 = DIRECTION('',(0.,1.));
#13418 = ( GEOMETRIC_REPRESENTATION_CONTEXT(2) 
PARAMETRIC_REPRESENTATION_CONTEXT() REPRESENTATION_CONTEXT('2D SPACE',''
  ) );
#13419 = ORIENTED_EDGE('',*,*,#13420,.T.);
#13420 = EDGE_CURVE('',#13398,#13398,#13421,.T.);
#13421 = SURFACE_CURVE('',#13422,(#13427,#13434),.PCURVE_S1.);
#13422 = CIRCLE('',#13423,14.);
#13423 = AXIS2_PLACEMENT_3D('',#13424,#13425,#13426);
#13424 = CARTESIAN_POINT('',(166.55437891446,-49.5,12.370197962726));
#13425 = DIRECTION('',(0.,1.,0.));
#13426 = DIRECTION('',(0.,0.,1.));
#13427 = PCURVE('',#13373,#13428);
#13428 = DEFINITIONAL_REPRESENTATION('',(#13429),#13433);
#13429 = LINE('',#13430,#13431);
#13430 = CARTESIAN_POINT('',(0.,0.));
#13431 = VECTOR('',#13432,1.);
#13432 = DIRECTION('',(1.,0.));
#13433 = ( GEOMETRIC_REPRESENTATION_CONTEXT(2) 
PARAMETRIC_REPRESENTATION_CONTEXT() REPRESENTATION_CONTEXT('2D SPACE',''
  ) );
#13434 = PCURVE('',#13435,#13440);
#13435 = PLANE('',#13436);
#13436 = AXIS2_PLACEMENT_3D('',#13437,#13438,#13439);
#13437 = CARTESIAN_POINT('',(166.55437891446,-49.5,12.370197962726));
#13438 = DIRECTION('',(0.,1.,0.));
#13439 = DIRECTION('',(0.,0.,1.));
#13440 = DEFINITIONAL_REPRESENTATION('',(#13441),#13445);
#13441 = CIRCLE('',#13442,14.);
#13442 = AXIS2_PLACEMENT_2D('',#13443,#13444);
#13443 = CARTESIAN_POINT('',(0.,0.));
#13444 = DIRECTION('',(1.,0.));
#13445 = ( GEOMETRIC_REPRESENTATION_CONTEXT(2) 
PARAMETRIC_REPRESENTATION_CONTEXT() REPRESENTATION_CONTEXT('2D SPACE',''
  ) );
#13446 = ORIENTED_EDGE('',*,*,#13397,.T.);
#13447 = ADVANCED_FACE('',(#13448),#13385,.T.);
#13448 = FACE_BOUND('',#13449,.T.);
#13449 = EDGE_LOOP('',(#13450));
#13450 = ORIENTED_EDGE('',*,*,#13363,.T.);
#13451 = ADVANCED_FACE('',(#13452),#13435,.F.);
#13452 = FACE_BOUND('',#13453,.T.);
#13453 = EDGE_LOOP('',(#13454));
#13454 = ORIENTED_EDGE('',*,*,#13420,.F.);
#13455 = MANIFOLD_SOLID_BREP('',#13456);
#13456 = CLOSED_SHELL('',(#13457,#13545,#13549));
#13457 = ADVANCED_FACE('',(#13458),#13471,.T.);
#13458 = FACE_BOUND('',#13459,.T.);
#13459 = EDGE_LOOP('',(#13460,#13494,#13517,#13544));
#13460 = ORIENTED_EDGE('',*,*,#13461,.F.);
#13461 = EDGE_CURVE('',#13462,#13462,#13464,.T.);
#13462 = VERTEX_POINT('',#13463);
#13463 = CARTESIAN_POINT('',(-6.858022075225E-15,50.,228.));
#13464 = SURFACE_CURVE('',#13465,(#13470,#13482),.PCURVE_S1.);
#13465 = CIRCLE('',#13466,28.);
#13466 = AXIS2_PLACEMENT_3D('',#13467,#13468,#13469);
#13467 = CARTESIAN_POINT('',(0.,50.,200.));
#13468 = DIRECTION('',(0.,1.,0.));
#13469 = DIRECTION('',(0.,0.,1.));
#13470 = PCURVE('',#13471,#13476);
#13471 = CYLINDRICAL_SURFACE('',#13472,28.);
#13472 = AXIS2_PLACEMENT_3D('',#13473,#13474,#13475);
#13473 = CARTESIAN_POINT('',(0.,46.,200.));
#13474 = DIRECTION('',(0.,1.,0.));
#13475 = DIRECTION('',(0.,0.,1.));
#13476 = DEFINITIONAL_REPRESENTATION('',(#13477),#13481);
#13477 = LINE('',#13478,#13479);
#13478 = CARTESIAN_POINT('',(0.,4.));
#13479 = VECTOR('',#13480,1.);
#13480 = DIRECTION('',(1.,0.));
#13481 = ( GEOMETRIC_REPRESENTATION_CONTEXT(2) 
PARAMETRIC_REPRESENTATION_CONTEXT() REPRESENTATION_CONTEXT('2D SPACE',''
  ) );
#13482 = PCURVE('',#13483,#13488);
#13483 = PLANE('',#13484);
#13484 = AXIS2_PLACEMENT_3D('',#13485,#13486,#13487);
#13485 = CARTESIAN_POINT('',(0.,50.,200.));
#13486 = DIRECTION('',(0.,1.,0.));
#13487 = DIRECTION('',(0.,0.,1.));
#13488 = DEFINITIONAL_REPRESENTATION('',(#13489),#13493);
#13489 = CIRCLE('',#13490,28.);
#13490 = AXIS2_PLACEMENT_2D('',#13491,#13492);
#13491 = CARTESIAN_POINT('',(0.,0.));
#13492 = DIRECTION('',(1.,0.));
#13493 = ( GEOMETRIC_REPRESENTATION_CONTEXT(2) 
PARAMETRIC_REPRESENTATION_CONTEXT() REPRESENTATION_CONTEXT('2D SPACE',''
  ) );
#13494 = ORIENTED_EDGE('',*,*,#13495,.F.);
#13495 = EDGE_CURVE('',#13496,#13462,#13498,.T.);
#13496 = VERTEX_POINT('',#13497);
#13497 = CARTESIAN_POINT('',(-6.858022075225E-15,46.,228.));
#13498 = SEAM_CURVE('',#13499,(#13503,#13510),.PCURVE_S1.);
#13499 = LINE('',#13500,#13501);
#13500 = CARTESIAN_POINT('',(-6.858022075225E-15,46.,228.));
#13501 = VECTOR('',#13502,1.);
#13502 = DIRECTION('',(0.,1.,0.));
#13503 = PCURVE('',#13471,#13504);
#13504 = DEFINITIONAL_REPRESENTATION('',(#13505),#13509);
#13505 = LINE('',#13506,#13507);
#13506 = CARTESIAN_POINT('',(6.28318530718,-0.));
#13507 = VECTOR('',#13508,1.);
#13508 = DIRECTION('',(0.,1.));
#13509 = ( GEOMETRIC_REPRESENTATION_CONTEXT(2) 
PARAMETRIC_REPRESENTATION_CONTEXT() REPRESENTATION_CONTEXT('2D SPACE',''
  ) );
#13510 = PCURVE('',#13471,#13511);
#13511 = DEFINITIONAL_REPRESENTATION('',(#13512),#13516);
#13512 = LINE('',#13513,#13514);
#13513 = CARTESIAN_POINT('',(0.,-0.));
#13514 = VECTOR('',#13515,1.);
#13515 = DIRECTION('',(0.,1.));
#13516 = ( GEOMETRIC_REPRESENTATION_CONTEXT(2) 
PARAMETRIC_REPRESENTATION_CONTEXT() REPRESENTATION_CONTEXT('2D SPACE',''
  ) );
#13517 = ORIENTED_EDGE('',*,*,#13518,.T.);
#13518 = EDGE_CURVE('',#13496,#13496,#13519,.T.);
#13519 = SURFACE_CURVE('',#13520,(#13525,#13532),.PCURVE_S1.);
#13520 = CIRCLE('',#13521,28.);
#13521 = AXIS2_PLACEMENT_3D('',#13522,#13523,#13524);
#13522 = CARTESIAN_POINT('',(0.,46.,200.));
#13523 = DIRECTION('',(0.,1.,0.));
#13524 = DIRECTION('',(0.,0.,1.));
#13525 = PCURVE('',#13471,#13526);
#13526 = DEFINITIONAL_REPRESENTATION('',(#13527),#13531);
#13527 = LINE('',#13528,#13529);
#13528 = CARTESIAN_POINT('',(0.,0.));
#13529 = VECTOR('',#13530,1.);
#13530 = DIRECTION('',(1.,0.));
#13531 = ( GEOMETRIC_REPRESENTATION_CONTEXT(2) 
PARAMETRIC_REPRESENTATION_CONTEXT() REPRESENTATION_CONTEXT('2D SPACE',''
  ) );
#13532 = PCURVE('',#13533,#13538);
#13533 = PLANE('',#13534);
#13534 = AXIS2_PLACEMENT_3D('',#13535,#13536,#13537);
#13535 = CARTESIAN_POINT('',(0.,46.,200.));
#13536 = DIRECTION('',(0.,1.,0.));
#13537 = DIRECTION('',(0.,0.,1.));
#13538 = DEFINITIONAL_REPRESENTATION('',(#13539),#13543);
#13539 = CIRCLE('',#13540,28.);
#13540 = AXIS2_PLACEMENT_2D('',#13541,#13542);
#13541 = CARTESIAN_POINT('',(0.,0.));
#13542 = DIRECTION('',(1.,0.));
#13543 = ( GEOMETRIC_REPRESENTATION_CONTEXT(2) 
PARAMETRIC_REPRESENTATION_CONTEXT() REPRESENTATION_CONTEXT('2D SPACE',''
  ) );
#13544 = ORIENTED_EDGE('',*,*,#13495,.T.);
#13545 = ADVANCED_FACE('',(#13546),#13483,.T.);
#13546 = FACE_BOUND('',#13547,.T.);
#13547 = EDGE_LOOP('',(#13548));
#13548 = ORIENTED_EDGE('',*,*,#13461,.T.);
#13549 = ADVANCED_FACE('',(#13550),#13533,.F.);
#13550 = FACE_BOUND('',#13551,.T.);
#13551 = EDGE_LOOP('',(#13552));
#13552 = ORIENTED_EDGE('',*,*,#13518,.F.);
#13553 = MANIFOLD_SOLID_BREP('',#13554);
#13554 = CLOSED_SHELL('',(#13555,#13643,#13647));
#13555 = ADVANCED_FACE('',(#13556),#13569,.T.);
#13556 = FACE_BOUND('',#13557,.T.);
#13557 = EDGE_LOOP('',(#13558,#13592,#13615,#13642));
#13558 = ORIENTED_EDGE('',*,*,#13559,.F.);
#13559 = EDGE_CURVE('',#13560,#13560,#13562,.T.);
#13560 = VERTEX_POINT('',#13561);
#13561 = CARTESIAN_POINT('',(-96.73339942703,50.,153.98838520854));
#13562 = SURFACE_CURVE('',#13563,(#13568,#13580),.PCURVE_S1.);
#13563 = CIRCLE('',#13564,25.);
#13564 = AXIS2_PLACEMENT_3D('',#13565,#13566,#13567);
#13565 = CARTESIAN_POINT('',(-96.73339942703,50.,128.98838520854));
#13566 = DIRECTION('',(0.,1.,0.));
#13567 = DIRECTION('',(0.,0.,1.));
#13568 = PCURVE('',#13569,#13574);
#13569 = CYLINDRICAL_SURFACE('',#13570,25.);
#13570 = AXIS2_PLACEMENT_3D('',#13571,#13572,#13573);
#13571 = CARTESIAN_POINT('',(-96.73339942703,46.,128.98838520854));
#13572 = DIRECTION('',(0.,1.,0.));
#13573 = DIRECTION('',(0.,0.,1.));
#13574 = DEFINITIONAL_REPRESENTATION('',(#13575),#13579);
#13575 = LINE('',#13576,#13577);
#13576 = CARTESIAN_POINT('',(0.,4.));
#13577 = VECTOR('',#13578,1.);
#13578 = DIRECTION('',(1.,0.));
#13579 = ( GEOMETRIC_REPRESENTATION_CONTEXT(2) 
PARAMETRIC_REPRESENTATION_CONTEXT() REPRESENTATION_CONTEXT('2D SPACE',''
  ) );
#13580 = PCURVE('',#13581,#13586);
#13581 = PLANE('',#13582);
#13582 = AXIS2_PLACEMENT_3D('',#13583,#13584,#13585);
#13583 = CARTESIAN_POINT('',(-96.73339942703,50.,128.98838520854));
#13584 = DIRECTION('',(0.,1.,0.));
#13585 = DIRECTION('',(0.,0.,1.));
#13586 = DEFINITIONAL_REPRESENTATION('',(#13587),#13591);
#13587 = CIRCLE('',#13588,25.);
#13588 = AXIS2_PLACEMENT_2D('',#13589,#13590);
#13589 = CARTESIAN_POINT('',(0.,0.));
#13590 = DIRECTION('',(1.,0.));
#13591 = ( GEOMETRIC_REPRESENTATION_CONTEXT(2) 
PARAMETRIC_REPRESENTATION_CONTEXT() REPRESENTATION_CONTEXT('2D SPACE',''
  ) );
#13592 = ORIENTED_EDGE('',*,*,#13593,.F.);
#13593 = EDGE_CURVE('',#13594,#13560,#13596,.T.);
#13594 = VERTEX_POINT('',#13595);
#13595 = CARTESIAN_POINT('',(-96.73339942703,46.,153.98838520854));
#13596 = SEAM_CURVE('',#13597,(#13601,#13608),.PCURVE_S1.);
#13597 = LINE('',#13598,#13599);
#13598 = CARTESIAN_POINT('',(-96.73339942703,46.,153.98838520854));
#13599 = VECTOR('',#13600,1.);
#13600 = DIRECTION('',(0.,1.,0.));
#13601 = PCURVE('',#13569,#13602);
#13602 = DEFINITIONAL_REPRESENTATION('',(#13603),#13607);
#13603 = LINE('',#13604,#13605);
#13604 = CARTESIAN_POINT('',(6.28318530718,-0.));
#13605 = VECTOR('',#13606,1.);
#13606 = DIRECTION('',(0.,1.));
#13607 = ( GEOMETRIC_REPRESENTATION_CONTEXT(2) 
PARAMETRIC_REPRESENTATION_CONTEXT() REPRESENTATION_CONTEXT('2D SPACE',''
  ) );
#13608 = PCURVE('',#13569,#13609);
#13609 = DEFINITIONAL_REPRESENTATION('',(#13610),#13614);
#13610 = LINE('',#13611,#13612);
#13611 = CARTESIAN_POINT('',(0.,-0.));
#13612 = VECTOR('',#13613,1.);
#13613 = DIRECTION('',(0.,1.));
#13614 = ( GEOMETRIC_REPRESENTATION_CONTEXT(2) 
PARAMETRIC_REPRESENTATION_CONTEXT() REPRESENTATION_CONTEXT('2D SPACE',''
  ) );
#13615 = ORIENTED_EDGE('',*,*,#13616,.T.);
#13616 = EDGE_CURVE('',#13594,#13594,#13617,.T.);
#13617 = SURFACE_CURVE('',#13618,(#13623,#13630),.PCURVE_S1.);
#13618 = CIRCLE('',#13619,25.);
#13619 = AXIS2_PLACEMENT_3D('',#13620,#13621,#13622);
#13620 = CARTESIAN_POINT('',(-96.73339942703,46.,128.98838520854));
#13621 = DIRECTION('',(0.,1.,0.));
#13622 = DIRECTION('',(0.,0.,1.));
#13623 = PCURVE('',#13569,#13624);
#13624 = DEFINITIONAL_REPRESENTATION('',(#13625),#13629);
#13625 = LINE('',#13626,#13627);
#13626 = CARTESIAN_POINT('',(0.,0.));
#13627 = VECTOR('',#13628,1.);
#13628 = DIRECTION('',(1.,0.));
#13629 = ( GEOMETRIC_REPRESENTATION_CONTEXT(2) 
PARAMETRIC_REPRESENTATION_CONTEXT() REPRESENTATION_CONTEXT('2D SPACE',''
  ) );
#13630 = PCURVE('',#13631,#13636);
#13631 = PLANE('',#13632);
#13632 = AXIS2_PLACEMENT_3D('',#13633,#13634,#13635);
#13633 = CARTESIAN_POINT('',(-96.73339942703,46.,128.98838520854));
#13634 = DIRECTION('',(0.,1.,0.));
#13635 = DIRECTION('',(0.,0.,1.));
#13636 = DEFINITIONAL_REPRESENTATION('',(#13637),#13641);
#13637 = CIRCLE('',#13638,25.);
#13638 = AXIS2_PLACEMENT_2D('',#13639,#13640);
#13639 = CARTESIAN_POINT('',(0.,0.));
#13640 = DIRECTION('',(1.,0.));
#13641 = ( GEOMETRIC_REPRESENTATION_CONTEXT(2) 
PARAMETRIC_REPRESENTATION_CONTEXT() REPRESENTATION_CONTEXT('2D SPACE',''
  ) );
#13642 = ORIENTED_EDGE('',*,*,#13593,.T.);
#13643 = ADVANCED_FACE('',(#13644),#13581,.T.);
#13644 = FACE_BOUND('',#13645,.T.);
#13645 = EDGE_LOOP('',(#13646));
#13646 = ORIENTED_EDGE('',*,*,#13559,.T.);
#13647 = ADVANCED_FACE('',(#13648),#13631,.F.);
#13648 = FACE_BOUND('',#13649,.T.);
#13649 = EDGE_LOOP('',(#13650));
#13650 = ORIENTED_EDGE('',*,*,#13616,.F.);
#13651 = MANIFOLD_SOLID_BREP('',#13652);
#13652 = CLOSED_SHELL('',(#13653,#13741,#13745));
#13653 = ADVANCED_FACE('',(#13654),#13667,.T.);
#13654 = FACE_BOUND('',#13655,.T.);
#13655 = EDGE_LOOP('',(#13656,#13690,#13713,#13740));
#13656 = ORIENTED_EDGE('',*,*,#13657,.F.);
#13657 = EDGE_CURVE('',#13658,#13658,#13660,.T.);
#13658 = VERTEX_POINT('',#13659);
#13659 = CARTESIAN_POINT('',(-68.44562108553,49.5,26.370197962726));
#13660 = SURFACE_CURVE('',#13661,(#13666,#13678),.PCURVE_S1.);
#13661 = CIRCLE('',#13662,14.);
#13662 = AXIS2_PLACEMENT_3D('',#13663,#13664,#13665);
#13663 = CARTESIAN_POINT('',(-68.44562108553,49.5,12.370197962726));
#13664 = DIRECTION('',(0.,1.,0.));
#13665 = DIRECTION('',(0.,0.,1.));
#13666 = PCURVE('',#13667,#13672);
#13667 = CYLINDRICAL_SURFACE('',#13668,14.);
#13668 = AXIS2_PLACEMENT_3D('',#13669,#13670,#13671);
#13669 = CARTESIAN_POINT('',(-68.44562108553,46.5,12.370197962726));
#13670 = DIRECTION('',(0.,1.,0.));
#13671 = DIRECTION('',(0.,0.,1.));
#13672 = DEFINITIONAL_REPRESENTATION('',(#13673),#13677);
#13673 = LINE('',#13674,#13675);
#13674 = CARTESIAN_POINT('',(0.,3.));
#13675 = VECTOR('',#13676,1.);
#13676 = DIRECTION('',(1.,0.));
#13677 = ( GEOMETRIC_REPRESENTATION_CONTEXT(2) 
PARAMETRIC_REPRESENTATION_CONTEXT() REPRESENTATION_CONTEXT('2D SPACE',''
  ) );
#13678 = PCURVE('',#13679,#13684);
#13679 = PLANE('',#13680);
#13680 = AXIS2_PLACEMENT_3D('',#13681,#13682,#13683);
#13681 = CARTESIAN_POINT('',(-68.44562108553,49.5,12.370197962726));
#13682 = DIRECTION('',(0.,1.,0.));
#13683 = DIRECTION('',(0.,0.,1.));
#13684 = DEFINITIONAL_REPRESENTATION('',(#13685),#13689);
#13685 = CIRCLE('',#13686,14.);
#13686 = AXIS2_PLACEMENT_2D('',#13687,#13688);
#13687 = CARTESIAN_POINT('',(0.,0.));
#13688 = DIRECTION('',(1.,0.));
#13689 = ( GEOMETRIC_REPRESENTATION_CONTEXT(2) 
PARAMETRIC_REPRESENTATION_CONTEXT() REPRESENTATION_CONTEXT('2D SPACE',''
  ) );
#13690 = ORIENTED_EDGE('',*,*,#13691,.F.);
#13691 = EDGE_CURVE('',#13692,#13658,#13694,.T.);
#13692 = VERTEX_POINT('',#13693);
#13693 = CARTESIAN_POINT('',(-68.44562108553,46.5,26.370197962726));
#13694 = SEAM_CURVE('',#13695,(#13699,#13706),.PCURVE_S1.);
#13695 = LINE('',#13696,#13697);
#13696 = CARTESIAN_POINT('',(-68.44562108553,46.5,26.370197962726));
#13697 = VECTOR('',#13698,1.);
#13698 = DIRECTION('',(0.,1.,0.));
#13699 = PCURVE('',#13667,#13700);
#13700 = DEFINITIONAL_REPRESENTATION('',(#13701),#13705);
#13701 = LINE('',#13702,#13703);
#13702 = CARTESIAN_POINT('',(6.28318530718,-0.));
#13703 = VECTOR('',#13704,1.);
#13704 = DIRECTION('',(0.,1.));
#13705 = ( GEOMETRIC_REPRESENTATION_CONTEXT(2) 
PARAMETRIC_REPRESENTATION_CONTEXT() REPRESENTATION_CONTEXT('2D SPACE',''
  ) );
#13706 = PCURVE('',#13667,#13707);
#13707 = DEFINITIONAL_REPRESENTATION('',(#13708),#13712);
#13708 = LINE('',#13709,#13710);
#13709 = CARTESIAN_POINT('',(0.,-0.));
#13710 = VECTOR('',#13711,1.);
#13711 = DIRECTION('',(0.,1.));
#13712 = ( GEOMETRIC_REPRESENTATION_CONTEXT(2) 
PARAMETRIC_REPRESENTATION_CONTEXT() REPRESENTATION_CONTEXT('2D SPACE',''
  ) );
#13713 = ORIENTED_EDGE('',*,*,#13714,.T.);
#13714 = EDGE_CURVE('',#13692,#13692,#13715,.T.);
#13715 = SURFACE_CURVE('',#13716,(#13721,#13728),.PCURVE_S1.);
#13716 = CIRCLE('',#13717,14.);
#13717 = AXIS2_PLACEMENT_3D('',#13718,#13719,#13720);
#13718 = CARTESIAN_POINT('',(-68.44562108553,46.5,12.370197962726));
#13719 = DIRECTION('',(0.,1.,0.));
#13720 = DIRECTION('',(0.,0.,1.));
#13721 = PCURVE('',#13667,#13722);
#13722 = DEFINITIONAL_REPRESENTATION('',(#13723),#13727);
#13723 = LINE('',#13724,#13725);
#13724 = CARTESIAN_POINT('',(0.,0.));
#13725 = VECTOR('',#13726,1.);
#13726 = DIRECTION('',(1.,0.));
#13727 = ( GEOMETRIC_REPRESENTATION_CONTEXT(2) 
PARAMETRIC_REPRESENTATION_CONTEXT() REPRESENTATION_CONTEXT('2D SPACE',''
  ) );
#13728 = PCURVE('',#13729,#13734);
#13729 = PLANE('',#13730);
#13730 = AXIS2_PLACEMENT_3D('',#13731,#13732,#13733);
#13731 = CARTESIAN_POINT('',(-68.44562108553,46.5,12.370197962726));
#13732 = DIRECTION('',(0.,1.,0.));
#13733 = DIRECTION('',(0.,0.,1.));
#13734 = DEFINITIONAL_REPRESENTATION('',(#13735),#13739);
#13735 = CIRCLE('',#13736,14.);
#13736 = AXIS2_PLACEMENT_2D('',#13737,#13738);
#13737 = CARTESIAN_POINT('',(0.,0.));
#13738 = DIRECTION('',(1.,0.));
#13739 = ( GEOMETRIC_REPRESENTATION_CONTEXT(2) 
PARAMETRIC_REPRESENTATION_CONTEXT() REPRESENTATION_CONTEXT('2D SPACE',''
  ) );
#13740 = ORIENTED_EDGE('',*,*,#13691,.T.);
#13741 = ADVANCED_FACE('',(#13742),#13679,.T.);
#13742 = FACE_BOUND('',#13743,.T.);
#13743 = EDGE_LOOP('',(#13744));
#13744 = ORIENTED_EDGE('',*,*,#13657,.T.);
#13745 = ADVANCED_FACE('',(#13746),#13729,.F.);
#13746 = FACE_BOUND('',#13747,.T.);
#13747 = EDGE_LOOP('',(#13748));
#13748 = ORIENTED_EDGE('',*,*,#13714,.F.);
#13749 = MANIFOLD_SOLID_BREP('',#13750);
#13750 = CLOSED_SHELL('',(#13751,#13839,#13843));
#13751 = ADVANCED_FACE('',(#13752),#13765,.T.);
#13752 = FACE_BOUND('',#13753,.T.);
#13753 = EDGE_LOOP('',(#13754,#13788,#13811,#13838));
#13754 = ORIENTED_EDGE('',*,*,#13755,.F.);
#13755 = EDGE_CURVE('',#13756,#13756,#13758,.T.);
#13756 = VERTEX_POINT('',#13757);
#13757 = CARTESIAN_POINT('',(-6.858022075225E-15,-46.,228.));
#13758 = SURFACE_CURVE('',#13759,(#13764,#13776),.PCURVE_S1.);
#13759 = CIRCLE('',#13760,28.);
#13760 = AXIS2_PLACEMENT_3D('',#13761,#13762,#13763);
#13761 = CARTESIAN_POINT('',(0.,-46.,200.));
#13762 = DIRECTION('',(0.,1.,0.));
#13763 = DIRECTION('',(0.,0.,1.));
#13764 = PCURVE('',#13765,#13770);
#13765 = CYLINDRICAL_SURFACE('',#13766,28.);
#13766 = AXIS2_PLACEMENT_3D('',#13767,#13768,#13769);
#13767 = CARTESIAN_POINT('',(0.,-50.,200.));
#13768 = DIRECTION('',(0.,1.,0.));
#13769 = DIRECTION('',(0.,0.,1.));
#13770 = DEFINITIONAL_REPRESENTATION('',(#13771),#13775);
#13771 = LINE('',#13772,#13773);
#13772 = CARTESIAN_POINT('',(0.,4.));
#13773 = VECTOR('',#13774,1.);
#13774 = DIRECTION('',(1.,0.));
#13775 = ( GEOMETRIC_REPRESENTATION_CONTEXT(2) 
PARAMETRIC_REPRESENTATION_CONTEXT() REPRESENTATION_CONTEXT('2D SPACE',''
  ) );
#13776 = PCURVE('',#13777,#13782);
#13777 = PLANE('',#13778);
#13778 = AXIS2_PLACEMENT_3D('',#13779,#13780,#13781);
#13779 = CARTESIAN_POINT('',(0.,-46.,200.));
#13780 = DIRECTION('',(0.,1.,0.));
#13781 = DIRECTION('',(0.,0.,1.));
#13782 = DEFINITIONAL_REPRESENTATION('',(#13783),#13787);
#13783 = CIRCLE('',#13784,28.);
#13784 = AXIS2_PLACEMENT_2D('',#13785,#13786);
#13785 = CARTESIAN_POINT('',(0.,0.));
#13786 = DIRECTION('',(1.,0.));
#13787 = ( GEOMETRIC_REPRESENTATION_CONTEXT(2) 
PARAMETRIC_REPRESENTATION_CONTEXT() REPRESENTATION_CONTEXT('2D SPACE',''
  ) );
#13788 = ORIENTED_EDGE('',*,*,#13789,.F.);
#13789 = EDGE_CURVE('',#13790,#13756,#13792,.T.);
#13790 = VERTEX_POINT('',#13791);
#13791 = CARTESIAN_POINT('',(-6.858022075225E-15,-50.,228.));
#13792 = SEAM_CURVE('',#13793,(#13797,#13804),.PCURVE_S1.);
#13793 = LINE('',#13794,#13795);
#13794 = CARTESIAN_POINT('',(-6.858022075225E-15,-50.,228.));
#13795 = VECTOR('',#13796,1.);
#13796 = DIRECTION('',(0.,1.,0.));
#13797 = PCURVE('',#13765,#13798);
#13798 = DEFINITIONAL_REPRESENTATION('',(#13799),#13803);
#13799 = LINE('',#13800,#13801);
#13800 = CARTESIAN_POINT('',(6.28318530718,-0.));
#13801 = VECTOR('',#13802,1.);
#13802 = DIRECTION('',(0.,1.));
#13803 = ( GEOMETRIC_REPRESENTATION_CONTEXT(2) 
PARAMETRIC_REPRESENTATION_CONTEXT() REPRESENTATION_CONTEXT('2D SPACE',''
  ) );
#13804 = PCURVE('',#13765,#13805);
#13805 = DEFINITIONAL_REPRESENTATION('',(#13806),#13810);
#13806 = LINE('',#13807,#13808);
#13807 = CARTESIAN_POINT('',(0.,-0.));
#13808 = VECTOR('',#13809,1.);
#13809 = DIRECTION('',(0.,1.));
#13810 = ( GEOMETRIC_REPRESENTATION_CONTEXT(2) 
PARAMETRIC_REPRESENTATION_CONTEXT() REPRESENTATION_CONTEXT('2D SPACE',''
  ) );
#13811 = ORIENTED_EDGE('',*,*,#13812,.T.);
#13812 = EDGE_CURVE('',#13790,#13790,#13813,.T.);
#13813 = SURFACE_CURVE('',#13814,(#13819,#13826),.PCURVE_S1.);
#13814 = CIRCLE('',#13815,28.);
#13815 = AXIS2_PLACEMENT_3D('',#13816,#13817,#13818);
#13816 = CARTESIAN_POINT('',(0.,-50.,200.));
#13817 = DIRECTION('',(0.,1.,0.));
#13818 = DIRECTION('',(0.,0.,1.));
#13819 = PCURVE('',#13765,#13820);
#13820 = DEFINITIONAL_REPRESENTATION('',(#13821),#13825);
#13821 = LINE('',#13822,#13823);
#13822 = CARTESIAN_POINT('',(0.,0.));
#13823 = VECTOR('',#13824,1.);
#13824 = DIRECTION('',(1.,0.));
#13825 = ( GEOMETRIC_REPRESENTATION_CONTEXT(2) 
PARAMETRIC_REPRESENTATION_CONTEXT() REPRESENTATION_CONTEXT('2D SPACE',''
  ) );
#13826 = PCURVE('',#13827,#13832);
#13827 = PLANE('',#13828);
#13828 = AXIS2_PLACEMENT_3D('',#13829,#13830,#13831);
#13829 = CARTESIAN_POINT('',(0.,-50.,200.));
#13830 = DIRECTION('',(0.,1.,0.));
#13831 = DIRECTION('',(0.,0.,1.));
#13832 = DEFINITIONAL_REPRESENTATION('',(#13833),#13837);
#13833 = CIRCLE('',#13834,28.);
#13834 = AXIS2_PLACEMENT_2D('',#13835,#13836);
#13835 = CARTESIAN_POINT('',(0.,0.));
#13836 = DIRECTION('',(1.,0.));
#13837 = ( GEOMETRIC_REPRESENTATION_CONTEXT(2) 
PARAMETRIC_REPRESENTATION_CONTEXT() REPRESENTATION_CONTEXT('2D SPACE',''
  ) );
#13838 = ORIENTED_EDGE('',*,*,#13789,.T.);
#13839 = ADVANCED_FACE('',(#13840),#13777,.T.);
#13840 = FACE_BOUND('',#13841,.T.);
#13841 = EDGE_LOOP('',(#13842));
#13842 = ORIENTED_EDGE('',*,*,#13755,.T.);
#13843 = ADVANCED_FACE('',(#13844),#13827,.F.);
#13844 = FACE_BOUND('',#13845,.T.);
#13845 = EDGE_LOOP('',(#13846));
#13846 = ORIENTED_EDGE('',*,*,#13812,.F.);
#13847 = MANIFOLD_SOLID_BREP('',#13848);
#13848 = CLOSED_SHELL('',(#13849,#13937,#13941));
#13849 = ADVANCED_FACE('',(#13850),#13863,.T.);
#13850 = FACE_BOUND('',#13851,.T.);
#13851 = EDGE_LOOP('',(#13852,#13886,#13909,#13936));
#13852 = ORIENTED_EDGE('',*,*,#13853,.F.);
#13853 = EDGE_CURVE('',#13854,#13854,#13856,.T.);
#13854 = VERTEX_POINT('',#13855);
#13855 = CARTESIAN_POINT('',(-96.73339942703,-46.,153.98838520854));
#13856 = SURFACE_CURVE('',#13857,(#13862,#13874),.PCURVE_S1.);
#13857 = CIRCLE('',#13858,25.);
#13858 = AXIS2_PLACEMENT_3D('',#13859,#13860,#13861);
#13859 = CARTESIAN_POINT('',(-96.73339942703,-46.,128.98838520854));
#13860 = DIRECTION('',(0.,1.,0.));
#13861 = DIRECTION('',(0.,0.,1.));
#13862 = PCURVE('',#13863,#13868);
#13863 = CYLINDRICAL_SURFACE('',#13864,25.);
#13864 = AXIS2_PLACEMENT_3D('',#13865,#13866,#13867);
#13865 = CARTESIAN_POINT('',(-96.73339942703,-50.,128.98838520854));
#13866 = DIRECTION('',(0.,1.,0.));
#13867 = DIRECTION('',(0.,0.,1.));
#13868 = DEFINITIONAL_REPRESENTATION('',(#13869),#13873);
#13869 = LINE('',#13870,#13871);
#13870 = CARTESIAN_POINT('',(0.,4.));
#13871 = VECTOR('',#13872,1.);
#13872 = DIRECTION('',(1.,0.));
#13873 = ( GEOMETRIC_REPRESENTATION_CONTEXT(2) 
PARAMETRIC_REPRESENTATION_CONTEXT() REPRESENTATION_CONTEXT('2D SPACE',''
  ) );
#13874 = PCURVE('',#13875,#13880);
#13875 = PLANE('',#13876);
#13876 = AXIS2_PLACEMENT_3D('',#13877,#13878,#13879);
#13877 = CARTESIAN_POINT('',(-96.73339942703,-46.,128.98838520854));
#13878 = DIRECTION('',(0.,1.,0.));
#13879 = DIRECTION('',(0.,0.,1.));
#13880 = DEFINITIONAL_REPRESENTATION('',(#13881),#13885);
#13881 = CIRCLE('',#13882,25.);
#13882 = AXIS2_PLACEMENT_2D('',#13883,#13884);
#13883 = CARTESIAN_POINT('',(0.,0.));
#13884 = DIRECTION('',(1.,0.));
#13885 = ( GEOMETRIC_REPRESENTATION_CONTEXT(2) 
PARAMETRIC_REPRESENTATION_CONTEXT() REPRESENTATION_CONTEXT('2D SPACE',''
  ) );
#13886 = ORIENTED_EDGE('',*,*,#13887,.F.);
#13887 = EDGE_CURVE('',#13888,#13854,#13890,.T.);
#13888 = VERTEX_POINT('',#13889);
#13889 = CARTESIAN_POINT('',(-96.73339942703,-50.,153.98838520854));
#13890 = SEAM_CURVE('',#13891,(#13895,#13902),.PCURVE_S1.);
#13891 = LINE('',#13892,#13893);
#13892 = CARTESIAN_POINT('',(-96.73339942703,-50.,153.98838520854));
#13893 = VECTOR('',#13894,1.);
#13894 = DIRECTION('',(0.,1.,0.));
#13895 = PCURVE('',#13863,#13896);
#13896 = DEFINITIONAL_REPRESENTATION('',(#13897),#13901);
#13897 = LINE('',#13898,#13899);
#13898 = CARTESIAN_POINT('',(6.28318530718,-0.));
#13899 = VECTOR('',#13900,1.);
#13900 = DIRECTION('',(0.,1.));
#13901 = ( GEOMETRIC_REPRESENTATION_CONTEXT(2) 
PARAMETRIC_REPRESENTATION_CONTEXT() REPRESENTATION_CONTEXT('2D SPACE',''
  ) );
#13902 = PCURVE('',#13863,#13903);
#13903 = DEFINITIONAL_REPRESENTATION('',(#13904),#13908);
#13904 = LINE('',#13905,#13906);
#13905 = CARTESIAN_POINT('',(0.,-0.));
#13906 = VECTOR('',#13907,1.);
#13907 = DIRECTION('',(0.,1.));
#13908 = ( GEOMETRIC_REPRESENTATION_CONTEXT(2) 
PARAMETRIC_REPRESENTATION_CONTEXT() REPRESENTATION_CONTEXT('2D SPACE',''
  ) );
#13909 = ORIENTED_EDGE('',*,*,#13910,.T.);
#13910 = EDGE_CURVE('',#13888,#13888,#13911,.T.);
#13911 = SURFACE_CURVE('',#13912,(#13917,#13924),.PCURVE_S1.);
#13912 = CIRCLE('',#13913,25.);
#13913 = AXIS2_PLACEMENT_3D('',#13914,#13915,#13916);
#13914 = CARTESIAN_POINT('',(-96.73339942703,-50.,128.98838520854));
#13915 = DIRECTION('',(0.,1.,0.));
#13916 = DIRECTION('',(0.,0.,1.));
#13917 = PCURVE('',#13863,#13918);
#13918 = DEFINITIONAL_REPRESENTATION('',(#13919),#13923);
#13919 = LINE('',#13920,#13921);
#13920 = CARTESIAN_POINT('',(0.,0.));
#13921 = VECTOR('',#13922,1.);
#13922 = DIRECTION('',(1.,0.));
#13923 = ( GEOMETRIC_REPRESENTATION_CONTEXT(2) 
PARAMETRIC_REPRESENTATION_CONTEXT() REPRESENTATION_CONTEXT('2D SPACE',''
  ) );
#13924 = PCURVE('',#13925,#13930);
#13925 = PLANE('',#13926);
#13926 = AXIS2_PLACEMENT_3D('',#13927,#13928,#13929);
#13927 = CARTESIAN_POINT('',(-96.73339942703,-50.,128.98838520854));
#13928 = DIRECTION('',(0.,1.,0.));
#13929 = DIRECTION('',(0.,0.,1.));
#13930 = DEFINITIONAL_REPRESENTATION('',(#13931),#13935);
#13931 = CIRCLE('',#13932,25.);
#13932 = AXIS2_PLACEMENT_2D('',#13933,#13934);
#13933 = CARTESIAN_POINT('',(0.,0.));
#13934 = DIRECTION('',(1.,0.));
#13935 = ( GEOMETRIC_REPRESENTATION_CONTEXT(2) 
PARAMETRIC_REPRESENTATION_CONTEXT() REPRESENTATION_CONTEXT('2D SPACE',''
  ) );
#13936 = ORIENTED_EDGE('',*,*,#13887,.T.);
#13937 = ADVANCED_FACE('',(#13938),#13875,.T.);
#13938 = FACE_BOUND('',#13939,.T.);
#13939 = EDGE_LOOP('',(#13940));
#13940 = ORIENTED_EDGE('',*,*,#13853,.T.);
#13941 = ADVANCED_FACE('',(#13942),#13925,.F.);
#13942 = FACE_BOUND('',#13943,.T.);
#13943 = EDGE_LOOP('',(#13944));
#13944 = ORIENTED_EDGE('',*,*,#13910,.F.);
#13945 = MANIFOLD_SOLID_BREP('',#13946);
#13946 = CLOSED_SHELL('',(#13947,#14035,#14039));
#13947 = ADVANCED_FACE('',(#13948),#13961,.T.);
#13948 = FACE_BOUND('',#13949,.T.);
#13949 = EDGE_LOOP('',(#13950,#13984,#14007,#14034));
#13950 = ORIENTED_EDGE('',*,*,#13951,.F.);
#13951 = EDGE_CURVE('',#13952,#13952,#13954,.T.);
#13952 = VERTEX_POINT('',#13953);
#13953 = CARTESIAN_POINT('',(-68.44562108553,-46.5,26.370197962726));
#13954 = SURFACE_CURVE('',#13955,(#13960,#13972),.PCURVE_S1.);
#13955 = CIRCLE('',#13956,14.);
#13956 = AXIS2_PLACEMENT_3D('',#13957,#13958,#13959);
#13957 = CARTESIAN_POINT('',(-68.44562108553,-46.5,12.370197962726));
#13958 = DIRECTION('',(0.,1.,0.));
#13959 = DIRECTION('',(0.,0.,1.));
#13960 = PCURVE('',#13961,#13966);
#13961 = CYLINDRICAL_SURFACE('',#13962,14.);
#13962 = AXIS2_PLACEMENT_3D('',#13963,#13964,#13965);
#13963 = CARTESIAN_POINT('',(-68.44562108553,-49.5,12.370197962726));
#13964 = DIRECTION('',(0.,1.,0.));
#13965 = DIRECTION('',(0.,0.,1.));
#13966 = DEFINITIONAL_REPRESENTATION('',(#13967),#13971);
#13967 = LINE('',#13968,#13969);
#13968 = CARTESIAN_POINT('',(0.,3.));
#13969 = VECTOR('',#13970,1.);
#13970 = DIRECTION('',(1.,0.));
#13971 = ( GEOMETRIC_REPRESENTATION_CONTEXT(2) 
PARAMETRIC_REPRESENTATION_CONTEXT() REPRESENTATION_CONTEXT('2D SPACE',''
  ) );
#13972 = PCURVE('',#13973,#13978);
#13973 = PLANE('',#13974);
#13974 = AXIS2_PLACEMENT_3D('',#13975,#13976,#13977);
#13975 = CARTESIAN_POINT('',(-68.44562108553,-46.5,12.370197962726));
#13976 = DIRECTION('',(0.,1.,0.));
#13977 = DIRECTION('',(0.,0.,1.));
#13978 = DEFINITIONAL_REPRESENTATION('',(#13979),#13983);
#13979 = CIRCLE('',#13980,14.);
#13980 = AXIS2_PLACEMENT_2D('',#13981,#13982);
#13981 = CARTESIAN_POINT('',(0.,0.));
#13982 = DIRECTION('',(1.,0.));
#13983 = ( GEOMETRIC_REPRESENTATION_CONTEXT(2) 
PARAMETRIC_REPRESENTATION_CONTEXT() REPRESENTATION_CONTEXT('2D SPACE',''
  ) );
#13984 = ORIENTED_EDGE('',*,*,#13985,.F.);
#13985 = EDGE_CURVE('',#13986,#13952,#13988,.T.);
#13986 = VERTEX_POINT('',#13987);
#13987 = CARTESIAN_POINT('',(-68.44562108553,-49.5,26.370197962726));
#13988 = SEAM_CURVE('',#13989,(#13993,#14000),.PCURVE_S1.);
#13989 = LINE('',#13990,#13991);
#13990 = CARTESIAN_POINT('',(-68.44562108553,-49.5,26.370197962726));
#13991 = VECTOR('',#13992,1.);
#13992 = DIRECTION('',(0.,1.,0.));
#13993 = PCURVE('',#13961,#13994);
#13994 = DEFINITIONAL_REPRESENTATION('',(#13995),#13999);
#13995 = LINE('',#13996,#13997);
#13996 = CARTESIAN_POINT('',(6.28318530718,-0.));
#13997 = VECTOR('',#13998,1.);
#13998 = DIRECTION('',(0.,1.));
#13999 = ( GEOMETRIC_REPRESENTATION_CONTEXT(2) 
PARAMETRIC_REPRESENTATION_CONTEXT() REPRESENTATION_CONTEXT('2D SPACE',''
  ) );
#14000 = PCURVE('',#13961,#14001);
#14001 = DEFINITIONAL_REPRESENTATION('',(#14002),#14006);
#14002 = LINE('',#14003,#14004);
#14003 = CARTESIAN_POINT('',(0.,-0.));
#14004 = VECTOR('',#14005,1.);
#14005 = DIRECTION('',(0.,1.));
#14006 = ( GEOMETRIC_REPRESENTATION_CONTEXT(2) 
PARAMETRIC_REPRESENTATION_CONTEXT() REPRESENTATION_CONTEXT('2D SPACE',''
  ) );
#14007 = ORIENTED_EDGE('',*,*,#14008,.T.);
#14008 = EDGE_CURVE('',#13986,#13986,#14009,.T.);
#14009 = SURFACE_CURVE('',#14010,(#14015,#14022),.PCURVE_S1.);
#14010 = CIRCLE('',#14011,14.);
#14011 = AXIS2_PLACEMENT_3D('',#14012,#14013,#14014);
#14012 = CARTESIAN_POINT('',(-68.44562108553,-49.5,12.370197962726));
#14013 = DIRECTION('',(0.,1.,0.));
#14014 = DIRECTION('',(0.,0.,1.));
#14015 = PCURVE('',#13961,#14016);
#14016 = DEFINITIONAL_REPRESENTATION('',(#14017),#14021);
#14017 = LINE('',#14018,#14019);
#14018 = CARTESIAN_POINT('',(0.,0.));
#14019 = VECTOR('',#14020,1.);
#14020 = DIRECTION('',(1.,0.));
#14021 = ( GEOMETRIC_REPRESENTATION_CONTEXT(2) 
PARAMETRIC_REPRESENTATION_CONTEXT() REPRESENTATION_CONTEXT('2D SPACE',''
  ) );
#14022 = PCURVE('',#14023,#14028);
#14023 = PLANE('',#14024);
#14024 = AXIS2_PLACEMENT_3D('',#14025,#14026,#14027);
#14025 = CARTESIAN_POINT('',(-68.44562108553,-49.5,12.370197962726));
#14026 = DIRECTION('',(0.,1.,0.));
#14027 = DIRECTION('',(0.,0.,1.));
#14028 = DEFINITIONAL_REPRESENTATION('',(#14029),#14033);
#14029 = CIRCLE('',#14030,14.);
#14030 = AXIS2_PLACEMENT_2D('',#14031,#14032);
#14031 = CARTESIAN_POINT('',(0.,0.));
#14032 = DIRECTION('',(1.,0.));
#14033 = ( GEOMETRIC_REPRESENTATION_CONTEXT(2) 
PARAMETRIC_REPRESENTATION_CONTEXT() REPRESENTATION_CONTEXT('2D SPACE',''
  ) );
#14034 = ORIENTED_EDGE('',*,*,#13985,.T.);
#14035 = ADVANCED_FACE('',(#14036),#13973,.T.);
#14036 = FACE_BOUND('',#14037,.T.);
#14037 = EDGE_LOOP('',(#14038));
#14038 = ORIENTED_EDGE('',*,*,#13951,.T.);
#14039 = ADVANCED_FACE('',(#14040),#14023,.F.);
#14040 = FACE_BOUND('',#14041,.T.);
#14041 = EDGE_LOOP('',(#14042));
#14042 = ORIENTED_EDGE('',*,*,#14008,.F.);
#14043 = MANIFOLD_SOLID_BREP('',#14044);
#14044 = CLOSED_SHELL('',(#14045,#14133,#14137));
#14045 = ADVANCED_FACE('',(#14046),#14059,.T.);
#14046 = FACE_BOUND('',#14047,.T.);
#14047 = EDGE_LOOP('',(#14048,#14082,#14105,#14132));
#14048 = ORIENTED_EDGE('',*,*,#14049,.F.);
#14049 = EDGE_CURVE('',#14050,#14050,#14052,.T.);
#14050 = VERTEX_POINT('',#14051);
#14051 = CARTESIAN_POINT('',(75.,2.,230.));
#14052 = SURFACE_CURVE('',#14053,(#14058,#14070),.PCURVE_S1.);
#14053 = CIRCLE('',#14054,30.);
#14054 = AXIS2_PLACEMENT_3D('',#14055,#14056,#14057);
#14055 = CARTESIAN_POINT('',(75.,2.,200.));
#14056 = DIRECTION('',(0.,1.,0.));
#14057 = DIRECTION('',(0.,0.,1.));
#14058 = PCURVE('',#14059,#14064);
#14059 = CYLINDRICAL_SURFACE('',#14060,30.);
#14060 = AXIS2_PLACEMENT_3D('',#14061,#14062,#14063);
#14061 = CARTESIAN_POINT('',(75.,-2.,200.));
#14062 = DIRECTION('',(0.,1.,0.));
#14063 = DIRECTION('',(0.,0.,1.));
#14064 = DEFINITIONAL_REPRESENTATION('',(#14065),#14069);
#14065 = LINE('',#14066,#14067);
#14066 = CARTESIAN_POINT('',(0.,4.));
#14067 = VECTOR('',#14068,1.);
#14068 = DIRECTION('',(1.,0.));
#14069 = ( GEOMETRIC_REPRESENTATION_CONTEXT(2) 
PARAMETRIC_REPRESENTATION_CONTEXT() REPRESENTATION_CONTEXT('2D SPACE',''
  ) );
#14070 = PCURVE('',#14071,#14076);
#14071 = PLANE('',#14072);
#14072 = AXIS2_PLACEMENT_3D('',#14073,#14074,#14075);
#14073 = CARTESIAN_POINT('',(75.,2.,200.));
#14074 = DIRECTION('',(0.,1.,0.));
#14075 = DIRECTION('',(0.,0.,1.));
#14076 = DEFINITIONAL_REPRESENTATION('',(#14077),#14081);
#14077 = CIRCLE('',#14078,30.);
#14078 = AXIS2_PLACEMENT_2D('',#14079,#14080);
#14079 = CARTESIAN_POINT('',(0.,0.));
#14080 = DIRECTION('',(1.,0.));
#14081 = ( GEOMETRIC_REPRESENTATION_CONTEXT(2) 
PARAMETRIC_REPRESENTATION_CONTEXT() REPRESENTATION_CONTEXT('2D SPACE',''
  ) );
#14082 = ORIENTED_EDGE('',*,*,#14083,.F.);
#14083 = EDGE_CURVE('',#14084,#14050,#14086,.T.);
#14084 = VERTEX_POINT('',#14085);
#14085 = CARTESIAN_POINT('',(75.,-2.,230.));
#14086 = SEAM_CURVE('',#14087,(#14091,#14098),.PCURVE_S1.);
#14087 = LINE('',#14088,#14089);
#14088 = CARTESIAN_POINT('',(75.,-2.,230.));
#14089 = VECTOR('',#14090,1.);
#14090 = DIRECTION('',(0.,1.,0.));
#14091 = PCURVE('',#14059,#14092);
#14092 = DEFINITIONAL_REPRESENTATION('',(#14093),#14097);
#14093 = LINE('',#14094,#14095);
#14094 = CARTESIAN_POINT('',(6.28318530718,-0.));
#14095 = VECTOR('',#14096,1.);
#14096 = DIRECTION('',(0.,1.));
#14097 = ( GEOMETRIC_REPRESENTATION_CONTEXT(2) 
PARAMETRIC_REPRESENTATION_CONTEXT() REPRESENTATION_CONTEXT('2D SPACE',''
  ) );
#14098 = PCURVE('',#14059,#14099);
#14099 = DEFINITIONAL_REPRESENTATION('',(#14100),#14104);
#14100 = LINE('',#14101,#14102);
#14101 = CARTESIAN_POINT('',(0.,-0.));
#14102 = VECTOR('',#14103,1.);
#14103 = DIRECTION('',(0.,1.));
#14104 = ( GEOMETRIC_REPRESENTATION_CONTEXT(2) 
PARAMETRIC_REPRESENTATION_CONTEXT() REPRESENTATION_CONTEXT('2D SPACE',''
  ) );
#14105 = ORIENTED_EDGE('',*,*,#14106,.T.);
#14106 = EDGE_CURVE('',#14084,#14084,#14107,.T.);
#14107 = SURFACE_CURVE('',#14108,(#14113,#14120),.PCURVE_S1.);
#14108 = CIRCLE('',#14109,30.);
#14109 = AXIS2_PLACEMENT_3D('',#14110,#14111,#14112);
#14110 = CARTESIAN_POINT('',(75.,-2.,200.));
#14111 = DIRECTION('',(0.,1.,0.));
#14112 = DIRECTION('',(0.,0.,1.));
#14113 = PCURVE('',#14059,#14114);
#14114 = DEFINITIONAL_REPRESENTATION('',(#14115),#14119);
#14115 = LINE('',#14116,#14117);
#14116 = CARTESIAN_POINT('',(0.,0.));
#14117 = VECTOR('',#14118,1.);
#14118 = DIRECTION('',(1.,0.));
#14119 = ( GEOMETRIC_REPRESENTATION_CONTEXT(2) 
PARAMETRIC_REPRESENTATION_CONTEXT() REPRESENTATION_CONTEXT('2D SPACE',''
  ) );
#14120 = PCURVE('',#14121,#14126);
#14121 = PLANE('',#14122);
#14122 = AXIS2_PLACEMENT_3D('',#14123,#14124,#14125);
#14123 = CARTESIAN_POINT('',(75.,-2.,200.));
#14124 = DIRECTION('',(0.,1.,0.));
#14125 = DIRECTION('',(0.,0.,1.));
#14126 = DEFINITIONAL_REPRESENTATION('',(#14127),#14131);
#14127 = CIRCLE('',#14128,30.);
#14128 = AXIS2_PLACEMENT_2D('',#14129,#14130);
#14129 = CARTESIAN_POINT('',(0.,0.));
#14130 = DIRECTION('',(1.,0.));
#14131 = ( GEOMETRIC_REPRESENTATION_CONTEXT(2) 
PARAMETRIC_REPRESENTATION_CONTEXT() REPRESENTATION_CONTEXT('2D SPACE',''
  ) );
#14132 = ORIENTED_EDGE('',*,*,#14083,.T.);
#14133 = ADVANCED_FACE('',(#14134),#14071,.T.);
#14134 = FACE_BOUND('',#14135,.T.);
#14135 = EDGE_LOOP('',(#14136));
#14136 = ORIENTED_EDGE('',*,*,#14049,.T.);
#14137 = ADVANCED_FACE('',(#14138),#14121,.F.);
#14138 = FACE_BOUND('',#14139,.T.);
#14139 = EDGE_LOOP('',(#14140));
#14140 = ORIENTED_EDGE('',*,*,#14106,.F.);
#14141 = MANIFOLD_SOLID_BREP('',#14142);
#14142 = CLOSED_SHELL('',(#14143,#14231,#14235));
#14143 = ADVANCED_FACE('',(#14144),#14157,.T.);
#14144 = FACE_BOUND('',#14145,.T.);
#14145 = EDGE_LOOP('',(#14146,#14180,#14203,#14230));
#14146 = ORIENTED_EDGE('',*,*,#14147,.F.);
#14147 = EDGE_CURVE('',#14148,#14148,#14150,.T.);
#14148 = VERTEX_POINT('',#14149);
#14149 = CARTESIAN_POINT('',(140.,2.,230.));
#14150 = SURFACE_CURVE('',#14151,(#14156,#14168),.PCURVE_S1.);
#14151 = CIRCLE('',#14152,30.);
#14152 = AXIS2_PLACEMENT_3D('',#14153,#14154,#14155);
#14153 = CARTESIAN_POINT('',(140.,2.,200.));
#14154 = DIRECTION('',(0.,1.,0.));
#14155 = DIRECTION('',(0.,0.,1.));
#14156 = PCURVE('',#14157,#14162);
#14157 = CYLINDRICAL_SURFACE('',#14158,30.);
#14158 = AXIS2_PLACEMENT_3D('',#14159,#14160,#14161);
#14159 = CARTESIAN_POINT('',(140.,-2.,200.));
#14160 = DIRECTION('',(0.,1.,0.));
#14161 = DIRECTION('',(0.,0.,1.));
#14162 = DEFINITIONAL_REPRESENTATION('',(#14163),#14167);
#14163 = LINE('',#14164,#14165);
#14164 = CARTESIAN_POINT('',(0.,4.));
#14165 = VECTOR('',#14166,1.);
#14166 = DIRECTION('',(1.,0.));
#14167 = ( GEOMETRIC_REPRESENTATION_CONTEXT(2) 
PARAMETRIC_REPRESENTATION_CONTEXT() REPRESENTATION_CONTEXT('2D SPACE',''
  ) );
#14168 = PCURVE('',#14169,#14174);
#14169 = PLANE('',#14170);
#14170 = AXIS2_PLACEMENT_3D('',#14171,#14172,#14173);
#14171 = CARTESIAN_POINT('',(140.,2.,200.));
#14172 = DIRECTION('',(0.,1.,0.));
#14173 = DIRECTION('',(0.,0.,1.));
#14174 = DEFINITIONAL_REPRESENTATION('',(#14175),#14179);
#14175 = CIRCLE('',#14176,30.);
#14176 = AXIS2_PLACEMENT_2D('',#14177,#14178);
#14177 = CARTESIAN_POINT('',(0.,0.));
#14178 = DIRECTION('',(1.,0.));
#14179 = ( GEOMETRIC_REPRESENTATION_CONTEXT(2) 
PARAMETRIC_REPRESENTATION_CONTEXT() REPRESENTATION_CONTEXT('2D SPACE',''
  ) );
#14180 = ORIENTED_EDGE('',*,*,#14181,.F.);
#14181 = EDGE_CURVE('',#14182,#14148,#14184,.T.);
#14182 = VERTEX_POINT('',#14183);
#14183 = CARTESIAN_POINT('',(140.,-2.,230.));
#14184 = SEAM_CURVE('',#14185,(#14189,#14196),.PCURVE_S1.);
#14185 = LINE('',#14186,#14187);
#14186 = CARTESIAN_POINT('',(140.,-2.,230.));
#14187 = VECTOR('',#14188,1.);
#14188 = DIRECTION('',(0.,1.,0.));
#14189 = PCURVE('',#14157,#14190);
#14190 = DEFINITIONAL_REPRESENTATION('',(#14191),#14195);
#14191 = LINE('',#14192,#14193);
#14192 = CARTESIAN_POINT('',(6.28318530718,-0.));
#14193 = VECTOR('',#14194,1.);
#14194 = DIRECTION('',(0.,1.));
#14195 = ( GEOMETRIC_REPRESENTATION_CONTEXT(2) 
PARAMETRIC_REPRESENTATION_CONTEXT() REPRESENTATION_CONTEXT('2D SPACE',''
  ) );
#14196 = PCURVE('',#14157,#14197);
#14197 = DEFINITIONAL_REPRESENTATION('',(#14198),#14202);
#14198 = LINE('',#14199,#14200);
#14199 = CARTESIAN_POINT('',(0.,-0.));
#14200 = VECTOR('',#14201,1.);
#14201 = DIRECTION('',(0.,1.));
#14202 = ( GEOMETRIC_REPRESENTATION_CONTEXT(2) 
PARAMETRIC_REPRESENTATION_CONTEXT() REPRESENTATION_CONTEXT('2D SPACE',''
  ) );
#14203 = ORIENTED_EDGE('',*,*,#14204,.T.);
#14204 = EDGE_CURVE('',#14182,#14182,#14205,.T.);
#14205 = SURFACE_CURVE('',#14206,(#14211,#14218),.PCURVE_S1.);
#14206 = CIRCLE('',#14207,30.);
#14207 = AXIS2_PLACEMENT_3D('',#14208,#14209,#14210);
#14208 = CARTESIAN_POINT('',(140.,-2.,200.));
#14209 = DIRECTION('',(0.,1.,0.));
#14210 = DIRECTION('',(0.,0.,1.));
#14211 = PCURVE('',#14157,#14212);
#14212 = DEFINITIONAL_REPRESENTATION('',(#14213),#14217);
#14213 = LINE('',#14214,#14215);
#14214 = CARTESIAN_POINT('',(0.,0.));
#14215 = VECTOR('',#14216,1.);
#14216 = DIRECTION('',(1.,0.));
#14217 = ( GEOMETRIC_REPRESENTATION_CONTEXT(2) 
PARAMETRIC_REPRESENTATION_CONTEXT() REPRESENTATION_CONTEXT('2D SPACE',''
  ) );
#14218 = PCURVE('',#14219,#14224);
#14219 = PLANE('',#14220);
#14220 = AXIS2_PLACEMENT_3D('',#14221,#14222,#14223);
#14221 = CARTESIAN_POINT('',(140.,-2.,200.));
#14222 = DIRECTION('',(0.,1.,0.));
#14223 = DIRECTION('',(0.,0.,1.));
#14224 = DEFINITIONAL_REPRESENTATION('',(#14225),#14229);
#14225 = CIRCLE('',#14226,30.);
#14226 = AXIS2_PLACEMENT_2D('',#14227,#14228);
#14227 = CARTESIAN_POINT('',(0.,0.));
#14228 = DIRECTION('',(1.,0.));
#14229 = ( GEOMETRIC_REPRESENTATION_CONTEXT(2) 
PARAMETRIC_REPRESENTATION_CONTEXT() REPRESENTATION_CONTEXT('2D SPACE',''
  ) );
#14230 = ORIENTED_EDGE('',*,*,#14181,.T.);
#14231 = ADVANCED_FACE('',(#14232),#14169,.T.);
#14232 = FACE_BOUND('',#14233,.T.);
#14233 = EDGE_LOOP('',(#14234));
#14234 = ORIENTED_EDGE('',*,*,#14147,.T.);
#14235 = ADVANCED_FACE('',(#14236),#14219,.F.);
#14236 = FACE_BOUND('',#14237,.T.);
#14237 = EDGE_LOOP('',(#14238));
#14238 = ORIENTED_EDGE('',*,*,#14204,.F.);
#14239 = MANIFOLD_SOLID_BREP('',#14240);
#14240 = CLOSED_SHELL('',(#14241,#14361,#14461,#14508,#14555,#14562));
#14241 = ADVANCED_FACE('',(#14242),#14256,.F.);
#14242 = FACE_BOUND('',#14243,.F.);
#14243 = EDGE_LOOP('',(#14244,#14279,#14307,#14335));
#14244 = ORIENTED_EDGE('',*,*,#14245,.F.);
#14245 = EDGE_CURVE('',#14246,#14248,#14250,.T.);
#14246 = VERTEX_POINT('',#14247);
#14247 = CARTESIAN_POINT('',(160.,-71.,174.5));
#14248 = VERTEX_POINT('',#14249);
#14249 = CARTESIAN_POINT('',(160.,-71.,225.5));
#14250 = SURFACE_CURVE('',#14251,(#14255,#14267),.PCURVE_S1.);
#14251 = LINE('',#14252,#14253);
#14252 = CARTESIAN_POINT('',(160.,-71.,174.5));
#14253 = VECTOR('',#14254,1.);
#14254 = DIRECTION('',(0.,0.,1.));
#14255 = PCURVE('',#14256,#14261);
#14256 = PLANE('',#14257);
#14257 = AXIS2_PLACEMENT_3D('',#14258,#14259,#14260);
#14258 = CARTESIAN_POINT('',(160.,-71.,174.5));
#14259 = DIRECTION('',(1.,0.,-0.));
#14260 = DIRECTION('',(0.,0.,1.));
#14261 = DEFINITIONAL_REPRESENTATION('',(#14262),#14266);
#14262 = LINE('',#14263,#14264);
#14263 = CARTESIAN_POINT('',(0.,0.));
#14264 = VECTOR('',#14265,1.);
#14265 = DIRECTION('',(1.,0.));
#14266 = ( GEOMETRIC_REPRESENTATION_CONTEXT(2) 
PARAMETRIC_REPRESENTATION_CONTEXT() REPRESENTATION_CONTEXT('2D SPACE',''
  ) );
#14267 = PCURVE('',#14268,#14273);
#14268 = PLANE('',#14269);
#14269 = AXIS2_PLACEMENT_3D('',#14270,#14271,#14272);
#14270 = CARTESIAN_POINT('',(160.,-71.,174.5));
#14271 = DIRECTION('',(-0.,1.,0.));
#14272 = DIRECTION('',(0.,0.,1.));
#14273 = DEFINITIONAL_REPRESENTATION('',(#14274),#14278);
#14274 = LINE('',#14275,#14276);
#14275 = CARTESIAN_POINT('',(0.,0.));
#14276 = VECTOR('',#14277,1.);
#14277 = DIRECTION('',(1.,0.));
#14278 = ( GEOMETRIC_REPRESENTATION_CONTEXT(2) 
PARAMETRIC_REPRESENTATION_CONTEXT() REPRESENTATION_CONTEXT('2D SPACE',''
  ) );
#14279 = ORIENTED_EDGE('',*,*,#14280,.T.);
#14280 = EDGE_CURVE('',#14246,#14281,#14283,.T.);
#14281 = VERTEX_POINT('',#14282);
#14282 = CARTESIAN_POINT('',(160.,71.,174.5));
#14283 = SURFACE_CURVE('',#14284,(#14288,#14295),.PCURVE_S1.);
#14284 = LINE('',#14285,#14286);
#14285 = CARTESIAN_POINT('',(160.,-71.,174.5));
#14286 = VECTOR('',#14287,1.);
#14287 = DIRECTION('',(-0.,1.,0.));
#14288 = PCURVE('',#14256,#14289);
#14289 = DEFINITIONAL_REPRESENTATION('',(#14290),#14294);
#14290 = LINE('',#14291,#14292);
#14291 = CARTESIAN_POINT('',(0.,0.));
#14292 = VECTOR('',#14293,1.);
#14293 = DIRECTION('',(0.,-1.));
#14294 = ( GEOMETRIC_REPRESENTATION_CONTEXT(2) 
PARAMETRIC_REPRESENTATION_CONTEXT() REPRESENTATION_CONTEXT('2D SPACE',''
  ) );
#14295 = PCURVE('',#14296,#14301);
#14296 = PLANE('',#14297);
#14297 = AXIS2_PLACEMENT_3D('',#14298,#14299,#14300);
#14298 = CARTESIAN_POINT('',(160.,-71.,174.5));
#14299 = DIRECTION('',(0.,0.,1.));
#14300 = DIRECTION('',(1.,0.,-0.));
#14301 = DEFINITIONAL_REPRESENTATION('',(#14302),#14306);
#14302 = LINE('',#14303,#14304);
#14303 = CARTESIAN_POINT('',(0.,0.));
#14304 = VECTOR('',#14305,1.);
#14305 = DIRECTION('',(0.,1.));
#14306 = ( GEOMETRIC_REPRESENTATION_CONTEXT(2) 
PARAMETRIC_REPRESENTATION_CONTEXT() REPRESENTATION_CONTEXT('2D SPACE',''
  ) );
#14307 = ORIENTED_EDGE('',*,*,#14308,.T.);
#14308 = EDGE_CURVE('',#14281,#14309,#14311,.T.);
#14309 = VERTEX_POINT('',#14310);
#14310 = CARTESIAN_POINT('',(160.,71.,225.5));
#14311 = SURFACE_CURVE('',#14312,(#14316,#14323),.PCURVE_S1.);
#14312 = LINE('',#14313,#14314);
#14313 = CARTESIAN_POINT('',(160.,71.,174.5));
#14314 = VECTOR('',#14315,1.);
#14315 = DIRECTION('',(0.,0.,1.));
#14316 = PCURVE('',#14256,#14317);
#14317 = DEFINITIONAL_REPRESENTATION('',(#14318),#14322);
#14318 = LINE('',#14319,#14320);
#14319 = CARTESIAN_POINT('',(0.,-142.));
#14320 = VECTOR('',#14321,1.);
#14321 = DIRECTION('',(1.,0.));
#14322 = ( GEOMETRIC_REPRESENTATION_CONTEXT(2) 
PARAMETRIC_REPRESENTATION_CONTEXT() REPRESENTATION_CONTEXT('2D SPACE',''
  ) );
#14323 = PCURVE('',#14324,#14329);
#14324 = PLANE('',#14325);
#14325 = AXIS2_PLACEMENT_3D('',#14326,#14327,#14328);
#14326 = CARTESIAN_POINT('',(160.,71.,174.5));
#14327 = DIRECTION('',(-0.,1.,0.));
#14328 = DIRECTION('',(0.,0.,1.));
#14329 = DEFINITIONAL_REPRESENTATION('',(#14330),#14334);
#14330 = LINE('',#14331,#14332);
#14331 = CARTESIAN_POINT('',(0.,0.));
#14332 = VECTOR('',#14333,1.);
#14333 = DIRECTION('',(1.,0.));
#14334 = ( GEOMETRIC_REPRESENTATION_CONTEXT(2) 
PARAMETRIC_REPRESENTATION_CONTEXT() REPRESENTATION_CONTEXT('2D SPACE',''
  ) );
#14335 = ORIENTED_EDGE('',*,*,#14336,.F.);
#14336 = EDGE_CURVE('',#14248,#14309,#14337,.T.);
#14337 = SURFACE_CURVE('',#14338,(#14342,#14349),.PCURVE_S1.);
#14338 = LINE('',#14339,#14340);
#14339 = CARTESIAN_POINT('',(160.,-71.,225.5));
#14340 = VECTOR('',#14341,1.);
#14341 = DIRECTION('',(-0.,1.,0.));
#14342 = PCURVE('',#14256,#14343);
#14343 = DEFINITIONAL_REPRESENTATION('',(#14344),#14348);
#14344 = LINE('',#14345,#14346);
#14345 = CARTESIAN_POINT('',(51.,0.));
#14346 = VECTOR('',#14347,1.);
#14347 = DIRECTION('',(0.,-1.));
#14348 = ( GEOMETRIC_REPRESENTATION_CONTEXT(2) 
PARAMETRIC_REPRESENTATION_CONTEXT() REPRESENTATION_CONTEXT('2D SPACE',''
  ) );
#14349 = PCURVE('',#14350,#14355);
#14350 = PLANE('',#14351);
#14351 = AXIS2_PLACEMENT_3D('',#14352,#14353,#14354);
#14352 = CARTESIAN_POINT('',(160.,-71.,225.5));
#14353 = DIRECTION('',(0.,0.,1.));
#14354 = DIRECTION('',(1.,0.,-0.));
#14355 = DEFINITIONAL_REPRESENTATION('',(#14356),#14360);
#14356 = LINE('',#14357,#14358);
#14357 = CARTESIAN_POINT('',(0.,0.));
#14358 = VECTOR('',#14359,1.);
#14359 = DIRECTION('',(0.,1.));
#14360 = ( GEOMETRIC_REPRESENTATION_CONTEXT(2) 
PARAMETRIC_REPRESENTATION_CONTEXT() REPRESENTATION_CONTEXT('2D SPACE',''
  ) );
#14361 = ADVANCED_FACE('',(#14362),#14376,.T.);
#14362 = FACE_BOUND('',#14363,.T.);
#14363 = EDGE_LOOP('',(#14364,#14394,#14417,#14440));
#14364 = ORIENTED_EDGE('',*,*,#14365,.F.);
#14365 = EDGE_CURVE('',#14366,#14368,#14370,.T.);
#14366 = VERTEX_POINT('',#14367);
#14367 = CARTESIAN_POINT('',(230.,-71.,174.5));
#14368 = VERTEX_POINT('',#14369);
#14369 = CARTESIAN_POINT('',(230.,-71.,225.5));
#14370 = SURFACE_CURVE('',#14371,(#14375,#14387),.PCURVE_S1.);
#14371 = LINE('',#14372,#14373);
#14372 = CARTESIAN_POINT('',(230.,-71.,174.5));
#14373 = VECTOR('',#14374,1.);
#14374 = DIRECTION('',(0.,0.,1.));
#14375 = PCURVE('',#14376,#14381);
#14376 = PLANE('',#14377);
#14377 = AXIS2_PLACEMENT_3D('',#14378,#14379,#14380);
#14378 = CARTESIAN_POINT('',(230.,-71.,174.5));
#14379 = DIRECTION('',(1.,0.,-0.));
#14380 = DIRECTION('',(0.,0.,1.));
#14381 = DEFINITIONAL_REPRESENTATION('',(#14382),#14386);
#14382 = LINE('',#14383,#14384);
#14383 = CARTESIAN_POINT('',(0.,0.));
#14384 = VECTOR('',#14385,1.);
#14385 = DIRECTION('',(1.,0.));
#14386 = ( GEOMETRIC_REPRESENTATION_CONTEXT(2) 
PARAMETRIC_REPRESENTATION_CONTEXT() REPRESENTATION_CONTEXT('2D SPACE',''
  ) );
#14387 = PCURVE('',#14268,#14388);
#14388 = DEFINITIONAL_REPRESENTATION('',(#14389),#14393);
#14389 = LINE('',#14390,#14391);
#14390 = CARTESIAN_POINT('',(0.,70.));
#14391 = VECTOR('',#14392,1.);
#14392 = DIRECTION('',(1.,0.));
#14393 = ( GEOMETRIC_REPRESENTATION_CONTEXT(2) 
PARAMETRIC_REPRESENTATION_CONTEXT() REPRESENTATION_CONTEXT('2D SPACE',''
  ) );
#14394 = ORIENTED_EDGE('',*,*,#14395,.T.);
#14395 = EDGE_CURVE('',#14366,#14396,#14398,.T.);
#14396 = VERTEX_POINT('',#14397);
#14397 = CARTESIAN_POINT('',(230.,71.,174.5));
#14398 = SURFACE_CURVE('',#14399,(#14403,#14410),.PCURVE_S1.);
#14399 = LINE('',#14400,#14401);
#14400 = CARTESIAN_POINT('',(230.,-71.,174.5));
#14401 = VECTOR('',#14402,1.);
#14402 = DIRECTION('',(-0.,1.,0.));
#14403 = PCURVE('',#14376,#14404);
#14404 = DEFINITIONAL_REPRESENTATION('',(#14405),#14409);
#14405 = LINE('',#14406,#14407);
#14406 = CARTESIAN_POINT('',(0.,0.));
#14407 = VECTOR('',#14408,1.);
#14408 = DIRECTION('',(0.,-1.));
#14409 = ( GEOMETRIC_REPRESENTATION_CONTEXT(2) 
PARAMETRIC_REPRESENTATION_CONTEXT() REPRESENTATION_CONTEXT('2D SPACE',''
  ) );
#14410 = PCURVE('',#14296,#14411);
#14411 = DEFINITIONAL_REPRESENTATION('',(#14412),#14416);
#14412 = LINE('',#14413,#14414);
#14413 = CARTESIAN_POINT('',(70.,0.));
#14414 = VECTOR('',#14415,1.);
#14415 = DIRECTION('',(0.,1.));
#14416 = ( GEOMETRIC_REPRESENTATION_CONTEXT(2) 
PARAMETRIC_REPRESENTATION_CONTEXT() REPRESENTATION_CONTEXT('2D SPACE',''
  ) );
#14417 = ORIENTED_EDGE('',*,*,#14418,.T.);
#14418 = EDGE_CURVE('',#14396,#14419,#14421,.T.);
#14419 = VERTEX_POINT('',#14420);
#14420 = CARTESIAN_POINT('',(230.,71.,225.5));
#14421 = SURFACE_CURVE('',#14422,(#14426,#14433),.PCURVE_S1.);
#14422 = LINE('',#14423,#14424);
#14423 = CARTESIAN_POINT('',(230.,71.,174.5));
#14424 = VECTOR('',#14425,1.);
#14425 = DIRECTION('',(0.,0.,1.));
#14426 = PCURVE('',#14376,#14427);
#14427 = DEFINITIONAL_REPRESENTATION('',(#14428),#14432);
#14428 = LINE('',#14429,#14430);
#14429 = CARTESIAN_POINT('',(0.,-142.));
#14430 = VECTOR('',#14431,1.);
#14431 = DIRECTION('',(1.,0.));
#14432 = ( GEOMETRIC_REPRESENTATION_CONTEXT(2) 
PARAMETRIC_REPRESENTATION_CONTEXT() REPRESENTATION_CONTEXT('2D SPACE',''
  ) );
#14433 = PCURVE('',#14324,#14434);
#14434 = DEFINITIONAL_REPRESENTATION('',(#14435),#14439);
#14435 = LINE('',#14436,#14437);
#14436 = CARTESIAN_POINT('',(0.,70.));
#14437 = VECTOR('',#14438,1.);
#14438 = DIRECTION('',(1.,0.));
#14439 = ( GEOMETRIC_REPRESENTATION_CONTEXT(2) 
PARAMETRIC_REPRESENTATION_CONTEXT() REPRESENTATION_CONTEXT('2D SPACE',''
  ) );
#14440 = ORIENTED_EDGE('',*,*,#14441,.F.);
#14441 = EDGE_CURVE('',#14368,#14419,#14442,.T.);
#14442 = SURFACE_CURVE('',#14443,(#14447,#14454),.PCURVE_S1.);
#14443 = LINE('',#14444,#14445);
#14444 = CARTESIAN_POINT('',(230.,-71.,225.5));
#14445 = VECTOR('',#14446,1.);
#14446 = DIRECTION('',(-0.,1.,0.));
#14447 = PCURVE('',#14376,#14448);
#14448 = DEFINITIONAL_REPRESENTATION('',(#14449),#14453);
#14449 = LINE('',#14450,#14451);
#14450 = CARTESIAN_POINT('',(51.,0.));
#14451 = VECTOR('',#14452,1.);
#14452 = DIRECTION('',(0.,-1.));
#14453 = ( GEOMETRIC_REPRESENTATION_CONTEXT(2) 
PARAMETRIC_REPRESENTATION_CONTEXT() REPRESENTATION_CONTEXT('2D SPACE',''
  ) );
#14454 = PCURVE('',#14350,#14455);
#14455 = DEFINITIONAL_REPRESENTATION('',(#14456),#14460);
#14456 = LINE('',#14457,#14458);
#14457 = CARTESIAN_POINT('',(70.,0.));
#14458 = VECTOR('',#14459,1.);
#14459 = DIRECTION('',(0.,1.));
#14460 = ( GEOMETRIC_REPRESENTATION_CONTEXT(2) 
PARAMETRIC_REPRESENTATION_CONTEXT() REPRESENTATION_CONTEXT('2D SPACE',''
  ) );
#14461 = ADVANCED_FACE('',(#14462),#14268,.F.);
#14462 = FACE_BOUND('',#14463,.F.);
#14463 = EDGE_LOOP('',(#14464,#14485,#14486,#14507));
#14464 = ORIENTED_EDGE('',*,*,#14465,.F.);
#14465 = EDGE_CURVE('',#14246,#14366,#14466,.T.);
#14466 = SURFACE_CURVE('',#14467,(#14471,#14478),.PCURVE_S1.);
#14467 = LINE('',#14468,#14469);
#14468 = CARTESIAN_POINT('',(160.,-71.,174.5));
#14469 = VECTOR('',#14470,1.);
#14470 = DIRECTION('',(1.,0.,-0.));
#14471 = PCURVE('',#14268,#14472);
#14472 = DEFINITIONAL_REPRESENTATION('',(#14473),#14477);
#14473 = LINE('',#14474,#14475);
#14474 = CARTESIAN_POINT('',(0.,0.));
#14475 = VECTOR('',#14476,1.);
#14476 = DIRECTION('',(0.,1.));
#14477 = ( GEOMETRIC_REPRESENTATION_CONTEXT(2) 
PARAMETRIC_REPRESENTATION_CONTEXT() REPRESENTATION_CONTEXT('2D SPACE',''
  ) );
#14478 = PCURVE('',#14296,#14479);
#14479 = DEFINITIONAL_REPRESENTATION('',(#14480),#14484);
#14480 = LINE('',#14481,#14482);
#14481 = CARTESIAN_POINT('',(0.,0.));
#14482 = VECTOR('',#14483,1.);
#14483 = DIRECTION('',(1.,0.));
#14484 = ( GEOMETRIC_REPRESENTATION_CONTEXT(2) 
PARAMETRIC_REPRESENTATION_CONTEXT() REPRESENTATION_CONTEXT('2D SPACE',''
  ) );
#14485 = ORIENTED_EDGE('',*,*,#14245,.T.);
#14486 = ORIENTED_EDGE('',*,*,#14487,.T.);
#14487 = EDGE_CURVE('',#14248,#14368,#14488,.T.);
#14488 = SURFACE_CURVE('',#14489,(#14493,#14500),.PCURVE_S1.);
#14489 = LINE('',#14490,#14491);
#14490 = CARTESIAN_POINT('',(160.,-71.,225.5));
#14491 = VECTOR('',#14492,1.);
#14492 = DIRECTION('',(1.,0.,-0.));
#14493 = PCURVE('',#14268,#14494);
#14494 = DEFINITIONAL_REPRESENTATION('',(#14495),#14499);
#14495 = LINE('',#14496,#14497);
#14496 = CARTESIAN_POINT('',(51.,0.));
#14497 = VECTOR('',#14498,1.);
#14498 = DIRECTION('',(0.,1.));
#14499 = ( GEOMETRIC_REPRESENTATION_CONTEXT(2) 
PARAMETRIC_REPRESENTATION_CONTEXT() REPRESENTATION_CONTEXT('2D SPACE',''
  ) );
#14500 = PCURVE('',#14350,#14501);
#14501 = DEFINITIONAL_REPRESENTATION('',(#14502),#14506);
#14502 = LINE('',#14503,#14504);
#14503 = CARTESIAN_POINT('',(0.,0.));
#14504 = VECTOR('',#14505,1.);
#14505 = DIRECTION('',(1.,0.));
#14506 = ( GEOMETRIC_REPRESENTATION_CONTEXT(2) 
PARAMETRIC_REPRESENTATION_CONTEXT() REPRESENTATION_CONTEXT('2D SPACE',''
  ) );
#14507 = ORIENTED_EDGE('',*,*,#14365,.F.);
#14508 = ADVANCED_FACE('',(#14509),#14324,.T.);
#14509 = FACE_BOUND('',#14510,.T.);
#14510 = EDGE_LOOP('',(#14511,#14532,#14533,#14554));
#14511 = ORIENTED_EDGE('',*,*,#14512,.F.);
#14512 = EDGE_CURVE('',#14281,#14396,#14513,.T.);
#14513 = SURFACE_CURVE('',#14514,(#14518,#14525),.PCURVE_S1.);
#14514 = LINE('',#14515,#14516);
#14515 = CARTESIAN_POINT('',(160.,71.,174.5));
#14516 = VECTOR('',#14517,1.);
#14517 = DIRECTION('',(1.,0.,-0.));
#14518 = PCURVE('',#14324,#14519);
#14519 = DEFINITIONAL_REPRESENTATION('',(#14520),#14524);
#14520 = LINE('',#14521,#14522);
#14521 = CARTESIAN_POINT('',(0.,0.));
#14522 = VECTOR('',#14523,1.);
#14523 = DIRECTION('',(0.,1.));
#14524 = ( GEOMETRIC_REPRESENTATION_CONTEXT(2) 
PARAMETRIC_REPRESENTATION_CONTEXT() REPRESENTATION_CONTEXT('2D SPACE',''
  ) );
#14525 = PCURVE('',#14296,#14526);
#14526 = DEFINITIONAL_REPRESENTATION('',(#14527),#14531);
#14527 = LINE('',#14528,#14529);
#14528 = CARTESIAN_POINT('',(0.,142.));
#14529 = VECTOR('',#14530,1.);
#14530 = DIRECTION('',(1.,0.));
#14531 = ( GEOMETRIC_REPRESENTATION_CONTEXT(2) 
PARAMETRIC_REPRESENTATION_CONTEXT() REPRESENTATION_CONTEXT('2D SPACE',''
  ) );
#14532 = ORIENTED_EDGE('',*,*,#14308,.T.);
#14533 = ORIENTED_EDGE('',*,*,#14534,.T.);
#14534 = EDGE_CURVE('',#14309,#14419,#14535,.T.);
#14535 = SURFACE_CURVE('',#14536,(#14540,#14547),.PCURVE_S1.);
#14536 = LINE('',#14537,#14538);
#14537 = CARTESIAN_POINT('',(160.,71.,225.5));
#14538 = VECTOR('',#14539,1.);
#14539 = DIRECTION('',(1.,0.,-0.));
#14540 = PCURVE('',#14324,#14541);
#14541 = DEFINITIONAL_REPRESENTATION('',(#14542),#14546);
#14542 = LINE('',#14543,#14544);
#14543 = CARTESIAN_POINT('',(51.,0.));
#14544 = VECTOR('',#14545,1.);
#14545 = DIRECTION('',(0.,1.));
#14546 = ( GEOMETRIC_REPRESENTATION_CONTEXT(2) 
PARAMETRIC_REPRESENTATION_CONTEXT() REPRESENTATION_CONTEXT('2D SPACE',''
  ) );
#14547 = PCURVE('',#14350,#14548);
#14548 = DEFINITIONAL_REPRESENTATION('',(#14549),#14553);
#14549 = LINE('',#14550,#14551);
#14550 = CARTESIAN_POINT('',(0.,142.));
#14551 = VECTOR('',#14552,1.);
#14552 = DIRECTION('',(1.,0.));
#14553 = ( GEOMETRIC_REPRESENTATION_CONTEXT(2) 
PARAMETRIC_REPRESENTATION_CONTEXT() REPRESENTATION_CONTEXT('2D SPACE',''
  ) );
#14554 = ORIENTED_EDGE('',*,*,#14418,.F.);
#14555 = ADVANCED_FACE('',(#14556),#14296,.F.);
#14556 = FACE_BOUND('',#14557,.F.);
#14557 = EDGE_LOOP('',(#14558,#14559,#14560,#14561));
#14558 = ORIENTED_EDGE('',*,*,#14280,.F.);
#14559 = ORIENTED_EDGE('',*,*,#14465,.T.);
#14560 = ORIENTED_EDGE('',*,*,#14395,.T.);
#14561 = ORIENTED_EDGE('',*,*,#14512,.F.);
#14562 = ADVANCED_FACE('',(#14563),#14350,.T.);
#14563 = FACE_BOUND('',#14564,.T.);
#14564 = EDGE_LOOP('',(#14565,#14566,#14567,#14568));
#14565 = ORIENTED_EDGE('',*,*,#14336,.F.);
#14566 = ORIENTED_EDGE('',*,*,#14487,.T.);
#14567 = ORIENTED_EDGE('',*,*,#14441,.T.);
#14568 = ORIENTED_EDGE('',*,*,#14534,.F.);
#14569 = MANIFOLD_SOLID_BREP('',#14570);
#14570 = CLOSED_SHELL('',(#14571,#14691,#14791,#14838,#14885,#14892));
#14571 = ADVANCED_FACE('',(#14572),#14586,.F.);
#14572 = FACE_BOUND('',#14573,.F.);
#14573 = EDGE_LOOP('',(#14574,#14609,#14637,#14665));
#14574 = ORIENTED_EDGE('',*,*,#14575,.F.);
#14575 = EDGE_CURVE('',#14576,#14578,#14580,.T.);
#14576 = VERTEX_POINT('',#14577);
#14577 = CARTESIAN_POINT('',(-35.,-71.,174.5));
#14578 = VERTEX_POINT('',#14579);
#14579 = CARTESIAN_POINT('',(-35.,-71.,265.5));
#14580 = SURFACE_CURVE('',#14581,(#14585,#14597),.PCURVE_S1.);
#14581 = LINE('',#14582,#14583);
#14582 = CARTESIAN_POINT('',(-35.,-71.,174.5));
#14583 = VECTOR('',#14584,1.);
#14584 = DIRECTION('',(0.,0.,1.));
#14585 = PCURVE('',#14586,#14591);
#14586 = PLANE('',#14587);
#14587 = AXIS2_PLACEMENT_3D('',#14588,#14589,#14590);
#14588 = CARTESIAN_POINT('',(-35.,-71.,174.5));
#14589 = DIRECTION('',(1.,0.,-0.));
#14590 = DIRECTION('',(0.,0.,1.));
#14591 = DEFINITIONAL_REPRESENTATION('',(#14592),#14596);
#14592 = LINE('',#14593,#14594);
#14593 = CARTESIAN_POINT('',(0.,0.));
#14594 = VECTOR('',#14595,1.);
#14595 = DIRECTION('',(1.,0.));
#14596 = ( GEOMETRIC_REPRESENTATION_CONTEXT(2) 
PARAMETRIC_REPRESENTATION_CONTEXT() REPRESENTATION_CONTEXT('2D SPACE',''
  ) );
#14597 = PCURVE('',#14598,#14603);
#14598 = PLANE('',#14599);
#14599 = AXIS2_PLACEMENT_3D('',#14600,#14601,#14602);
#14600 = CARTESIAN_POINT('',(-35.,-71.,174.5));
#14601 = DIRECTION('',(-0.,1.,0.));
#14602 = DIRECTION('',(0.,0.,1.));
#14603 = DEFINITIONAL_REPRESENTATION('',(#14604),#14608);
#14604 = LINE('',#14605,#14606);
#14605 = CARTESIAN_POINT('',(0.,0.));
#14606 = VECTOR('',#14607,1.);
#14607 = DIRECTION('',(1.,0.));
#14608 = ( GEOMETRIC_REPRESENTATION_CONTEXT(2) 
PARAMETRIC_REPRESENTATION_CONTEXT() REPRESENTATION_CONTEXT('2D SPACE',''
  ) );
#14609 = ORIENTED_EDGE('',*,*,#14610,.T.);
#14610 = EDGE_CURVE('',#14576,#14611,#14613,.T.);
#14611 = VERTEX_POINT('',#14612);
#14612 = CARTESIAN_POINT('',(-35.,71.,174.5));
#14613 = SURFACE_CURVE('',#14614,(#14618,#14625),.PCURVE_S1.);
#14614 = LINE('',#14615,#14616);
#14615 = CARTESIAN_POINT('',(-35.,-71.,174.5));
#14616 = VECTOR('',#14617,1.);
#14617 = DIRECTION('',(-0.,1.,0.));
#14618 = PCURVE('',#14586,#14619);
#14619 = DEFINITIONAL_REPRESENTATION('',(#14620),#14624);
#14620 = LINE('',#14621,#14622);
#14621 = CARTESIAN_POINT('',(0.,0.));
#14622 = VECTOR('',#14623,1.);
#14623 = DIRECTION('',(0.,-1.));
#14624 = ( GEOMETRIC_REPRESENTATION_CONTEXT(2) 
PARAMETRIC_REPRESENTATION_CONTEXT() REPRESENTATION_CONTEXT('2D SPACE',''
  ) );
#14625 = PCURVE('',#14626,#14631);
#14626 = PLANE('',#14627);
#14627 = AXIS2_PLACEMENT_3D('',#14628,#14629,#14630);
#14628 = CARTESIAN_POINT('',(-35.,-71.,174.5));
#14629 = DIRECTION('',(0.,0.,1.));
#14630 = DIRECTION('',(1.,0.,-0.));
#14631 = DEFINITIONAL_REPRESENTATION('',(#14632),#14636);
#14632 = LINE('',#14633,#14634);
#14633 = CARTESIAN_POINT('',(0.,0.));
#14634 = VECTOR('',#14635,1.);
#14635 = DIRECTION('',(0.,1.));
#14636 = ( GEOMETRIC_REPRESENTATION_CONTEXT(2) 
PARAMETRIC_REPRESENTATION_CONTEXT() REPRESENTATION_CONTEXT('2D SPACE',''
  ) );
#14637 = ORIENTED_EDGE('',*,*,#14638,.T.);
#14638 = EDGE_CURVE('',#14611,#14639,#14641,.T.);
#14639 = VERTEX_POINT('',#14640);
#14640 = CARTESIAN_POINT('',(-35.,71.,265.5));
#14641 = SURFACE_CURVE('',#14642,(#14646,#14653),.PCURVE_S1.);
#14642 = LINE('',#14643,#14644);
#14643 = CARTESIAN_POINT('',(-35.,71.,174.5));
#14644 = VECTOR('',#14645,1.);
#14645 = DIRECTION('',(0.,0.,1.));
#14646 = PCURVE('',#14586,#14647);
#14647 = DEFINITIONAL_REPRESENTATION('',(#14648),#14652);
#14648 = LINE('',#14649,#14650);
#14649 = CARTESIAN_POINT('',(0.,-142.));
#14650 = VECTOR('',#14651,1.);
#14651 = DIRECTION('',(1.,0.));
#14652 = ( GEOMETRIC_REPRESENTATION_CONTEXT(2) 
PARAMETRIC_REPRESENTATION_CONTEXT() REPRESENTATION_CONTEXT('2D SPACE',''
  ) );
#14653 = PCURVE('',#14654,#14659);
#14654 = PLANE('',#14655);
#14655 = AXIS2_PLACEMENT_3D('',#14656,#14657,#14658);
#14656 = CARTESIAN_POINT('',(-35.,71.,174.5));
#14657 = DIRECTION('',(-0.,1.,0.));
#14658 = DIRECTION('',(0.,0.,1.));
#14659 = DEFINITIONAL_REPRESENTATION('',(#14660),#14664);
#14660 = LINE('',#14661,#14662);
#14661 = CARTESIAN_POINT('',(0.,0.));
#14662 = VECTOR('',#14663,1.);
#14663 = DIRECTION('',(1.,0.));
#14664 = ( GEOMETRIC_REPRESENTATION_CONTEXT(2) 
PARAMETRIC_REPRESENTATION_CONTEXT() REPRESENTATION_CONTEXT('2D SPACE',''
  ) );
#14665 = ORIENTED_EDGE('',*,*,#14666,.F.);
#14666 = EDGE_CURVE('',#14578,#14639,#14667,.T.);
#14667 = SURFACE_CURVE('',#14668,(#14672,#14679),.PCURVE_S1.);
#14668 = LINE('',#14669,#14670);
#14669 = CARTESIAN_POINT('',(-35.,-71.,265.5));
#14670 = VECTOR('',#14671,1.);
#14671 = DIRECTION('',(-0.,1.,0.));
#14672 = PCURVE('',#14586,#14673);
#14673 = DEFINITIONAL_REPRESENTATION('',(#14674),#14678);
#14674 = LINE('',#14675,#14676);
#14675 = CARTESIAN_POINT('',(91.,0.));
#14676 = VECTOR('',#14677,1.);
#14677 = DIRECTION('',(0.,-1.));
#14678 = ( GEOMETRIC_REPRESENTATION_CONTEXT(2) 
PARAMETRIC_REPRESENTATION_CONTEXT() REPRESENTATION_CONTEXT('2D SPACE',''
  ) );
#14679 = PCURVE('',#14680,#14685);
#14680 = PLANE('',#14681);
#14681 = AXIS2_PLACEMENT_3D('',#14682,#14683,#14684);
#14682 = CARTESIAN_POINT('',(-35.,-71.,265.5));
#14683 = DIRECTION('',(0.,0.,1.));
#14684 = DIRECTION('',(1.,0.,-0.));
#14685 = DEFINITIONAL_REPRESENTATION('',(#14686),#14690);
#14686 = LINE('',#14687,#14688);
#14687 = CARTESIAN_POINT('',(0.,0.));
#14688 = VECTOR('',#14689,1.);
#14689 = DIRECTION('',(0.,1.));
#14690 = ( GEOMETRIC_REPRESENTATION_CONTEXT(2) 
PARAMETRIC_REPRESENTATION_CONTEXT() REPRESENTATION_CONTEXT('2D SPACE',''
  ) );
#14691 = ADVANCED_FACE('',(#14692),#14706,.T.);
#14692 = FACE_BOUND('',#14693,.T.);
#14693 = EDGE_LOOP('',(#14694,#14724,#14747,#14770));
#14694 = ORIENTED_EDGE('',*,*,#14695,.F.);
#14695 = EDGE_CURVE('',#14696,#14698,#14700,.T.);
#14696 = VERTEX_POINT('',#14697);
#14697 = CARTESIAN_POINT('',(35.,-71.,174.5));
#14698 = VERTEX_POINT('',#14699);
#14699 = CARTESIAN_POINT('',(35.,-71.,265.5));
#14700 = SURFACE_CURVE('',#14701,(#14705,#14717),.PCURVE_S1.);
#14701 = LINE('',#14702,#14703);
#14702 = CARTESIAN_POINT('',(35.,-71.,174.5));
#14703 = VECTOR('',#14704,1.);
#14704 = DIRECTION('',(0.,0.,1.));
#14705 = PCURVE('',#14706,#14711);
#14706 = PLANE('',#14707);
#14707 = AXIS2_PLACEMENT_3D('',#14708,#14709,#14710);
#14708 = CARTESIAN_POINT('',(35.,-71.,174.5));
#14709 = DIRECTION('',(1.,0.,-0.));
#14710 = DIRECTION('',(0.,0.,1.));
#14711 = DEFINITIONAL_REPRESENTATION('',(#14712),#14716);
#14712 = LINE('',#14713,#14714);
#14713 = CARTESIAN_POINT('',(0.,0.));
#14714 = VECTOR('',#14715,1.);
#14715 = DIRECTION('',(1.,0.));
#14716 = ( GEOMETRIC_REPRESENTATION_CONTEXT(2) 
PARAMETRIC_REPRESENTATION_CONTEXT() REPRESENTATION_CONTEXT('2D SPACE',''
  ) );
#14717 = PCURVE('',#14598,#14718);
#14718 = DEFINITIONAL_REPRESENTATION('',(#14719),#14723);
#14719 = LINE('',#14720,#14721);
#14720 = CARTESIAN_POINT('',(0.,70.));
#14721 = VECTOR('',#14722,1.);
#14722 = DIRECTION('',(1.,0.));
#14723 = ( GEOMETRIC_REPRESENTATION_CONTEXT(2) 
PARAMETRIC_REPRESENTATION_CONTEXT() REPRESENTATION_CONTEXT('2D SPACE',''
  ) );
#14724 = ORIENTED_EDGE('',*,*,#14725,.T.);
#14725 = EDGE_CURVE('',#14696,#14726,#14728,.T.);
#14726 = VERTEX_POINT('',#14727);
#14727 = CARTESIAN_POINT('',(35.,71.,174.5));
#14728 = SURFACE_CURVE('',#14729,(#14733,#14740),.PCURVE_S1.);
#14729 = LINE('',#14730,#14731);
#14730 = CARTESIAN_POINT('',(35.,-71.,174.5));
#14731 = VECTOR('',#14732,1.);
#14732 = DIRECTION('',(-0.,1.,0.));
#14733 = PCURVE('',#14706,#14734);
#14734 = DEFINITIONAL_REPRESENTATION('',(#14735),#14739);
#14735 = LINE('',#14736,#14737);
#14736 = CARTESIAN_POINT('',(0.,0.));
#14737 = VECTOR('',#14738,1.);
#14738 = DIRECTION('',(0.,-1.));
#14739 = ( GEOMETRIC_REPRESENTATION_CONTEXT(2) 
PARAMETRIC_REPRESENTATION_CONTEXT() REPRESENTATION_CONTEXT('2D SPACE',''
  ) );
#14740 = PCURVE('',#14626,#14741);
#14741 = DEFINITIONAL_REPRESENTATION('',(#14742),#14746);
#14742 = LINE('',#14743,#14744);
#14743 = CARTESIAN_POINT('',(70.,0.));
#14744 = VECTOR('',#14745,1.);
#14745 = DIRECTION('',(0.,1.));
#14746 = ( GEOMETRIC_REPRESENTATION_CONTEXT(2) 
PARAMETRIC_REPRESENTATION_CONTEXT() REPRESENTATION_CONTEXT('2D SPACE',''
  ) );
#14747 = ORIENTED_EDGE('',*,*,#14748,.T.);
#14748 = EDGE_CURVE('',#14726,#14749,#14751,.T.);
#14749 = VERTEX_POINT('',#14750);
#14750 = CARTESIAN_POINT('',(35.,71.,265.5));
#14751 = SURFACE_CURVE('',#14752,(#14756,#14763),.PCURVE_S1.);
#14752 = LINE('',#14753,#14754);
#14753 = CARTESIAN_POINT('',(35.,71.,174.5));
#14754 = VECTOR('',#14755,1.);
#14755 = DIRECTION('',(0.,0.,1.));
#14756 = PCURVE('',#14706,#14757);
#14757 = DEFINITIONAL_REPRESENTATION('',(#14758),#14762);
#14758 = LINE('',#14759,#14760);
#14759 = CARTESIAN_POINT('',(0.,-142.));
#14760 = VECTOR('',#14761,1.);
#14761 = DIRECTION('',(1.,0.));
#14762 = ( GEOMETRIC_REPRESENTATION_CONTEXT(2) 
PARAMETRIC_REPRESENTATION_CONTEXT() REPRESENTATION_CONTEXT('2D SPACE',''
  ) );
#14763 = PCURVE('',#14654,#14764);
#14764 = DEFINITIONAL_REPRESENTATION('',(#14765),#14769);
#14765 = LINE('',#14766,#14767);
#14766 = CARTESIAN_POINT('',(0.,70.));
#14767 = VECTOR('',#14768,1.);
#14768 = DIRECTION('',(1.,0.));
#14769 = ( GEOMETRIC_REPRESENTATION_CONTEXT(2) 
PARAMETRIC_REPRESENTATION_CONTEXT() REPRESENTATION_CONTEXT('2D SPACE',''
  ) );
#14770 = ORIENTED_EDGE('',*,*,#14771,.F.);
#14771 = EDGE_CURVE('',#14698,#14749,#14772,.T.);
#14772 = SURFACE_CURVE('',#14773,(#14777,#14784),.PCURVE_S1.);
#14773 = LINE('',#14774,#14775);
#14774 = CARTESIAN_POINT('',(35.,-71.,265.5));
#14775 = VECTOR('',#14776,1.);
#14776 = DIRECTION('',(-0.,1.,0.));
#14777 = PCURVE('',#14706,#14778);
#14778 = DEFINITIONAL_REPRESENTATION('',(#14779),#14783);
#14779 = LINE('',#14780,#14781);
#14780 = CARTESIAN_POINT('',(91.,0.));
#14781 = VECTOR('',#14782,1.);
#14782 = DIRECTION('',(0.,-1.));
#14783 = ( GEOMETRIC_REPRESENTATION_CONTEXT(2) 
PARAMETRIC_REPRESENTATION_CONTEXT() REPRESENTATION_CONTEXT('2D SPACE',''
  ) );
#14784 = PCURVE('',#14680,#14785);
#14785 = DEFINITIONAL_REPRESENTATION('',(#14786),#14790);
#14786 = LINE('',#14787,#14788);
#14787 = CARTESIAN_POINT('',(70.,0.));
#14788 = VECTOR('',#14789,1.);
#14789 = DIRECTION('',(0.,1.));
#14790 = ( GEOMETRIC_REPRESENTATION_CONTEXT(2) 
PARAMETRIC_REPRESENTATION_CONTEXT() REPRESENTATION_CONTEXT('2D SPACE',''
  ) );
#14791 = ADVANCED_FACE('',(#14792),#14598,.F.);
#14792 = FACE_BOUND('',#14793,.F.);
#14793 = EDGE_LOOP('',(#14794,#14815,#14816,#14837));
#14794 = ORIENTED_EDGE('',*,*,#14795,.F.);
#14795 = EDGE_CURVE('',#14576,#14696,#14796,.T.);
#14796 = SURFACE_CURVE('',#14797,(#14801,#14808),.PCURVE_S1.);
#14797 = LINE('',#14798,#14799);
#14798 = CARTESIAN_POINT('',(-35.,-71.,174.5));
#14799 = VECTOR('',#14800,1.);
#14800 = DIRECTION('',(1.,0.,-0.));
#14801 = PCURVE('',#14598,#14802);
#14802 = DEFINITIONAL_REPRESENTATION('',(#14803),#14807);
#14803 = LINE('',#14804,#14805);
#14804 = CARTESIAN_POINT('',(0.,0.));
#14805 = VECTOR('',#14806,1.);
#14806 = DIRECTION('',(0.,1.));
#14807 = ( GEOMETRIC_REPRESENTATION_CONTEXT(2) 
PARAMETRIC_REPRESENTATION_CONTEXT() REPRESENTATION_CONTEXT('2D SPACE',''
  ) );
#14808 = PCURVE('',#14626,#14809);
#14809 = DEFINITIONAL_REPRESENTATION('',(#14810),#14814);
#14810 = LINE('',#14811,#14812);
#14811 = CARTESIAN_POINT('',(0.,0.));
#14812 = VECTOR('',#14813,1.);
#14813 = DIRECTION('',(1.,0.));
#14814 = ( GEOMETRIC_REPRESENTATION_CONTEXT(2) 
PARAMETRIC_REPRESENTATION_CONTEXT() REPRESENTATION_CONTEXT('2D SPACE',''
  ) );
#14815 = ORIENTED_EDGE('',*,*,#14575,.T.);
#14816 = ORIENTED_EDGE('',*,*,#14817,.T.);
#14817 = EDGE_CURVE('',#14578,#14698,#14818,.T.);
#14818 = SURFACE_CURVE('',#14819,(#14823,#14830),.PCURVE_S1.);
#14819 = LINE('',#14820,#14821);
#14820 = CARTESIAN_POINT('',(-35.,-71.,265.5));
#14821 = VECTOR('',#14822,1.);
#14822 = DIRECTION('',(1.,0.,-0.));
#14823 = PCURVE('',#14598,#14824);
#14824 = DEFINITIONAL_REPRESENTATION('',(#14825),#14829);
#14825 = LINE('',#14826,#14827);
#14826 = CARTESIAN_POINT('',(91.,0.));
#14827 = VECTOR('',#14828,1.);
#14828 = DIRECTION('',(0.,1.));
#14829 = ( GEOMETRIC_REPRESENTATION_CONTEXT(2) 
PARAMETRIC_REPRESENTATION_CONTEXT() REPRESENTATION_CONTEXT('2D SPACE',''
  ) );
#14830 = PCURVE('',#14680,#14831);
#14831 = DEFINITIONAL_REPRESENTATION('',(#14832),#14836);
#14832 = LINE('',#14833,#14834);
#14833 = CARTESIAN_POINT('',(0.,0.));
#14834 = VECTOR('',#14835,1.);
#14835 = DIRECTION('',(1.,0.));
#14836 = ( GEOMETRIC_REPRESENTATION_CONTEXT(2) 
PARAMETRIC_REPRESENTATION_CONTEXT() REPRESENTATION_CONTEXT('2D SPACE',''
  ) );
#14837 = ORIENTED_EDGE('',*,*,#14695,.F.);
#14838 = ADVANCED_FACE('',(#14839),#14654,.T.);
#14839 = FACE_BOUND('',#14840,.T.);
#14840 = EDGE_LOOP('',(#14841,#14862,#14863,#14884));
#14841 = ORIENTED_EDGE('',*,*,#14842,.F.);
#14842 = EDGE_CURVE('',#14611,#14726,#14843,.T.);
#14843 = SURFACE_CURVE('',#14844,(#14848,#14855),.PCURVE_S1.);
#14844 = LINE('',#14845,#14846);
#14845 = CARTESIAN_POINT('',(-35.,71.,174.5));
#14846 = VECTOR('',#14847,1.);
#14847 = DIRECTION('',(1.,0.,-0.));
#14848 = PCURVE('',#14654,#14849);
#14849 = DEFINITIONAL_REPRESENTATION('',(#14850),#14854);
#14850 = LINE('',#14851,#14852);
#14851 = CARTESIAN_POINT('',(0.,0.));
#14852 = VECTOR('',#14853,1.);
#14853 = DIRECTION('',(0.,1.));
#14854 = ( GEOMETRIC_REPRESENTATION_CONTEXT(2) 
PARAMETRIC_REPRESENTATION_CONTEXT() REPRESENTATION_CONTEXT('2D SPACE',''
  ) );
#14855 = PCURVE('',#14626,#14856);
#14856 = DEFINITIONAL_REPRESENTATION('',(#14857),#14861);
#14857 = LINE('',#14858,#14859);
#14858 = CARTESIAN_POINT('',(0.,142.));
#14859 = VECTOR('',#14860,1.);
#14860 = DIRECTION('',(1.,0.));
#14861 = ( GEOMETRIC_REPRESENTATION_CONTEXT(2) 
PARAMETRIC_REPRESENTATION_CONTEXT() REPRESENTATION_CONTEXT('2D SPACE',''
  ) );
#14862 = ORIENTED_EDGE('',*,*,#14638,.T.);
#14863 = ORIENTED_EDGE('',*,*,#14864,.T.);
#14864 = EDGE_CURVE('',#14639,#14749,#14865,.T.);
#14865 = SURFACE_CURVE('',#14866,(#14870,#14877),.PCURVE_S1.);
#14866 = LINE('',#14867,#14868);
#14867 = CARTESIAN_POINT('',(-35.,71.,265.5));
#14868 = VECTOR('',#14869,1.);
#14869 = DIRECTION('',(1.,0.,-0.));
#14870 = PCURVE('',#14654,#14871);
#14871 = DEFINITIONAL_REPRESENTATION('',(#14872),#14876);
#14872 = LINE('',#14873,#14874);
#14873 = CARTESIAN_POINT('',(91.,0.));
#14874 = VECTOR('',#14875,1.);
#14875 = DIRECTION('',(0.,1.));
#14876 = ( GEOMETRIC_REPRESENTATION_CONTEXT(2) 
PARAMETRIC_REPRESENTATION_CONTEXT() REPRESENTATION_CONTEXT('2D SPACE',''
  ) );
#14877 = PCURVE('',#14680,#14878);
#14878 = DEFINITIONAL_REPRESENTATION('',(#14879),#14883);
#14879 = LINE('',#14880,#14881);
#14880 = CARTESIAN_POINT('',(0.,142.));
#14881 = VECTOR('',#14882,1.);
#14882 = DIRECTION('',(1.,0.));
#14883 = ( GEOMETRIC_REPRESENTATION_CONTEXT(2) 
PARAMETRIC_REPRESENTATION_CONTEXT() REPRESENTATION_CONTEXT('2D SPACE',''
  ) );
#14884 = ORIENTED_EDGE('',*,*,#14748,.F.);
#14885 = ADVANCED_FACE('',(#14886),#14626,.F.);
#14886 = FACE_BOUND('',#14887,.F.);
#14887 = EDGE_LOOP('',(#14888,#14889,#14890,#14891));
#14888 = ORIENTED_EDGE('',*,*,#14610,.F.);
#14889 = ORIENTED_EDGE('',*,*,#14795,.T.);
#14890 = ORIENTED_EDGE('',*,*,#14725,.T.);
#14891 = ORIENTED_EDGE('',*,*,#14842,.F.);
#14892 = ADVANCED_FACE('',(#14893),#14680,.T.);
#14893 = FACE_BOUND('',#14894,.T.);
#14894 = EDGE_LOOP('',(#14895,#14896,#14897,#14898));
#14895 = ORIENTED_EDGE('',*,*,#14666,.F.);
#14896 = ORIENTED_EDGE('',*,*,#14817,.T.);
#14897 = ORIENTED_EDGE('',*,*,#14771,.T.);
#14898 = ORIENTED_EDGE('',*,*,#14864,.F.);
#14899 = ( GEOMETRIC_REPRESENTATION_CONTEXT(3) 
GLOBAL_UNCERTAINTY_ASSIGNED_CONTEXT((#14903)) 
GLOBAL_UNIT_ASSIGNED_CONTEXT((#14900,#14901,#14902)) 
REPRESENTATION_CONTEXT('Context #1',
  '3D Context with UNIT and UNCERTAINTY') );
#14900 = ( LENGTH_UNIT() NAMED_UNIT(*) SI_UNIT(.MILLI.,.METRE.) );
#14901 = ( NAMED_UNIT(*) PLANE_ANGLE_UNIT() SI_UNIT($,.RADIAN.) );
#14902 = ( NAMED_UNIT(*) SI_UNIT($,.STERADIAN.) SOLID_ANGLE_UNIT() );
#14903 = UNCERTAINTY_MEASURE_WITH_UNIT(LENGTH_MEASURE(1.E-07),#14900,
  'distance_accuracy_value','confusion accuracy');
#14904 = PRODUCT_RELATED_PRODUCT_CATEGORY('part',$,(#7));
ENDSEC;
END-ISO-10303-21;
